gstin,legal_name,constitution,state,sector,registration_date,address_id,address,contact_id,is_fraud,fraud_roles,ring_id,cluster_id
24TTSPU5184N1Z3,Nandi Mart,Proprietorship,Gujarat,retailer,2023-11-05,ADDR-00001,"38, Transport Nagar, Ahmedabad",M-XXXXXX9779,0,,,
29ZLXPR7713M1Z8,Deccan Minerals,Proprietorship,Karnataka,raw_material,2018-09-20,ADDR-00002,"280, Commercial Complex, Mysuru",M-XXXXXX1611,0,,,
36FORCY4186S1Z0,Jai Distributors Pvt Ltd,Private Limited,Telangana,wholesaler,2018-11-24,ADDR-00003,"274, Business Park, Hyderabad",M-XXXXXX3971,0,,,
36SHUFO4550D1Z6,Laxmi Industries & Co,Partnership,Telangana,manufacturer,2017-07-20,ADDR-00004,"312, Main Road, Hyderabad",M-XXXXXX5243,0,,,
36FHKCZ8028B1ZN,Nova Mart Pvt Ltd,Private Limited,Telangana,retailer,2019-09-29,ADDR-00005,"139, Business Park, Hyderabad",M-XXXXXX9843,0,,,
33SMSCE9591M1ZH,Unity Enterprises Pvt Ltd,Private Limited,Tamil Nadu,wholesaler,2018-09-24,ADDR-00006,"36, Station Road, Chennai",M-XXXXXX7500,0,,,
33ZGUFG7747H1ZU,Maa Industries LLP,LLP,Tamil Nadu,manufacturer,2021-02-26,ADDR-00007,"183, Trade Centre, Coimbatore",M-XXXXXX7877,1,circular_trading,RING-01,
27DPCFQ6074U1ZD,Sai Manufacturing & Co,Partnership,Maharashtra,manufacturer,2023-02-08,ADDR-00008,"173, Trade Centre, Pune",M-XXXXXX6645,0,,,
07DYKCM4700H1Z5,Deccan Infotech Pvt Ltd,Private Limited,Delhi,services,2022-01-09,ADDR-00009,"236, Trade Centre, New Delhi",M-XXXXXX1205,0,,,
36XODCH5316R1ZP,Laxmi Trading Co Pvt Ltd,Private Limited,Telangana,wholesaler,2020-09-28,ADDR-00010,"146, Station Road, Hyderabad",M-XXXXXX1089,0,,,
07IFYFQ2659G1Z3,Lotus Steel & Co,Partnership,Delhi,raw_material,2020-03-28,ADDR-00011,"184, Station Road, New Delhi",M-XXXXXX9667,0,,,
29IRKPJ8077J1ZT,Vinayak Stores,Proprietorship,Karnataka,retailer,2024-02-07,ADDR-00012,"127, Industrial Estate, Bengaluru",M-XXXXXX7947,0,,,
29ZMNCL1901F1Z6,Vinayak Stores Pvt Ltd,Private Limited,Karnataka,retailer,2019-07-28,ADDR-00013,"399, Station Road, Bengaluru",M-XXXXXX3883,0,,,
27OYCFK9314N1Z7,Zenith Fabricators & Co,Partnership,Maharashtra,manufacturer,2022-10-14,ADDR-00014,"53, Business Park, Nagpur",M-XXXXXX2113,0,,,
07EYTPU4467W1ZL,Shree Textiles,Proprietorship,Delhi,manufacturer,2017-07-18,ADDR-00015,"386, MIDC Phase II, New Delhi",M-XXXXXX6363,0,,,
07CQZPW2452G1Z3,Ganesh Transport,Proprietorship,Delhi,services,2018-05-18,ADDR-00016,"150, GIDC, New Delhi",M-XXXXXX4832,0,,,
33EHPCD4150S1ZL,Om Manufacturing Pvt Ltd,Private Limited,Tamil Nadu,manufacturer,2019-10-16,ADDR-00017,"368, Main Road, Coimbatore",M-XXXXXX2489,0,,,
24GFGFQ5942B1Z1,Shree Enterprises LLP,LLP,Gujarat,wholesaler,2021-06-18,ADDR-00018,"197, Market Yard, Ahmedabad",M-XXXXXX9001,0,,,
36UQQFQ7718N1ZU,Tirupati Metals LLP,LLP,Telangana,raw_material,2024-03-03,ADDR-00019,"128, Station Road, Hyderabad",M-XXXXXX6213,0,,,
29TILCJ1622U1ZR,Harmony Textiles Pvt Ltd,Private Limited,Karnataka,manufacturer,2020-07-30,ADDR-00020,"147, Transport Nagar, Bengaluru",M-XXXXXX4297,0,,,
36AFPPS5891Y1ZN,Prime Emporium,Proprietorship,Telangana,retailer,2018-01-12,ADDR-00021,"115, Market Yard, Hyderabad",M-XXXXXX7613,0,,,
29GSPFB0561E1ZB,Sri Emporium & Co,Partnership,Karnataka,retailer,2024-11-11,ADDR-00022,"372, GIDC, Mysuru",M-XXXXXX1810,0,,,
29MRSCK9726S1ZR,Siddhi Wholesale Pvt Ltd,Private Limited,Karnataka,wholesaler,2024-05-19,ADDR-00023,"47, Ring Road, Mysuru",M-XXXXXX1789,0,,,
33OYYPJ7641J1ZE,Zenith Components,Proprietorship,Tamil Nadu,manufacturer,2022-12-13,ADDR-00024,"52, Ring Road, Chennai",M-XXXXXX2583,0,,,
27LHZCL3403N1Z5,Summit Plastics Pvt Ltd,Private Limited,Maharashtra,manufacturer,2022-07-27,ADDR-00025,"182, Ring Road, Mumbai",M-XXXXXX8427,0,,,
33XWAPG2418U1ZP,Star Manufacturing,Proprietorship,Tamil Nadu,manufacturer,2018-07-04,ADDR-00026,"249, MIDC Phase II, Coimbatore",M-XXXXXX7125,1,fake_invoice_buyer,,SC-06
19ZYDFU8688L1Z3,Sai Retail & Co,Partnership,West Bengal,retailer,2019-04-06,ADDR-00027,"23, Ring Road, Kolkata",M-XXXXXX8207,0,,,
29BBQFA0284S1ZI,Ganga Manufacturing & Co,Partnership,Karnataka,manufacturer,2021-05-11,ADDR-00028,"300, Main Road, Mysuru",M-XXXXXX5583,0,,,
24NSGFQ4911M1ZP,Coastal Supermarket LLP,LLP,Gujarat,retailer,2018-07-27,ADDR-00029,"121, Business Park, Surat",M-XXXXXX6201,0,,,
33FYPPP3902K1Z0,Deccan Enterprises,Proprietorship,Tamil Nadu,wholesaler,2024-09-04,ADDR-00030,"62, Commercial Complex, Chennai",M-XXXXXX8560,0,,,
29NJZPN8758D1ZU,Summit Outlet,Proprietorship,Karnataka,retailer,2023-04-27,ADDR-00031,"173, Transport Nagar, Bengaluru",M-XXXXXX6633,1,itc_spike,,
36OIMFE7307X1ZJ,Shree Engineering & Co,Partnership,Telangana,manufacturer,2023-07-29,ADDR-00032,"23, Industrial Estate, Hyderabad",M-XXXXXX3525,0,,,
07URDFS7396I1Z4,Shree Wholesale LLP,LLP,Delhi,wholesaler,2020-10-26,ADDR-00033,"309, Business Park, New Delhi",M-XXXXXX3798,0,,,
36VKIFC8704M1ZX,Sahyadri Outlet LLP,LLP,Telangana,retailer,2022-04-23,ADDR-00034,"57, Transport Nagar, Hyderabad",M-XXXXXX5033,0,,,
29VWQPO6467T1ZD,Prime Traders,Proprietorship,Karnataka,wholesaler,2017-08-07,ADDR-00035,"108, Market Yard, Bengaluru",M-XXXXXX8564,0,,,
33JIPFM8551A1ZM,Kaveri Outlet LLP,LLP,Tamil Nadu,retailer,2021-03-24,ADDR-00036,"235, MIDC Phase II, Chennai",M-XXXXXX8651,0,,,
29HESCN6798Q1ZE,Orbit Solutions Pvt Ltd,Private Limited,Karnataka,services,2018-07-20,ADDR-00037,"227, Industrial Estate, Mysuru",M-XXXXXX4739,0,,,
19RKZFC9128T1ZY,Bright Infotech & Co,Partnership,West Bengal,services,2023-06-24,ADDR-00038,"260, Transport Nagar, Kolkata",M-XXXXXX9652,0,,,
36QCFFO5829L1Z8,Delta Consultants LLP,LLP,Telangana,services,2019-04-15,ADDR-00039,"165, Industrial Estate, Hyderabad",M-XXXXXX8142,0,,,
27XGCFQ2840Y1ZE,Coastal Mart & Co,Partnership,Maharashtra,retailer,2023-11-23,ADDR-00040,"320, Commercial Complex, Pune",M-XXXXXX1440,0,,,
09KCHFO8816C1ZR,Vertex Solutions LLP,LLP,Uttar Pradesh,services,2024-03-02,ADDR-00041,"284, Main Road, Noida",M-XXXXXX5040,0,,,
33KMXFF4311J1ZB,Siddhi Manufacturing LLP,LLP,Tamil Nadu,manufacturer,2023-10-28,ADDR-00042,"294, Main Road, Coimbatore",M-XXXXXX1542,0,,,
07GOICX9359T1ZZ,Ganesh Services Pvt Ltd,Private Limited,Delhi,services,2021-06-30,ADDR-00043,"139, Sector 18, New Delhi",M-XXXXXX4476,0,,,
33LWMPY9562V1ZM,Vertex Transport,Proprietorship,Tamil Nadu,services,2019-05-08,ADDR-00044,"234, Station Road, Coimbatore",M-XXXXXX6713,0,,,
27CHBPB2509L1ZK,Vinayak Services,Proprietorship,Maharashtra,services,2018-07-13,ADDR-00045,"375, GIDC, Mumbai",M-XXXXXX7652,0,,,
24AHCCK8101N1Z5,Vinayak Retail Pvt Ltd,Private Limited,Gujarat,retailer,2021-02-14,ADDR-00046,"92, Commercial Complex, Ahmedabad",M-XXXXXX2363,0,,,
19GYMPB4487E1Z1,Navkar Trading Co,Proprietorship,West Bengal,wholesaler,2021-01-16,ADDR-00047,"92, Ring Road, Kolkata",M-XXXXXX3976,0,,,
29WMACH8564E1Z3,Crest Plastics Pvt Ltd,Private Limited,Karnataka,manufacturer,2018-02-25,ADDR-00048,"93, Main Road, Mysuru",M-XXXXXX7186,0,,,
09HFNCK6380W1ZO,Sai Infotech Pvt Ltd,Private Limited,Uttar Pradesh,services,2023-07-05,ADDR-00049,"319, MIDC Phase II, Lucknow",M-XXXXXX6406,0,,,
27RSBPE7519G1ZE,Shree Outlet,Proprietorship,Maharashtra,retailer,2024-01-29,ADDR-00050,"51, Station Road, Mumbai",M-XXXXXX2293,0,,,
19HIRCZ8100P1ZP,Navkar Distributors Pvt Ltd,Private Limited,West Bengal,wholesaler,2022-10-31,ADDR-00051,"179, Main Road, Kolkata",M-XXXXXX2188,0,,,
36KYNFY0073N1ZX,Ganga Retail & Co,Partnership,Telangana,retailer,2021-09-08,ADDR-00052,"287, GIDC, Hyderabad",M-XXXXXX2347,0,,,
09IMWFT6863K1Z4,Coastal Logistics LLP,LLP,Uttar Pradesh,services,2018-12-21,ADDR-00053,"365, Market Yard, Lucknow",M-XXXXXX2909,0,,,
36TLACF9938S1ZI,Harmony Transport Pvt Ltd,Private Limited,Telangana,services,2023-05-25,ADDR-00054,"2, Market Yard, Hyderabad",M-XXXXXX4878,0,,,
07JKTPD3136B1Z8,Siddhi Stores,Proprietorship,Delhi,retailer,2017-12-30,ADDR-00055,"79, Commercial Complex, New Delhi",M-XXXXXX4394,0,,,
19BAMPC9266M1ZY,Crest Industries,Proprietorship,West Bengal,manufacturer,2017-12-02,ADDR-00056,"182, Trade Centre, Kolkata",M-XXXXXX2151,0,,,
33FOLCC8876K1Z1,Eastern Services Pvt Ltd,Private Limited,Tamil Nadu,services,2024-07-17,ADDR-00057,"55, GIDC, Chennai",M-XXXXXX3739,0,,,
36UBFPP9412X1Z1,Global Stores,Proprietorship,Telangana,retailer,2020-03-29,ADDR-00058,"45, Station Road, Hyderabad",M-XXXXXX1271,0,,,
29SGIFG2109B1Z0,Crest Industries LLP,LLP,Karnataka,manufacturer,2023-10-16,ADDR-00059,"136, Transport Nagar, Mysuru",M-XXXXXX5777,0,,,
07DEJFO9212W1ZZ,Sai Fabricators LLP,LLP,Delhi,manufacturer,2018-02-27,ADDR-00060,"193, Sector 18, New Delhi",M-XXXXXX9577,0,,,
24MVDFV9635B1ZQ,Harmony Enterprises LLP,LLP,Gujarat,wholesaler,2018-07-20,ADDR-00061,"326, Ring Road, Surat",M-XXXXXX4337,1,circular_trading,RING-04,
33WBKCL7141U1Z3,Apex Solutions Pvt Ltd,Private Limited,Tamil Nadu,services,2022-03-22,ADDR-00062,"397, Trade Centre, Coimbatore",M-XXXXXX3527,0,,,
27CRZFV5094H1Z7,Crest Supermarket LLP,LLP,Maharashtra,retailer,2020-12-28,ADDR-00063,"137, Transport Nagar, Pune",M-XXXXXX2594,0,,,
33NSXPI4164I1ZZ,Unity Enterprises,Proprietorship,Tamil Nadu,wholesaler,2024-02-09,ADDR-00064,"60, Ring Road, Coimbatore",M-XXXXXX6305,0,,,
33GXRCE1827D1ZC,Vinayak Mart Pvt Ltd,Private Limited,Tamil Nadu,retailer,2025-10-05,ADDR-00065,"375, Sector 18, Coimbatore",M-XXXXXX7760,0,,,
09NKLPR5054S1ZQ,Orbit Transport,Proprietorship,Uttar Pradesh,services,2019-05-20,ADDR-00066,"128, Ring Road, Noida",M-XXXXXX9784,0,,,
24YYICV9907Z1ZX,Royal Distributors Pvt Ltd,Private Limited,Gujarat,wholesaler,2022-03-03,ADDR-00067,"98, Commercial Complex, Surat",M-XXXXXX9213,1,circular_trading,RING-03,
09WOEPJ0034U1ZY,Sri Plastics,Proprietorship,Uttar Pradesh,manufacturer,2019-08-13,ADDR-00068,"263, Station Road, Noida",M-XXXXXX3616,0,,,
27QBYPD5722M1ZM,Crest Manufacturing,Proprietorship,Maharashtra,manufacturer,2020-08-15,ADDR-00069,"373, Trade Centre, Nagpur",M-XXXXXX9826,0,,,
24NCCPR7193I1ZW,Surya Enterprises,Proprietorship,Gujarat,wholesaler,2017-07-04,ADDR-00070,"10, GIDC, Surat",M-XXXXXX1285,1,circular_trading,RING-01,
19EMFCX2158X1ZC,Jai Mart Pvt Ltd,Private Limited,West Bengal,retailer,2020-07-29,ADDR-00071,"299, Ring Road, Kolkata",M-XXXXXX8211,1,fake_invoice_buyer,,SC-02
33BWGFV5548B1Z1,Maa Retail & Co,Partnership,Tamil Nadu,retailer,2025-05-17,ADDR-00072,"68, Industrial Estate, Chennai",M-XXXXXX2321,0,,,
07ZDTCC3111B1Z8,Delta Traders Pvt Ltd,Private Limited,Delhi,wholesaler,2022-02-13,ADDR-00073,"84, Main Road, New Delhi",M-XXXXXX7762,0,,,
24RYHFG7057O1Z3,Kaveri Infotech LLP,LLP,Gujarat,services,2020-11-09,ADDR-00074,"247, Market Yard, Ahmedabad",M-XXXXXX5257,0,,,
07EKTFH1513L1ZG,Western Textiles & Co,Partnership,Delhi,manufacturer,2018-04-07,ADDR-00075,"330, Commercial Complex, New Delhi",M-XXXXXX6050,0,,,
19BIFPM5413R1ZN,Sai Manufacturing,Proprietorship,West Bengal,manufacturer,2023-08-20,ADDR-00076,"336, GIDC, Kolkata",M-XXXXXX5271,0,,,
33YPKCF8809S1Z9,Jai Infotech Pvt Ltd,Private Limited,Tamil Nadu,services,2020-03-01,ADDR-00077,"143, Commercial Complex, Coimbatore",M-XXXXXX3382,0,,,
09BIMFY0598Y1Z0,Balaji Supermarket LLP,LLP,Uttar Pradesh,retailer,2021-05-21,ADDR-00078,"18, Market Yard, Noida",M-XXXXXX4610,0,,,
24WAPCP3644L1ZD,Star Emporium Pvt Ltd,Private Limited,Gujarat,retailer,2019-02-06,ADDR-00079,"392, MIDC Phase II, Ahmedabad",M-XXXXXX8185,0,,,
33BJNPC3157Z1ZC,Kaveri Outlet,Proprietorship,Tamil Nadu,retailer,2022-05-14,ADDR-00080,"128, GIDC, Chennai",M-XXXXXX4111,0,,,
36CYXCP9060Y1ZB,Vertex Outlet Pvt Ltd,Private Limited,Telangana,retailer,2022-05-08,ADDR-00081,"378, Sector 18, Hyderabad",M-XXXXXX4531,0,,,
24OBHCR1471M1ZQ,Ganesh Metals Pvt Ltd,Private Limited,Gujarat,raw_material,2024-01-03,ADDR-00082,"395, Commercial Complex, Surat",M-XXXXXX8657,0,,,
27QZSFP9493D1ZN,Ganga Logistics & Co,Partnership,Maharashtra,services,2018-03-30,ADDR-00404,"364, GIDC, Hyderabad",M-XXXXXX6775,0,,,
07QRCPJ7610P1Z2,Sahyadri Transport,Proprietorship,Delhi,services,2025-10-11,ADDR-00084,"276, Transport Nagar, New Delhi",M-XXXXXX2470,0,,,
29PQZFW8634D1ZZ,Aravali Polymers & Co,Partnership,Karnataka,raw_material,2020-06-28,ADDR-00085,"389, Market Yard, Bengaluru",M-XXXXXX1726,0,,,
27DHBCA8917N1ZR,Om Agencies Pvt Ltd,Private Limited,Maharashtra,wholesaler,2019-10-18,ADDR-00086,"304, Sector 18, Nagpur",M-XXXXXX9203,0,,,
07WDSFO8196V1ZU,Nandi Agencies LLP,LLP,Delhi,wholesaler,2019-08-12,ADDR-00087,"80, MIDC Phase II, New Delhi",M-XXXXXX7064,0,,,
36JFKPC0705U1ZW,Global Solutions,Proprietorship,Telangana,services,2021-01-24,ADDR-00088,"345, Commercial Complex, Hyderabad",M-XXXXXX3519,0,,,
29GOBPJ1901F1Z8,Navkar Services,Proprietorship,Karnataka,services,2022-05-29,ADDR-00089,"348, GIDC, Mysuru",M-XXXXXX1365,0,,,
29FKLFQ9833U1Z3,Sri Emporium LLP,LLP,Karnataka,retailer,2018-06-10,ADDR-00090,"45, MIDC Phase II, Bengaluru",M-XXXXXX5246,0,,,
19PMNFN0594H1ZQ,Lotus Industries LLP,LLP,West Bengal,manufacturer,2018-09-29,ADDR-00091,"75, Station Road, Howrah",M-XXXXXX1965,0,,,
07HMSFB8876T1Z4,Royal Outlet LLP,LLP,Delhi,retailer,2017-08-16,ADDR-00092,"188, Business Park, New Delhi",M-XXXXXX9069,0,,,
33NBTPM4525T1ZF,Kaveri Mart,Proprietorship,Tamil Nadu,retailer,2021-12-04,ADDR-00093,"252, Station Road, Chennai",M-XXXXXX4323,0,,,
33STECS8173U1ZV,Navkar Solutions Pvt Ltd,Private Limited,Tamil Nadu,services,2018-12-16,ADDR-00094,"212, Market Yard, Chennai",M-XXXXXX8944,0,,,
29LVHFG3311G1Z5,Sahyadri Polymers & Co,Partnership,Karnataka,raw_material,2023-04-12,ADDR-00095,"326, Market Yard, Bengaluru",M-XXXXXX5033,0,,,
33YJMPQ6086Z1Z2,Sahyadri Trading Co,Proprietorship,Tamil Nadu,wholesaler,2024-02-27,ADDR-00096,"216, Station Road, Chennai",M-XXXXXX1531,0,,,
24QVZPC7217B1Z8,Nova Cotton,Proprietorship,Gujarat,raw_material,2021-02-24,ADDR-00097,"227, Station Road, Ahmedabad",M-XXXXXX5968,0,,,
24EFFCT0697K1ZM,Om Outlet Pvt Ltd,Private Limited,Gujarat,retailer,2024-11-06,ADDR-00098,"246, Trade Centre, Surat",M-XXXXXX2938,0,,,
33IZOFG0494S1Z1,Laxmi Infotech & Co,Partnership,Tamil Nadu,services,2022-07-04,ADDR-00099,"94, GIDC, Chennai",M-XXXXXX3485,0,,,
33SVTCC1337E1Z5,Nandi Agro Pvt Ltd,Private Limited,Tamil Nadu,raw_material,2024-11-05,ADDR-00100,"83, Sector 18, Chennai",M-XXXXXX5669,0,,,
36BGZPS0790K1ZE,Sahyadri Stores,Proprietorship,Telangana,retailer,2022-04-28,ADDR-00101,"161, Market Yard, Hyderabad",M-XXXXXX9309,0,,,
36AYNCK9248Q1Z2,Kaveri Mart Pvt Ltd,Private Limited,Telangana,retailer,2018-05-17,ADDR-00573,"177, Ring Road, Chennai",M-XXXXXX6749,0,,,
29HCQCN7611U1ZY,Navkar Transport Pvt Ltd,Private Limited,Karnataka,services,2021-05-13,ADDR-00103,"343, Sector 18, Bengaluru",M-XXXXXX5872,0,,,
07INRCN5583V1Z2,Star Outlet Pvt Ltd,Private Limited,Delhi,retailer,2020-08-17,ADDR-00104,"48, GIDC, New Delhi",M-XXXXXX3144,0,,,
07KJJFQ6409F1ZD,Maa Emporium & Co,Partnership,Delhi,retailer,2023-07-08,ADDR-00105,"367, MIDC Phase II, New Delhi",M-XXXXXX9856,0,,,
24RYVFY0429S1ZD,Tirupati Services & Co,Partnership,Gujarat,services,2019-01-12,ADDR-00106,"94, Main Road, Ahmedabad",M-XXXXXX3646,0,,,
36NWFCT7822O1Z4,Eastern Enterprises Pvt Ltd,Private Limited,Telangana,wholesaler,2020-02-27,ADDR-00107,"300, Transport Nagar, Hyderabad",M-XXXXXX3318,1,itc_spike,,
19QIFPA8880J1ZF,Bright Emporium,Proprietorship,West Bengal,retailer,2018-04-04,ADDR-00108,"50, Business Park, Kolkata",M-XXXXXX1550,0,,,
29CBACD5875C1ZI,Royal Industries Pvt Ltd,Private Limited,Karnataka,manufacturer,2018-03-01,ADDR-00109,"29, Industrial Estate, Bengaluru",M-XXXXXX9907,0,,,
09DTGCU8639R1Z0,Zenith Agencies Pvt Ltd,Private Limited,Uttar Pradesh,wholesaler,2020-08-09,ADDR-00110,"312, Trade Centre, Lucknow",M-XXXXXX4796,1,circular_trading,RING-05,
19LPECQ9136Q1ZD,Vertex Services Pvt Ltd,Private Limited,West Bengal,services,2021-09-13,ADDR-00111,"222, Trade Centre, Kolkata",M-XXXXXX6596,0,,,
36OATCY4540Q1ZW,Global Components Pvt Ltd,Private Limited,Telangana,manufacturer,2022-12-27,ADDR-00112,"338, Station Road, Hyderabad",M-XXXXXX5174,0,,,
07ZNLPP1421C1ZO,Pioneer Traders,Proprietorship,Delhi,wholesaler,2024-04-23,ADDR-00113,"223, Business Park, New Delhi",M-XXXXXX9712,0,,,
19IKHPT1229Y1ZR,Coastal Manufacturing,Proprietorship,West Bengal,manufacturer,2018-09-25,ADDR-00114,"131, Commercial Complex, Kolkata",M-XXXXXX6773,0,,,
33QSWFK9323N1Z3,Vertex Plastics LLP,LLP,Tamil Nadu,manufacturer,2017-07-24,ADDR-00115,"44, Transport Nagar, Coimbatore",M-XXXXXX4067,0,,,
27OQKPK6783L1ZN,Tirupati Emporium,Proprietorship,Maharashtra,retailer,2019-11-14,ADDR-00116,"224, Market Yard, Mumbai",M-XXXXXX5549,0,,,
19RBACB9580A1Z8,Nova Stores Pvt Ltd,Private Limited,West Bengal,retailer,2025-06-08,ADDR-00117,"262, Sector 18, Kolkata",M-XXXXXX3475,0,,,
07DXFFV6171P1Z3,Bright Transport LLP,LLP,Delhi,services,2025-05-05,ADDR-00118,"135, Transport Nagar, New Delhi",M-XXXXXX7134,0,,,
33QGPFQ7582S1ZA,Sai Minerals & Co,Partnership,Tamil Nadu,raw_material,2020-02-25,ADDR-00409,"61, MIDC Phase II, Ahmedabad",M-XXXXXX6566,0,,,
27PYNFA3959N1ZY,Shree Agencies & Co,Partnership,Maharashtra,wholesaler,2018-10-21,ADDR-00120,"370, Business Park, Pune",M-XXXXXX2811,0,,,
07NDRPT7077E1ZJ,Nova Emporium,Proprietorship,Delhi,retailer,2021-01-19,ADDR-00121,"167, Main Road, New Delhi",M-XXXXXX6146,0,,,
09FYWPR3187G1ZE,Pioneer Textiles,Proprietorship,Uttar Pradesh,manufacturer,2021-11-18,ADDR-00122,"208, Ring Road, Lucknow",M-XXXXXX1881,1,itc_spike,,
36TDHCN3087N1Z6,Tirupati Cotton Pvt Ltd,Private Limited,Telangana,raw_material,2020-01-04,ADDR-00123,"166, Business Park, Hyderabad",M-XXXXXX7789,0,,,
33LDFPL6455G1ZA,Vinayak Enterprises,Proprietorship,Tamil Nadu,wholesaler,2018-08-17,ADDR-00124,"19, Transport Nagar, Chennai",M-XXXXXX3579,0,,,
27NFPPD0657I1ZY,Nova Fabricators,Proprietorship,Maharashtra,manufacturer,2023-02-24,ADDR-00125,"3, Commercial Complex, Nagpur",M-XXXXXX8621,0,,,
36ZTBPJ4955D1Z4,Star Retail,Proprietorship,Telangana,retailer,2023-04-27,ADDR-00126,"108, GIDC, Hyderabad",M-XXXXXX9846,0,,,
33ZGUCN0054A1ZT,Harmony Wholesale Pvt Ltd,Private Limited,Tamil Nadu,wholesaler,2021-01-03,ADDR-00127,"21, Ring Road, Chennai",M-XXXXXX9507,0,,,
36FESPH1043O1Z0,Krishna Plastics,Proprietorship,Telangana,manufacturer,2019-12-06,ADDR-00128,"212, Sector 18, Hyderabad",M-XXXXXX9787,1,fake_invoice_buyer,,SC-07
33FBXPL3705M1Z2,Western Stores,Proprietorship,Tamil Nadu,retailer,2018-03-30,ADDR-00129,"23, Transport Nagar, Coimbatore",M-XXXXXX3392,0,,,
24CNVFN7146J1ZV,Shree Stores LLP,LLP,Gujarat,retailer,2022-10-09,ADDR-00130,"137, Transport Nagar, Ahmedabad",M-XXXXXX2465,0,,,
29IIICI0602F1Z7,Surya Cotton Pvt Ltd,Private Limited,Karnataka,raw_material,2024-03-29,ADDR-00131,"167, Commercial Complex, Bengaluru",M-XXXXXX9820,0,,,
09SUTFI0940Y1ZI,Lotus Retail LLP,LLP,Uttar Pradesh,retailer,2023-09-27,ADDR-00132,"174, MIDC Phase II, Noida",M-XXXXXX7901,0,,,
36WBRCL4293W1ZF,Ganga Stores Pvt Ltd,Private Limited,Telangana,retailer,2023-01-21,ADDR-00133,"111, GIDC, Hyderabad",M-XXXXXX4727,0,,,
33OOKPM8926Z1Z7,Shree Wholesale,Proprietorship,Tamil Nadu,wholesaler,2017-11-12,ADDR-00134,"306, Commercial Complex, Chennai",M-XXXXXX6474,0,,,
33JSGFB3518A1ZX,Om Emporium LLP,LLP,Tamil Nadu,retailer,2019-06-12,ADDR-00135,"46, Commercial Complex, Coimbatore",M-XXXXXX6074,0,,,
19ESCPS9743W1Z6,Laxmi Engineering,Proprietorship,West Bengal,manufacturer,2019-12-18,ADDR-00136,"196, Business Park, Howrah",M-XXXXXX5238,0,,,
09WGMPS6050D1ZL,Zenith Traders,Proprietorship,Uttar Pradesh,wholesaler,2020-11-03,ADDR-00137,"76, Transport Nagar, Noida",M-XXXXXX9084,0,,,
09BMJPO2631F1Z1,Unity Manufacturing,Proprietorship,Uttar Pradesh,manufacturer,2023-12-04,ADDR-00138,"187, Trade Centre, Lucknow",M-XXXXXX8520,0,,,
33JBSPL9659U1ZY,Sahyadri Traders,Proprietorship,Tamil Nadu,wholesaler,2024-08-21,ADDR-00139,"364, Sector 18, Chennai",M-XXXXXX8142,0,,,
07NWBPA0572E1ZT,Orbit Infotech,Proprietorship,Delhi,services,2020-10-17,ADDR-00140,"302, Main Road, New Delhi",M-XXXXXX8581,0,,,
24FZEFS5623P1ZA,Surya Textiles & Co,Partnership,Gujarat,manufacturer,2024-01-23,ADDR-00141,"80, Trade Centre, Ahmedabad",M-XXXXXX3630,0,,,
09NOLPH5686Z1Z0,Delta Stores,Proprietorship,Uttar Pradesh,retailer,2023-12-12,ADDR-00217,"285, Main Road, Mumbai",M-XXXXXX8308,0,,,
07KTCCH2393F1ZC,Sri Mart Pvt Ltd,Private Limited,Delhi,retailer,2024-04-16,ADDR-00143,"381, Industrial Estate, New Delhi",M-XXXXXX1239,0,,,
27QBIFE6057Y1ZS,Surya Industries LLP,LLP,Maharashtra,manufacturer,2022-08-06,ADDR-00144,"148, Transport Nagar, Nagpur",M-XXXXXX6109,0,,,
27UXMCA5894D1ZH,Pioneer Cotton Pvt Ltd,Private Limited,Maharashtra,raw_material,2020-12-21,ADDR-00145,"307, Business Park, Pune",M-XXXXXX3565,0,,,
27SHTPG8301U1ZX,Orbit Manufacturing,Proprietorship,Maharashtra,manufacturer,2020-03-16,ADDR-00217,"285, Main Road, Mumbai",M-XXXXXX8308,0,,,
33CBWFP3783O1Z5,Shree Polymers LLP,LLP,Tamil Nadu,raw_material,2025-06-20,ADDR-00147,"18, Commercial Complex, Chennai",M-XXXXXX7731,0,,,
27GNOFT2835Y1ZY,Eastern Supermarket & Co,Partnership,Maharashtra,retailer,2020-12-15,ADDR-00148,"156, Station Road, Nagpur",M-XXXXXX2831,1,fake_invoice_buyer,,SC-04
29TTVFC1997C1ZB,Om Industries LLP,LLP,Karnataka,manufacturer,2017-12-29,ADDR-00149,"50, MIDC Phase II, Mysuru",M-XXXXXX2781,0,,,
09LRTFJ9410F1ZQ,Unity Trading Co LLP,LLP,Uttar Pradesh,wholesaler,2017-12-07,ADDR-00150,"77, Main Road, Lucknow",M-XXXXXX4713,0,,,
07QYNPA6711H1Z3,Lotus Outlet,Proprietorship,Delhi,retailer,2022-10-27,ADDR-00151,"114, Station Road, New Delhi",M-XXXXXX8185,0,,,
19ASJCN2330U1ZQ,Navkar Retail Pvt Ltd,Private Limited,West Bengal,retailer,2021-11-13,ADDR-00152,"179, Sector 18, Howrah",M-XXXXXX8776,0,,,
29CYPPX9141B1ZS,Bright Agencies,Proprietorship,Karnataka,wholesaler,2023-09-06,ADDR-00153,"320, Station Road, Mysuru",M-XXXXXX6160,0,,,
09BPYFR9057Q1ZT,Orbit Enterprises LLP,LLP,Uttar Pradesh,wholesaler,2025-08-13,ADDR-00154,"286, Trade Centre, Lucknow",M-XXXXXX8605,0,,,
19VJUCQ2941Z1ZQ,Summit Industries Pvt Ltd,Private Limited,West Bengal,manufacturer,2021-07-21,ADDR-00155,"66, Commercial Complex, Kolkata",M-XXXXXX6069,0,,,
09AUNPI5045I1ZB,Delta Agro,Proprietorship,Uttar Pradesh,raw_material,2018-10-15,ADDR-00156,"58, Commercial Complex, Lucknow",M-XXXXXX3968,0,,,
29OSZPA2224W1ZC,Sai Plastics,Proprietorship,Karnataka,manufacturer,2021-03-10,ADDR-00157,"380, Trade Centre, Mysuru",M-XXXXXX3566,0,,,
07ROQPT4835E1Z1,Apex Agro,Proprietorship,Delhi,raw_material,2018-02-03,ADDR-00158,"398, Commercial Complex, New Delhi",M-XXXXXX1142,0,,,
27EFLCC4876X1ZW,Royal Chemicals Pvt Ltd,Private Limited,Maharashtra,raw_material,2021-12-12,ADDR-00159,"346, Commercial Complex, Pune",M-XXXXXX2841,1,itc_spike,,
36ACDPM6827R1ZV,Om Solutions,Proprietorship,Telangana,services,2022-06-06,ADDR-00160,"282, Station Road, Hyderabad",M-XXXXXX5414,0,,,
36JWXFY3259X1ZY,Western Traders LLP,LLP,Telangana,wholesaler,2021-08-15,ADDR-00161,"329, Sector 18, Hyderabad",M-XXXXXX9118,0,,,
29MPFPG8317S1ZS,Delta Wholesale,Proprietorship,Karnataka,wholesaler,2022-08-31,ADDR-00404,"364, GIDC, Hyderabad",M-XXXXXX6775,0,,,
29KTBFL9923K1ZG,Western Emporium LLP,LLP,Karnataka,retailer,2023-10-03,ADDR-00163,"168, Market Yard, Bengaluru",M-XXXXXX8324,0,,,
24MHPFO4234M1Z6,Surya Trading Co LLP,LLP,Gujarat,wholesaler,2021-12-26,ADDR-00164,"295, Transport Nagar, Ahmedabad",M-XXXXXX4503,0,,,
33JGTPR1245E1Z4,Harmony Retail,Proprietorship,Tamil Nadu,retailer,2018-08-19,ADDR-00165,"114, Station Road, Coimbatore",M-XXXXXX7651,0,,,
29KSVFO7045X1ZC,Tirupati Agro LLP,LLP,Karnataka,raw_material,2023-10-17,ADDR-00166,"269, Transport Nagar, Mysuru",M-XXXXXX1222,0,,,
19KONPN9823R1ZF,Ganga Fabricators,Proprietorship,West Bengal,manufacturer,2019-03-04,ADDR-00167,"396, Commercial Complex, Howrah",M-XXXXXX1109,0,,,
24LUEPB5270O1Z9,Lotus Minerals,Proprietorship,Gujarat,raw_material,2017-09-30,ADDR-00168,"221, Trade Centre, Ahmedabad",M-XXXXXX6339,0,,,
36SNVCC0584U1Z9,Summit Components Pvt Ltd,Private Limited,Telangana,manufacturer,2021-03-03,ADDR-00169,"378, Market Yard, Hyderabad",M-XXXXXX1315,0,,,
27BVVFZ2127F1ZK,Crest Manufacturing LLP,LLP,Maharashtra,manufacturer,2018-01-12,ADDR-00170,"178, MIDC Phase II, Pune",M-XXXXXX7077,0,,,
07IFTCR2675P1ZU,Harmony Engineering Pvt Ltd,Private Limited,Delhi,manufacturer,2018-03-07,ADDR-00171,"255, Market Yard, New Delhi",M-XXXXXX4162,1,circular_trading,RING-04,
19ZAMPP0456D1ZY,Vinayak Mart,Proprietorship,West Bengal,retailer,2021-06-11,ADDR-00172,"301, Station Road, Howrah",M-XXXXXX4032,0,,,
24TPGCL1972R1ZJ,Om Transport Pvt Ltd,Private Limited,Gujarat,services,2017-10-16,ADDR-00173,"223, Transport Nagar, Ahmedabad",M-XXXXXX3542,0,,,
29TRJPQ9642N1Z7,Nandi Emporium,Proprietorship,Karnataka,retailer,2019-02-20,ADDR-00174,"185, Market Yard, Mysuru",M-XXXXXX8436,0,,,
29JHLCI8435T1ZQ,Vinayak Outlet Pvt Ltd,Private Limited,Karnataka,retailer,2018-01-20,ADDR-00175,"287, Commercial Complex, Mysuru",M-XXXXXX6606,0,,,
07KQOPH9207Q1ZT,Crest Enterprises,Proprietorship,Delhi,wholesaler,2018-04-08,ADDR-00176,"334, MIDC Phase II, New Delhi",M-XXXXXX8583,0,,,
07OIICM5324A1Z0,Deccan Agencies Pvt Ltd,Private Limited,Delhi,wholesaler,2017-07-03,ADDR-00177,"78, MIDC Phase II, New Delhi",M-XXXXXX3831,1,circular_trading,RING-03,
09OKDFJ4931L1Z4,Nandi Supermarket LLP,LLP,Uttar Pradesh,retailer,2018-02-24,ADDR-00178,"82, Sector 18, Noida",M-XXXXXX6607,1,fake_invoice_buyer,,SC-02
07VGGPW8027U1ZO,Lotus Engineering,Proprietorship,Delhi,manufacturer,2018-05-16,ADDR-00179,"183, Trade Centre, New Delhi",M-XXXXXX2394,1,fake_invoice_buyer,,SC-04
07XOSPW9674T1ZG,Tirupati Supermarket,Proprietorship,Delhi,retailer,2021-04-19,ADDR-00180,"238, Transport Nagar, New Delhi",M-XXXXXX2868,0,,,
29YQWPY1071D1ZL,Sahyadri Components,Proprietorship,Karnataka,manufacturer,2018-06-04,ADDR-00181,"215, Station Road, Bengaluru",M-XXXXXX1189,0,,,
09YOICI8215Z1ZV,Balaji Consultants Pvt Ltd,Private Limited,Uttar Pradesh,services,2024-08-31,ADDR-00182,"237, MIDC Phase II, Lucknow",M-XXXXXX3314,0,,,
09VHTFC7610T1ZH,Laxmi Retail & Co,Partnership,Uttar Pradesh,retailer,2022-09-30,ADDR-00183,"350, Market Yard, Lucknow",M-XXXXXX6521,0,,,
36DFWPZ7068Q1ZP,Pioneer Enterprises,Proprietorship,Telangana,wholesaler,2017-11-12,ADDR-00184,"189, Station Road, Hyderabad",M-XXXXXX6895,0,,,
07LSNCH8779G1ZI,Maa Chemicals Pvt Ltd,Private Limited,Delhi,raw_material,2019-11-05,ADDR-00185,"355, Business Park, New Delhi",M-XXXXXX7857,0,,,
07MUJFB3232D1ZH,Unity Plastics LLP,LLP,Delhi,manufacturer,2017-07-13,ADDR-00186,"241, Main Road, New Delhi",M-XXXXXX4401,0,,,
24QRXFU2284C1ZI,Delta Emporium & Co,Partnership,Gujarat,retailer,2019-01-20,ADDR-00187,"71, Business Park, Surat",M-XXXXXX3831,0,,,
29IJBPL9461D1ZV,Global Industries,Proprietorship,Karnataka,manufacturer,2021-12-01,ADDR-00188,"98, MIDC Phase II, Bengaluru",M-XXXXXX8944,0,,,
09FFCPG6378T1ZE,Eastern Consultants,Proprietorship,Uttar Pradesh,services,2018-02-22,ADDR-00189,"309, Trade Centre, Lucknow",M-XXXXXX3148,0,,,
19CIKFQ2119Y1ZN,Ganesh Consultants LLP,LLP,West Bengal,services,2018-06-14,ADDR-00190,"360, Industrial Estate, Kolkata",M-XXXXXX3384,0,,,
09SPRFA4461E1ZZ,Royal Supermarket LLP,LLP,Uttar Pradesh,retailer,2019-07-30,ADDR-00191,"272, Trade Centre, Noida",M-XXXXXX4381,0,,,
09TYDPL2950R1Z9,Sai Distributors,Proprietorship,Uttar Pradesh,wholesaler,2018-12-04,ADDR-00192,"52, Main Road, Noida",M-XXXXXX7199,0,,,
36KQAFT0718H1Z8,Balaji Enterprises LLP,LLP,Telangana,wholesaler,2018-01-07,ADDR-00193,"26, Trade Centre, Hyderabad",M-XXXXXX8442,0,,,
29ZYDFB7060R1ZT,Ganesh Minerals LLP,LLP,Karnataka,raw_material,2020-12-09,ADDR-00194,"310, GIDC, Bengaluru",M-XXXXXX2083,0,,,
24SAACN6972V1Z1,Deccan Supermarket Pvt Ltd,Private Limited,Gujarat,retailer,2022-07-05,ADDR-00195,"346, Ring Road, Ahmedabad",M-XXXXXX4281,0,,,
36FQTCK2550O1ZS,Navkar Engineering Pvt Ltd,Private Limited,Telangana,manufacturer,2019-04-23,ADDR-00196,"221, Business Park, Hyderabad",M-XXXXXX7298,0,,,
29ESZCU9561W1Z7,Metro Distributors Pvt Ltd,Private Limited,Karnataka,wholesaler,2025-08-02,ADDR-00197,"39, Main Road, Mysuru",M-XXXXXX4164,0,,,
33FHQCI4142C1ZB,Sri Emporium Pvt Ltd,Private Limited,Tamil Nadu,retailer,2023-04-29,ADDR-00198,"392, Ring Road, Coimbatore",M-XXXXXX5192,0,,,
09DCWPO2328P1ZK,Orbit Distributors,Proprietorship,Uttar Pradesh,wholesaler,2024-02-20,ADDR-00199,"367, Station Road, Lucknow",M-XXXXXX3699,0,,,
24CESCH0048I1Z8,Om Mart Pvt Ltd,Private Limited,Gujarat,retailer,2019-07-10,ADDR-00200,"78, Industrial Estate, Surat",M-XXXXXX1040,0,,,
09KNDFI9166M1ZO,Sai Stores & Co,Partnership,Uttar Pradesh,retailer,2022-09-29,ADDR-00201,"328, Market Yard, Lucknow",M-XXXXXX5350,0,,,
09MGMPA9379M1Z8,Orbit Metals,Proprietorship,Uttar Pradesh,raw_material,2022-01-30,ADDR-00202,"291, Transport Nagar, Lucknow",M-XXXXXX5909,0,,,
27YUYCN5764H1ZT,Deccan Stores Pvt Ltd,Private Limited,Maharashtra,retailer,2025-10-12,ADDR-00203,"128, Industrial Estate, Pune",M-XXXXXX2045,0,,,
29CWXPN5209M1ZI,Vinayak Wholesale,Proprietorship,Karnataka,wholesaler,2023-06-03,ADDR-00204,"338, GIDC, Bengaluru",M-XXXXXX4658,0,,,
07ECSCN4687D1ZQ,Pioneer Components Pvt Ltd,Private Limited,Delhi,manufacturer,2022-12-24,ADDR-00205,"328, Commercial Complex, New Delhi",M-XXXXXX2418,1,itc_spike,,
27RWIPE3258P1ZK,Sri Distributors,Proprietorship,Maharashtra,wholesaler,2024-05-29,ADDR-00206,"226, Ring Road, Pune",M-XXXXXX2567,0,,,
36PARCX5429A1ZP,Surya Logistics Pvt Ltd,Private Limited,Telangana,services,2025-10-10,ADDR-00207,"203, Ring Road, Hyderabad",M-XXXXXX4818,0,,,
07SGZCQ0278Y1Z0,Nova Traders Pvt Ltd,Private Limited,Delhi,wholesaler,2020-09-29,ADDR-00208,"351, MIDC Phase II, New Delhi",M-XXXXXX4573,0,,,
27WNSFC7691O1ZZ,Coastal Trading Co & Co,Partnership,Maharashtra,wholesaler,2023-12-27,ADDR-00209,"206, Commercial Complex, Pune",M-XXXXXX3265,0,,,
36IEJCN6088R1ZY,Summit Solutions Pvt Ltd,Private Limited,Telangana,services,2019-07-09,ADDR-00478,"318, Station Road, Noida",M-XXXXXX3830,0,,,
19IGTCE0083C1Z1,Orbit Agro Pvt Ltd,Private Limited,West Bengal,raw_material,2019-12-05,ADDR-00211,"3, Main Road, Kolkata",M-XXXXXX6365,0,,,
27FXAFA0724M1Z8,Star Retail LLP,LLP,Maharashtra,retailer,2025-09-01,ADDR-00212,"313, Trade Centre, Pune",M-XXXXXX9437,0,,,
07MKJPO6488L1ZY,Summit Distributors,Proprietorship,Delhi,wholesaler,2021-03-20,ADDR-00213,"179, Station Road, New Delhi",M-XXXXXX5970,0,,,
36QMHPP9098N1ZI,Prime Retail,Proprietorship,Telangana,retailer,2019-10-04,ADDR-00214,"298, Station Road, Hyderabad",M-XXXXXX2877,0,,,
24OTMCL8664H1ZK,Coastal Agencies Pvt Ltd,Private Limited,Gujarat,wholesaler,2022-01-05,ADDR-00215,"387, Ring Road, Surat",M-XXXXXX1267,0,,,
27VCPFJ7594R1ZB,Jai Outlet & Co,Partnership,Maharashtra,retailer,2021-07-07,ADDR-00216,"208, Main Road, Pune",M-XXXXXX8813,0,,,
27EGHFI8755X1ZK,Aravali Manufacturing & Co,Partnership,Maharashtra,manufacturer,2021-12-27,ADDR-00217,"285, Main Road, Mumbai",M-XXXXXX8308,0,,,
09BUYCM5956L1Z4,Coastal Services Pvt Ltd,Private Limited,Uttar Pradesh,services,2021-08-02,ADDR-00218,"208, Trade Centre, Noida",M-XXXXXX3631,0,,,
27ZDGFH8423P1ZY,Kaveri Stores & Co,Partnership,Maharashtra,retailer,2021-01-24,ADDR-00219,"123, Market Yard, Mumbai",M-XXXXXX7856,1,fake_invoice_buyer,,SC-05
36CMTFU3248B1Z9,Tirupati Distributors LLP,LLP,Telangana,wholesaler,2024-02-23,ADDR-00220,"320, GIDC, Hyderabad",M-XXXXXX4513,0,,,
36ZFLCY7051G1Z0,Laxmi Services Pvt Ltd,Private Limited,Telangana,services,2019-06-15,ADDR-00221,"52, Industrial Estate, Hyderabad",M-XXXXXX5510,0,,,
07IHZPN6227L1Z9,Navkar Transport,Proprietorship,Delhi,services,2022-08-19,ADDR-00222,"141, MIDC Phase II, New Delhi",M-XXXXXX8569,0,,,
09PHBFO8022U1ZR,Coastal Engineering LLP,LLP,Uttar Pradesh,manufacturer,2021-04-26,ADDR-00223,"309, Commercial Complex, Lucknow",M-XXXXXX5251,0,,,
29YFXCI5273W1ZZ,Maa Emporium Pvt Ltd,Private Limited,Karnataka,retailer,2020-05-17,ADDR-00224,"343, Station Road, Bengaluru",M-XXXXXX3675,1,fake_invoice_buyer,,SC-06
19JCOPW3867H1ZG,Sai Retail,Proprietorship,West Bengal,retailer,2020-01-04,ADDR-00225,"134, MIDC Phase II, Kolkata",M-XXXXXX9726,1,fake_invoice_buyer,,SC-07
27TCPPJ3966J1ZG,Kaveri Chemicals,Proprietorship,Maharashtra,raw_material,2018-10-05,ADDR-00226,"195, MIDC Phase II, Nagpur",M-XXXXXX2660,0,,,
24KOZPR5001R1ZU,Tirupati Manufacturing,Proprietorship,Gujarat,manufacturer,2025-09-01,ADDR-00227,"353, MIDC Phase II, Surat",M-XXXXXX3196,0,,,
36VYPFM1655R1ZI,Nova Stores & Co,Partnership,Telangana,retailer,2020-04-25,ADDR-00404,"364, GIDC, Hyderabad",M-XXXXXX6775,0,,,
29ESZFF2479U1ZP,Zenith Mart LLP,LLP,Karnataka,retailer,2020-10-22,ADDR-00229,"264, Transport Nagar, Mysuru",M-XXXXXX9133,0,,,
36NTLCE7643I1ZS,Deccan Manufacturing Pvt Ltd,Private Limited,Telangana,manufacturer,2019-10-14,ADDR-00230,"343, MIDC Phase II, Hyderabad",M-XXXXXX7698,0,,,
36IFRFH6693Y1Z7,Kaveri Chemicals & Co,Partnership,Telangana,raw_material,2017-12-05,ADDR-00231,"333, Transport Nagar, Hyderabad",M-XXXXXX3002,0,,,
09JNRFY1951Y1ZM,Siddhi Emporium & Co,Partnership,Uttar Pradesh,retailer,2018-02-15,ADDR-00232,"373, Business Park, Noida",M-XXXXXX3035,1,itc_spike,,
29AHFFB3512A1ZP,Om Stores & Co,Partnership,Karnataka,retailer,2022-04-06,ADDR-00233,"7, Trade Centre, Bengaluru",M-XXXXXX2182,0,,,
29CHDPR8867K1ZB,Apex Industries,Proprietorship,Karnataka,manufacturer,2017-12-14,ADDR-00234,"156, GIDC, Bengaluru",M-XXXXXX4849,0,,,
33MHHPC4769B1ZD,Metro Infotech,Proprietorship,Tamil Nadu,services,2020-08-16,ADDR-00235,"313, Commercial Complex, Coimbatore",M-XXXXXX6092,0,,,
09HNLFN2938K1ZS,Aravali Services & Co,Partnership,Uttar Pradesh,services,2022-03-18,ADDR-00236,"206, Market Yard, Lucknow",M-XXXXXX1659,0,,,
19HOACG1664D1ZV,Nandi Agencies Pvt Ltd,Private Limited,West Bengal,wholesaler,2025-09-17,ADDR-00237,"379, Transport Nagar, Kolkata",M-XXXXXX3916,0,,,
36SWMFH9205Z1ZF,Maa Transport & Co,Partnership,Telangana,services,2025-07-11,ADDR-00238,"209, Sector 18, Hyderabad",M-XXXXXX5207,0,,,
09DOFPL1787S1ZW,Ganesh Trading Co,Proprietorship,Uttar Pradesh,wholesaler,2022-12-26,ADDR-00239,"16, Commercial Complex, Noida",M-XXXXXX8844,0,,,
36HKNPX5367L1ZX,Deccan Distributors,Proprietorship,Telangana,wholesaler,2023-11-23,ADDR-00240,"221, Commercial Complex, Hyderabad",M-XXXXXX2602,0,,,
27GNSFA6402L1Z8,Siddhi Distributors LLP,LLP,Maharashtra,wholesaler,2018-07-10,ADDR-00241,"213, Station Road, Pune",M-XXXXXX6274,0,,,
29WWHFC4396Y1Z8,Metro Supermarket LLP,LLP,Karnataka,retailer,2019-11-17,ADDR-00242,"297, MIDC Phase II, Bengaluru",M-XXXXXX8801,0,,,
07IICPL4611L1Z3,Om Traders,Proprietorship,Delhi,wholesaler,2018-06-16,ADDR-00243,"396, Trade Centre, New Delhi",M-XXXXXX9386,0,,,
09PLBPP2203F1Z4,Maa Engineering,Proprietorship,Uttar Pradesh,manufacturer,2018-07-12,ADDR-00244,"261, Commercial Complex, Lucknow",M-XXXXXX1785,0,,,
19LSICD1672J1Z1,Harmony Cotton Pvt Ltd,Private Limited,West Bengal,raw_material,2019-04-16,ADDR-00245,"267, MIDC Phase II, Kolkata",M-XXXXXX8619,0,,,
33LOGCO6284Z1Z4,Maa Fabricators Pvt Ltd,Private Limited,Tamil Nadu,manufacturer,2019-06-13,ADDR-00246,"371, Transport Nagar, Chennai",M-XXXXXX1386,0,,,
19NEJPU6258D1ZO,Zenith Consultants,Proprietorship,West Bengal,services,2021-12-11,ADDR-00247,"259, Sector 18, Kolkata",M-XXXXXX4507,0,,,
24GIJPC7491R1ZF,Balaji Engineering,Proprietorship,Gujarat,manufacturer,2021-05-13,ADDR-00248,"264, Market Yard, Ahmedabad",M-XXXXXX4076,0,,,
24FDDFU6276V1ZV,Summit Agencies & Co,Partnership,Gujarat,wholesaler,2024-08-23,ADDR-00249,"65, Business Park, Surat",M-XXXXXX6274,0,,,
29JIHPH7134O1ZH,Orbit Agencies,Proprietorship,Karnataka,wholesaler,2017-12-05,ADDR-00250,"372, Business Park, Bengaluru",M-XXXXXX2506,0,,,
24DQICR5942P1ZR,Zenith Retail Pvt Ltd,Private Limited,Gujarat,retailer,2018-11-16,ADDR-00251,"129, Market Yard, Ahmedabad",M-XXXXXX6319,0,,,
09NITCI2853W1ZD,Bright Consultants Pvt Ltd,Private Limited,Uttar Pradesh,services,2022-01-24,ADDR-00252,"356, Station Road, Lucknow",M-XXXXXX6487,0,,,
19XQTPU6041N1Z5,Siddhi Logistics,Proprietorship,West Bengal,services,2023-06-15,ADDR-00253,"224, Station Road, Kolkata",M-XXXXXX5646,0,,,
27CRUPL0492M1ZY,Eastern Distributors,Proprietorship,Maharashtra,wholesaler,2025-09-10,ADDR-00254,"102, Industrial Estate, Pune",M-XXXXXX1281,0,,,
19KEQPA2709K1Z1,Kaveri Trading Co,Proprietorship,West Bengal,wholesaler,2022-03-20,ADDR-00255,"211, Sector 18, Kolkata",M-XXXXXX3848,0,,,
33ESUFD8634M1ZM,Summit Outlet LLP,LLP,Tamil Nadu,retailer,2022-01-07,ADDR-00256,"261, Ring Road, Coimbatore",M-XXXXXX9088,0,,,
24DCWFR1816F1ZW,Om Supermarket & Co,Partnership,Gujarat,retailer,2024-02-29,ADDR-00257,"396, Transport Nagar, Ahmedabad",M-XXXXXX9370,0,,,
09GCOPO0106I1ZF,Om Agro,Proprietorship,Uttar Pradesh,raw_material,2018-12-29,ADDR-00258,"143, Industrial Estate, Noida",M-XXXXXX5043,0,,,
33GTZPR0473U1Z9,Unity Industries,Proprietorship,Tamil Nadu,manufacturer,2024-01-23,ADDR-00259,"385, Transport Nagar, Chennai",M-XXXXXX4688,0,,,
29LWIPA9168H1ZU,Siddhi Mart,Proprietorship,Karnataka,retailer,2021-01-06,ADDR-00260,"287, Business Park, Mysuru",M-XXXXXX3369,0,,,
27HNVCY6753K1ZA,Deccan Wholesale Pvt Ltd,Private Limited,Maharashtra,wholesaler,2021-10-13,ADDR-00261,"291, Sector 18, Nagpur",M-XXXXXX4912,0,,,
19PSZPA9316U1Z1,Sri Logistics,Proprietorship,West Bengal,services,2017-10-22,ADDR-00262,"342, Sector 18, Howrah",M-XXXXXX3601,0,,,
33KKFCL1595H1ZM,Vertex Supermarket Pvt Ltd,Private Limited,Tamil Nadu,retailer,2017-12-24,ADDR-00263,"236, Transport Nagar, Coimbatore",M-XXXXXX8285,0,,,
27UGGFU8204Q1ZN,Aravali Outlet LLP,LLP,Maharashtra,retailer,2017-08-08,ADDR-00264,"11, Transport Nagar, Pune",M-XXXXXX8914,0,,,
36TJVPF9916Y1Z4,Tirupati Stores,Proprietorship,Telangana,retailer,2018-12-27,ADDR-00265,"129, Industrial Estate, Hyderabad",M-XXXXXX1160,0,,,
19NSICY9748S1ZF,Coastal Enterprises Pvt Ltd,Private Limited,West Bengal,wholesaler,2018-06-10,ADDR-00266,"227, MIDC Phase II, Howrah",M-XXXXXX3108,0,,,
27GTOCY6899T1Z9,Prime Stores Pvt Ltd,Private Limited,Maharashtra,retailer,2022-09-01,ADDR-00267,"251, Ring Road, Pune",M-XXXXXX7391,0,,,
27SFSPX2095U1ZE,Tirupati Fabricators,Proprietorship,Maharashtra,manufacturer,2018-09-21,ADDR-00268,"68, Business Park, Mumbai",M-XXXXXX7511,0,,,
33QBJCO4614T1ZD,Siddhi Stores Pvt Ltd,Private Limited,Tamil Nadu,retailer,2018-05-26,ADDR-00269,"106, Transport Nagar, Coimbatore",M-XXXXXX3229,0,,,
07EMJPQ0772D1ZY,Apex Distributors,Proprietorship,Delhi,wholesaler,2024-04-16,ADDR-00270,"149, Sector 18, New Delhi",M-XXXXXX7805,0,,,
29ODDPG2093U1ZG,Crest Plastics,Proprietorship,Karnataka,manufacturer,2019-03-09,ADDR-00271,"152, Transport Nagar, Bengaluru",M-XXXXXX2680,0,,,
36RXOCC9463M1Z1,Western Plastics Pvt Ltd,Private Limited,Telangana,manufacturer,2019-07-14,ADDR-00272,"126, MIDC Phase II, Hyderabad",M-XXXXXX8900,0,,,
09KQKPJ3296E1ZB,Orbit Traders,Proprietorship,Uttar Pradesh,wholesaler,2019-10-11,ADDR-00273,"282, Station Road, Noida",M-XXXXXX7569,0,,,
27XGQPV4944W1Z5,Apex Components,Proprietorship,Maharashtra,manufacturer,2017-10-18,ADDR-00274,"262, Commercial Complex, Mumbai",M-XXXXXX5826,0,,,
36TCAPH0394A1ZP,Deccan Manufacturing,Proprietorship,Telangana,manufacturer,2023-11-29,ADDR-00275,"340, Market Yard, Hyderabad",M-XXXXXX9964,0,,,
07DITPP7588Z1Z5,Sri Textiles,Proprietorship,Delhi,manufacturer,2023-11-09,ADDR-00276,"75, Commercial Complex, New Delhi",M-XXXXXX7806,0,,,
36AOBFS9682Z1ZW,Western Chemicals & Co,Partnership,Telangana,raw_material,2024-05-08,ADDR-00277,"340, Commercial Complex, Hyderabad",M-XXXXXX7599,0,,,
07EAKCZ6413N1ZL,Vinayak Supermarket Pvt Ltd,Private Limited,Delhi,retailer,2018-03-28,ADDR-00278,"147, GIDC, New Delhi",M-XXXXXX1437,0,,,
27SKACJ7699G1ZZ,Shree Agro Pvt Ltd,Private Limited,Maharashtra,raw_material,2018-08-21,ADDR-00279,"344, Station Road, Nagpur",M-XXXXXX5663,0,,,
07JLWFV1389C1ZT,Nova Retail LLP,LLP,Delhi,retailer,2019-09-28,ADDR-00280,"330, MIDC Phase II, New Delhi",M-XXXXXX7334,0,,,
27WGWFM9702K1ZK,Krishna Stores LLP,LLP,Maharashtra,retailer,2021-03-27,ADDR-00281,"257, Market Yard, Mumbai",M-XXXXXX8951,0,,,
24WXFPS1191W1ZY,Aravali Consultants,Proprietorship,Gujarat,services,2020-03-13,ADDR-00282,"298, Trade Centre, Surat",M-XXXXXX9438,0,,,
33QXXPN1662W1ZS,Balaji Distributors,Proprietorship,Tamil Nadu,wholesaler,2019-08-04,ADDR-00283,"259, GIDC, Chennai",M-XXXXXX7777,0,,,
27DAACM4032O1ZA,Lotus Chemicals Pvt Ltd,Private Limited,Maharashtra,raw_material,2022-08-06,ADDR-00284,"89, Transport Nagar, Nagpur",M-XXXXXX2805,0,,,
36CCZPO4126V1Z9,Summit Fabricators,Proprietorship,Telangana,manufacturer,2023-05-08,ADDR-00285,"348, Commercial Complex, Hyderabad",M-XXXXXX8937,1,circular_trading,RING-02,
36WHACR6101K1ZJ,Sri Infotech Pvt Ltd,Private Limited,Telangana,services,2020-10-25,ADDR-00286,"123, GIDC, Hyderabad",M-XXXXXX1314,0,,,
33SGLFS7843J1ZW,Vertex Enterprises LLP,LLP,Tamil Nadu,wholesaler,2020-11-05,ADDR-00287,"291, Industrial Estate, Coimbatore",M-XXXXXX5244,0,,,
19LLECB3474G1ZO,Vinayak Trading Co Pvt Ltd,Private Limited,West Bengal,wholesaler,2023-09-23,ADDR-00288,"325, MIDC Phase II, Kolkata",M-XXXXXX5507,0,,,
24UBTPI7822B1Z6,Prime Wholesale,Proprietorship,Gujarat,wholesaler,2020-10-19,ADDR-00289,"107, GIDC, Surat",M-XXXXXX6511,0,,,
29FAFCL7325B1ZH,Ganesh Stores Pvt Ltd,Private Limited,Karnataka,retailer,2020-01-24,ADDR-00290,"117, Main Road, Bengaluru",M-XXXXXX6298,0,,,
29QZKFB9935W1Z7,Coastal Enterprises LLP,LLP,Karnataka,wholesaler,2021-01-23,ADDR-00291,"218, Business Park, Bengaluru",M-XXXXXX4735,0,,,
09LYAPU0444C1ZD,Metro Manufacturing,Proprietorship,Uttar Pradesh,manufacturer,2019-06-02,ADDR-00292,"259, Industrial Estate, Noida",M-XXXXXX1151,1,fake_invoice_buyer,,SC-03
29LMVFA7299N1Z5,Tirupati Consultants & Co,Partnership,Karnataka,services,2019-11-09,ADDR-00293,"55, MIDC Phase II, Bengaluru",M-XXXXXX7160,0,,,
24CKSPP4445E1ZW,Coastal Distributors,Proprietorship,Gujarat,wholesaler,2017-11-02,ADDR-00294,"326, GIDC, Ahmedabad",M-XXXXXX7566,0,,,
27RJSPZ4248E1Z2,Bright Enterprises,Proprietorship,Maharashtra,wholesaler,2020-02-23,ADDR-00295,"180, Trade Centre, Nagpur",M-XXXXXX5258,0,,,
09VEACW4462R1ZS,Aravali Mart Pvt Ltd,Private Limited,Uttar Pradesh,retailer,2023-08-10,ADDR-00296,"5, Station Road, Noida",M-XXXXXX2106,0,,,
29YNMFR6605H1ZF,Star Engineering & Co,Partnership,Karnataka,manufacturer,2019-11-10,ADDR-00297,"345, MIDC Phase II, Bengaluru",M-XXXXXX2166,0,,,
29NSGPP7525U1Z7,Ganesh Textiles,Proprietorship,Karnataka,manufacturer,2020-10-07,ADDR-00298,"173, Transport Nagar, Bengaluru",M-XXXXXX3200,0,,,
07VKQFZ3292M1Z2,Aravali Trading Co & Co,Partnership,Delhi,wholesaler,2023-08-20,ADDR-00299,"44, MIDC Phase II, New Delhi",M-XXXXXX7254,0,,,
07DSZCO3851G1ZS,Vertex Retail Pvt Ltd,Private Limited,Delhi,retailer,2024-01-30,ADDR-00404,"364, GIDC, Hyderabad",M-XXXXXX6775,0,,,
19KREPS2586M1ZP,Balaji Retail,Proprietorship,West Bengal,retailer,2021-10-31,ADDR-00301,"41, Commercial Complex, Howrah",M-XXXXXX9908,1,fake_invoice_buyer,,SC-01
33WSZPQ5138J1ZE,Om Mart,Proprietorship,Tamil Nadu,retailer,2019-05-09,ADDR-00302,"62, Station Road, Coimbatore",M-XXXXXX4273,0,,,
07WZQCF9248N1ZN,Laxmi Stores Pvt Ltd,Private Limited,Delhi,retailer,2019-08-08,ADDR-00303,"296, Main Road, New Delhi",M-XXXXXX3140,0,,,
27OQVCB1368X1Z1,Pioneer Fabricators Pvt Ltd,Private Limited,Maharashtra,manufacturer,2025-07-10,ADDR-00304,"13, Main Road, Pune",M-XXXXXX6590,0,,,
19QOECF9214A1ZN,Siddhi Plastics Pvt Ltd,Private Limited,West Bengal,manufacturer,2019-04-23,ADDR-00305,"80, Trade Centre, Kolkata",M-XXXXXX6422,0,,,
07TQECY0646U1Z3,Vertex Trading Co Pvt Ltd,Private Limited,Delhi,wholesaler,2022-01-17,ADDR-00306,"208, Main Road, New Delhi",M-XXXXXX3352,1,circular_trading,RING-05,
27YLPPX3858M1Z9,Apex Mart,Proprietorship,Maharashtra,retailer,2019-08-26,ADDR-00307,"195, Business Park, Nagpur",M-XXXXXX6407,0,,,
07GFJCX7158Y1ZE,Royal Minerals Pvt Ltd,Private Limited,Delhi,raw_material,2023-04-10,ADDR-00160,"282, Station Road, Hyderabad",M-XXXXXX5414,0,,,
29KMOCU1585H1ZR,Om Engineering Pvt Ltd,Private Limited,Karnataka,manufacturer,2022-03-24,ADDR-00309,"322, Market Yard, Mysuru",M-XXXXXX9036,0,,,
29KHGPN3243F1Z3,Sahyadri Agencies,Proprietorship,Karnataka,wholesaler,2024-04-24,ADDR-00310,"249, Industrial Estate, Mysuru",M-XXXXXX4217,0,,,
29YCKPN7947Y1Z9,Delta Mart,Proprietorship,Karnataka,retailer,2020-09-15,ADDR-00311,"144, Industrial Estate, Bengaluru",M-XXXXXX8714,0,,,
19VHRFA8678F1ZR,Aravali Outlet & Co,Partnership,West Bengal,retailer,2022-04-03,ADDR-00312,"344, Market Yard, Howrah",M-XXXXXX6068,0,,,
29TYBCK5665H1ZC,Jai Retail Pvt Ltd,Private Limited,Karnataka,retailer,2017-09-05,ADDR-00313,"72, Main Road, Mysuru",M-XXXXXX8315,0,,,
29JWZCN5020W1ZN,Ganesh Solutions Pvt Ltd,Private Limited,Karnataka,services,2019-09-18,ADDR-00314,"88, Trade Centre, Mysuru",M-XXXXXX5299,0,,,
27BRDPC9462C1ZY,Om Enterprises,Proprietorship,Maharashtra,wholesaler,2024-02-13,ADDR-00315,"357, Station Road, Pune",M-XXXXXX3490,0,,,
33JHTPG1836S1ZF,Nova Services,Proprietorship,Tamil Nadu,services,2022-01-09,ADDR-00573,"177, Ring Road, Chennai",M-XXXXXX6749,0,,,
27AGRPI0183A1ZM,Global Metals,Proprietorship,Maharashtra,raw_material,2020-10-17,ADDR-00317,"221, Commercial Complex, Pune",M-XXXXXX6296,0,,,
27FOZPG6181H1Z6,Sahyadri Retail,Proprietorship,Maharashtra,retailer,2024-09-12,ADDR-00318,"138, Ring Road, Mumbai",M-XXXXXX7779,0,,,
27LGJFP0320D1Z4,Deccan Traders LLP,LLP,Maharashtra,wholesaler,2023-02-17,ADDR-00319,"128, Commercial Complex, Nagpur",M-XXXXXX6194,0,,,
29KIKCT7567E1Z0,Kaveri Industries Pvt Ltd,Private Limited,Karnataka,manufacturer,2025-07-25,ADDR-00320,"8, Sector 18, Mysuru",M-XXXXXX2847,0,,,
36CSVPC4603G1ZP,Aravali Plastics,Proprietorship,Telangana,manufacturer,2022-04-29,ADDR-00321,"167, Market Yard, Hyderabad",M-XXXXXX5949,0,,,
24TIXFW1914M1ZJ,Bright Emporium LLP,LLP,Gujarat,retailer,2018-08-23,ADDR-00322,"148, Trade Centre, Surat",M-XXXXXX1447,0,,,
36ZZEFJ9171E1Z6,Royal Emporium & Co,Partnership,Telangana,retailer,2023-02-14,ADDR-00323,"383, Trade Centre, Hyderabad",M-XXXXXX3723,0,,,
24GVCPT5067S1ZL,Eastern Retail,Proprietorship,Gujarat,retailer,2019-08-01,ADDR-00324,"258, Market Yard, Surat",M-XXXXXX3854,0,,,
19DKOCB0904T1ZC,Tirupati Engineering Pvt Ltd,Private Limited,West Bengal,manufacturer,2019-05-09,ADDR-00325,"255, Ring Road, Kolkata",M-XXXXXX4104,0,,,
29THGPL1432U1Z6,Global Emporium,Proprietorship,Karnataka,retailer,2018-07-31,ADDR-00326,"234, Station Road, Bengaluru",M-XXXXXX3357,0,,,
24TFMFX4756Q1ZE,Zenith Supermarket & Co,Partnership,Gujarat,retailer,2018-01-04,ADDR-00327,"299, MIDC Phase II, Surat",M-XXXXXX6994,0,,,
33YGLCK7080I1Z9,Deccan Outlet Pvt Ltd,Private Limited,Tamil Nadu,retailer,2023-05-19,ADDR-00328,"193, Sector 18, Coimbatore",M-XXXXXX4844,0,,,
07UYECH2076C1Z0,Krishna Mart Pvt Ltd,Private Limited,Delhi,retailer,2023-08-17,ADDR-00329,"323, Ring Road, New Delhi",M-XXXXXX9119,0,,,
07RCBCN6226J1ZU,Global Traders Pvt Ltd,Private Limited,Delhi,wholesaler,2020-07-16,ADDR-00330,"120, Trade Centre, New Delhi",M-XXXXXX4365,0,,,
27HMICA1941B1Z8,Siddhi Outlet Pvt Ltd,Private Limited,Maharashtra,retailer,2023-03-23,ADDR-00331,"76, Ring Road, Pune",M-XXXXXX7545,0,,,
19LVRFI4372C1ZN,Coastal Infotech LLP,LLP,West Bengal,services,2018-08-01,ADDR-00332,"10, Commercial Complex, Howrah",M-XXXXXX1102,0,,,
29JTNFR4000O1ZH,Crest Mart LLP,LLP,Karnataka,retailer,2021-01-05,ADDR-00333,"97, Station Road, Bengaluru",M-XXXXXX4626,0,,,
09IVDCU4195R1ZZ,Jai Polymers Pvt Ltd,Private Limited,Uttar Pradesh,raw_material,2018-04-25,ADDR-00334,"296, Trade Centre, Lucknow",M-XXXXXX1496,0,,,
09AKJPY3082X1ZO,Royal Components,Proprietorship,Uttar Pradesh,manufacturer,2022-05-14,ADDR-00335,"303, Industrial Estate, Lucknow",M-XXXXXX1797,0,,,
24FAOCG8165P1ZM,Jai Engineering Pvt Ltd,Private Limited,Gujarat,manufacturer,2023-11-10,ADDR-00336,"385, Trade Centre, Surat",M-XXXXXX3756,0,,,
07QEMCF4165Q1Z8,Aravali Distributors Pvt Ltd,Private Limited,Delhi,wholesaler,2020-02-19,ADDR-00337,"44, Market Yard, New Delhi",M-XXXXXX9829,0,,,
19NVJFK8374H1Z7,Ganesh Textiles & Co,Partnership,West Bengal,manufacturer,2022-11-22,ADDR-00338,"190, Sector 18, Kolkata",M-XXXXXX8328,0,,,
07RDLFX2903J1ZA,Prime Mart LLP,LLP,Delhi,retailer,2019-08-23,ADDR-00339,"284, Main Road, New Delhi",M-XXXXXX7903,0,,,
33TGQCR8171O1ZO,Orbit Industries Pvt Ltd,Private Limited,Tamil Nadu,manufacturer,2020-03-09,ADDR-00340,"70, GIDC, Chennai",M-XXXXXX9393,0,,,
33JPIFY7774Y1ZJ,Krishna Services LLP,LLP,Tamil Nadu,services,2022-11-03,ADDR-00341,"187, Ring Road, Coimbatore",M-XXXXXX5895,0,,,
19EONPM9540H1Z9,Crest Retail,Proprietorship,West Bengal,retailer,2025-07-15,ADDR-00342,"366, Industrial Estate, Howrah",M-XXXXXX4723,0,,,
24WFDCL0896Z1ZJ,Om Emporium Pvt Ltd,Private Limited,Gujarat,retailer,2025-08-18,ADDR-00343,"261, Business Park, Surat",M-XXXXXX6643,0,,,
27EZKCD0814R1ZP,Coastal Mart Pvt Ltd,Private Limited,Maharashtra,retailer,2022-03-30,ADDR-00344,"96, Business Park, Mumbai",M-XXXXXX7526,0,,,
33ZLHCE9814T1ZJ,Pioneer Mart Pvt Ltd,Private Limited,Tamil Nadu,retailer,2022-02-06,ADDR-00345,"232, Station Road, Coimbatore",M-XXXXXX1731,0,,,
36BFZCS9258J1ZW,Zenith Supermarket Pvt Ltd,Private Limited,Telangana,retailer,2019-08-25,ADDR-00346,"211, MIDC Phase II, Hyderabad",M-XXXXXX2170,0,,,
07VWNPJ8175W1ZK,Ganga Infotech,Proprietorship,Delhi,services,2019-08-15,ADDR-00347,"302, Commercial Complex, New Delhi",M-XXXXXX4330,0,,,
29EDPFX6850I1Z1,Delta Traders LLP,LLP,Karnataka,wholesaler,2021-06-12,ADDR-00348,"300, Industrial Estate, Bengaluru",M-XXXXXX3619,1,circular_trading,RING-04,
24ZZRPQ1415V1ZS,Ganesh Outlet,Proprietorship,Gujarat,retailer,2021-07-05,ADDR-00349,"355, Transport Nagar, Surat",M-XXXXXX3883,0,,,
36XIHPD2581R1Z5,Royal Transport,Proprietorship,Telangana,services,2024-01-06,ADDR-00350,"398, Trade Centre, Hyderabad",M-XXXXXX4714,0,,,
09RNBPA1994Z1ZK,Om Agencies,Proprietorship,Uttar Pradesh,wholesaler,2023-11-20,ADDR-00351,"123, Sector 18, Lucknow",M-XXXXXX4258,0,,,
09GXICT3984R1ZQ,Ganga Outlet Pvt Ltd,Private Limited,Uttar Pradesh,retailer,2021-02-21,ADDR-00352,"22, Ring Road, Noida",M-XXXXXX1720,0,,,
36ROJCS8039W1ZU,Lotus Manufacturing Pvt Ltd,Private Limited,Telangana,manufacturer,2020-03-11,ADDR-00353,"15, Ring Road, Hyderabad",M-XXXXXX7369,1,circular_trading,RING-01,
19CXUFC6656X1ZH,Coastal Emporium & Co,Partnership,West Bengal,retailer,2018-05-10,ADDR-00354,"136, MIDC Phase II, Howrah",M-XXXXXX2533,1,fake_invoice_buyer,,SC-03
19VNUFB6657M1Z4,Star Distributors & Co,Partnership,West Bengal,wholesaler,2022-09-17,ADDR-00355,"25, Commercial Complex, Kolkata",M-XXXXXX7793,0,,,
09GINPN7368H1ZD,Siddhi Emporium,Proprietorship,Uttar Pradesh,retailer,2021-03-01,ADDR-00356,"189, Ring Road, Noida",M-XXXXXX7555,0,,,
19CXSCY8271Y1Z2,Royal Textiles Pvt Ltd,Private Limited,West Bengal,manufacturer,2019-12-16,ADDR-00357,"227, MIDC Phase II, Howrah",M-XXXXXX5160,1,circular_trading,RING-01,
27AHQPS7965I1ZA,Nandi Supermarket,Proprietorship,Maharashtra,retailer,2024-05-31,ADDR-00358,"188, Main Road, Mumbai",M-XXXXXX6130,0,,,
27ASZPH2322M1Z8,Royal Textiles,Proprietorship,Maharashtra,manufacturer,2018-09-21,ADDR-00359,"243, Business Park, Pune",M-XXXXXX2587,0,,,
29ASUPH1184N1ZX,Bright Minerals,Proprietorship,Karnataka,raw_material,2019-11-16,ADDR-00360,"214, Sector 18, Mysuru",M-XXXXXX5764,0,,,
29OCOCN5262O1Z2,Pioneer Services Pvt Ltd,Private Limited,Karnataka,services,2022-02-08,ADDR-00361,"54, Ring Road, Mysuru",M-XXXXXX9649,0,,,
36VSVPQ8201Z1ZN,Nova Polymers,Proprietorship,Telangana,raw_material,2019-09-25,ADDR-00362,"191, Market Yard, Hyderabad",M-XXXXXX5503,0,,,
09MGECB5653U1Z5,Zenith Outlet Pvt Ltd,Private Limited,Uttar Pradesh,retailer,2021-11-21,ADDR-00363,"326, Sector 18, Noida",M-XXXXXX1335,0,,,
24EZMPE3962G1Z9,Maa Wholesale,Proprietorship,Gujarat,wholesaler,2019-10-25,ADDR-00364,"344, Industrial Estate, Ahmedabad",M-XXXXXX1717,0,,,
29VEACR9515G1ZE,Delta Trading Co Pvt Ltd,Private Limited,Karnataka,wholesaler,2024-08-29,ADDR-00365,"302, Commercial Complex, Mysuru",M-XXXXXX4104,0,,,
24OCJPT5980W1ZV,Nandi Wholesale,Proprietorship,Gujarat,wholesaler,2022-07-18,ADDR-00366,"187, Sector 18, Surat",M-XXXXXX9807,0,,,
19ZSXFA1651S1ZS,Om Agencies & Co,Partnership,West Bengal,wholesaler,2023-10-24,ADDR-00367,"343, Commercial Complex, Kolkata",M-XXXXXX7839,0,,,
19DOYFF1430L1Z1,Vinayak Industries & Co,Partnership,West Bengal,manufacturer,2018-04-11,ADDR-00368,"315, MIDC Phase II, Howrah",M-XXXXXX7537,0,,,
36NMKFV3503G1Z6,Global Enterprises & Co,Partnership,Telangana,wholesaler,2017-07-16,ADDR-00369,"328, GIDC, Hyderabad",M-XXXXXX8039,0,,,
29HEYFK8398I1ZL,Deccan Plastics LLP,LLP,Karnataka,manufacturer,2023-06-22,ADDR-00260,"287, Business Park, Mysuru",M-XXXXXX3369,1,circular_trading,RING-03,
27BCWPB1101O1ZI,Zenith Industries,Proprietorship,Maharashtra,manufacturer,2022-09-17,ADDR-00371,"261, Commercial Complex, Pune",M-XXXXXX8998,0,,,
27SJLPB0506J1Z0,Sri Emporium,Proprietorship,Maharashtra,retailer,2018-05-11,ADDR-00372,"243, Market Yard, Mumbai",M-XXXXXX9751,0,,,
24JMGPF9540T1Z6,Sahyadri Solutions,Proprietorship,Gujarat,services,2024-06-03,ADDR-00373,"247, MIDC Phase II, Surat",M-XXXXXX5644,0,,,
27AYNCA1123Q1Z1,Tirupati Supermarket Pvt Ltd,Private Limited,Maharashtra,retailer,2019-04-30,ADDR-00374,"203, Market Yard, Mumbai",M-XXXXXX9729,0,,,
09GPRCQ3773T1Z1,Global Plastics Pvt Ltd,Private Limited,Uttar Pradesh,manufacturer,2018-11-24,ADDR-00375,"39, Business Park, Lucknow",M-XXXXXX6760,1,fake_invoice_buyer,,SC-02
33XIFFO2886Q1ZH,Prime Wholesale LLP,LLP,Tamil Nadu,wholesaler,2025-07-01,ADDR-00376,"276, Industrial Estate, Chennai",M-XXXXXX6056,0,,,
24JZLFA0953V1Z6,Prime Trading Co LLP,LLP,Gujarat,wholesaler,2021-05-22,ADDR-00377,"236, Commercial Complex, Surat",M-XXXXXX9748,0,,,
29CKMCU6194Z1ZX,Lotus Stores Pvt Ltd,Private Limited,Karnataka,retailer,2018-07-03,ADDR-00378,"194, Station Road, Mysuru",M-XXXXXX1397,0,,,
24PXGCH1653S1ZF,Eastern Metals Pvt Ltd,Private Limited,Gujarat,raw_material,2021-02-12,ADDR-00379,"138, Commercial Complex, Surat",M-XXXXXX6681,0,,,
29YMZPV8243C1ZJ,Maa Textiles,Proprietorship,Karnataka,manufacturer,2019-10-20,ADDR-00380,"174, Business Park, Bengaluru",M-XXXXXX9170,0,,,
09ZJQCG3181F1Z4,Sahyadri Metals Pvt Ltd,Private Limited,Uttar Pradesh,raw_material,2021-03-24,ADDR-00381,"103, GIDC, Noida",M-XXXXXX6682,0,,,
27SLJCV1018M1ZY,Sai Distributors Pvt Ltd,Private Limited,Maharashtra,wholesaler,2024-01-15,ADDR-00382,"22, Business Park, Pune",M-XXXXXX7339,0,,,
27USGPT3409V1Z7,Krishna Emporium,Proprietorship,Maharashtra,retailer,2018-11-29,ADDR-00383,"169, Industrial Estate, Nagpur",M-XXXXXX4514,0,,,
19YQTCH4982Y1Z8,Deccan Transport Pvt Ltd,Private Limited,West Bengal,services,2024-10-27,ADDR-00384,"318, Trade Centre, Kolkata",M-XXXXXX8239,0,,,
27XDDCR0505J1ZS,Unity Outlet Pvt Ltd,Private Limited,Maharashtra,retailer,2022-09-28,ADDR-00385,"338, Industrial Estate, Mumbai",M-XXXXXX9567,0,,,
36BGLFL0925M1ZN,Sahyadri Outlet & Co,Partnership,Telangana,retailer,2023-01-09,ADDR-00386,"232, Trade Centre, Hyderabad",M-XXXXXX4627,0,,,
29QZYFK7547R1ZY,Summit Infotech LLP,LLP,Karnataka,services,2019-12-19,ADDR-00387,"165, Trade Centre, Bengaluru",M-XXXXXX8894,0,,,
33QXNPL1989J1ZG,Apex Enterprises,Proprietorship,Tamil Nadu,wholesaler,2023-09-02,ADDR-00388,"226, Commercial Complex, Chennai",M-XXXXXX2225,0,,,
36WGHCV4571W1Z8,Nandi Services Pvt Ltd,Private Limited,Telangana,services,2019-08-07,ADDR-00389,"145, Trade Centre, Hyderabad",M-XXXXXX7050,1,itc_spike,,
33DJPCB7474E1ZV,Shree Services Pvt Ltd,Private Limited,Tamil Nadu,services,2021-07-24,ADDR-00390,"394, Trade Centre, Coimbatore",M-XXXXXX2780,0,,,
27FKAFK7544Y1ZK,Harmony Manufacturing LLP,LLP,Maharashtra,manufacturer,2018-04-28,ADDR-00391,"182, Main Road, Mumbai",M-XXXXXX2170,0,,,
24GKDCM9194P1ZY,Jai Trading Co Pvt Ltd,Private Limited,Gujarat,wholesaler,2023-04-14,ADDR-00392,"9, Trade Centre, Surat",M-XXXXXX2029,0,,,
33FADFG6540R1ZX,Jai Mart LLP,LLP,Tamil Nadu,retailer,2022-02-18,ADDR-00393,"320, Station Road, Coimbatore",M-XXXXXX8670,0,,,
36TISFS2054W1Z2,Nandi Distributors & Co,Partnership,Telangana,wholesaler,2021-04-09,ADDR-00394,"368, Market Yard, Hyderabad",M-XXXXXX2434,1,fake_invoice_buyer,,SC-03
07LMGCK3670M1Z5,Lotus Transport Pvt Ltd,Private Limited,Delhi,services,2018-05-07,ADDR-00395,"362, Station Road, New Delhi",M-XXXXXX3341,0,,,
33EIWCC0642M1ZR,Balaji Polymers Pvt Ltd,Private Limited,Tamil Nadu,raw_material,2022-05-03,ADDR-00396,"133, Sector 18, Coimbatore",M-XXXXXX6222,0,,,
19UADCU1272D1ZY,Shree Retail Pvt Ltd,Private Limited,West Bengal,retailer,2025-10-18,ADDR-00397,"355, Transport Nagar, Howrah",M-XXXXXX7842,0,,,
29AANCG0224Z1ZM,Surya Wholesale Pvt Ltd,Private Limited,Karnataka,wholesaler,2025-10-04,ADDR-00398,"76, Trade Centre, Mysuru",M-XXXXXX3440,0,,,
33RGBCV9005B1Z1,Global Agencies Pvt Ltd,Private Limited,Tamil Nadu,wholesaler,2024-02-04,ADDR-00399,"369, Ring Road, Chennai",M-XXXXXX5661,0,,,
27LMJCC1595L1Z6,Global Trading Co Pvt Ltd,Private Limited,Maharashtra,wholesaler,2021-10-24,ADDR-00400,"265, Market Yard, Nagpur",M-XXXXXX2159,0,,,
33KZAPY3896P1Z4,Metro Mart,Proprietorship,Tamil Nadu,retailer,2020-09-12,ADDR-00401,"177, GIDC, Chennai",M-XXXXXX7817,0,,,
19ZUJPU2824C1ZT,Maa Enterprises,Proprietorship,West Bengal,wholesaler,2020-07-04,ADDR-00402,"123, Station Road, Kolkata",M-XXXXXX9881,1,circular_trading,RING-03,
27KGLCN1119S1Z9,Sri Fabricators Pvt Ltd,Private Limited,Maharashtra,manufacturer,2019-02-18,ADDR-00403,"5, Business Park, Mumbai",M-XXXXXX7436,0,,,
36NPJCF3666P1ZO,Om Chemicals Pvt Ltd,Private Limited,Telangana,raw_material,2018-12-23,ADDR-00404,"364, GIDC, Hyderabad",M-XXXXXX6775,1,itc_spike,,
27ITQCC0002A1Z3,Harmony Outlet Pvt Ltd,Private Limited,Maharashtra,retailer,2022-09-26,ADDR-00405,"238, Market Yard, Nagpur",M-XXXXXX7741,0,,,
29KISFW3188Y1ZL,Laxmi Wholesale LLP,LLP,Karnataka,wholesaler,2021-12-06,ADDR-00406,"315, Trade Centre, Mysuru",M-XXXXXX4817,0,,,
36ILZPX6014P1ZO,Delta Trading Co,Proprietorship,Telangana,wholesaler,2022-03-29,ADDR-00407,"273, Industrial Estate, Hyderabad",M-XXXXXX2234,0,,,
07AHSFI4147O1Z9,Western Agencies LLP,LLP,Delhi,wholesaler,2024-01-08,ADDR-00408,"327, Commercial Complex, New Delhi",M-XXXXXX5105,0,,,
24WWIPC6063V1ZA,Apex Plastics,Proprietorship,Gujarat,manufacturer,2020-09-03,ADDR-00409,"61, MIDC Phase II, Ahmedabad",M-XXXXXX6566,0,,,
33DTBPP6855T1ZQ,Nova Distributors,Proprietorship,Tamil Nadu,wholesaler,2020-08-18,ADDR-00410,"14, Trade Centre, Chennai",M-XXXXXX3475,0,,,
07YCJPC3605U1ZK,Unity Distributors,Proprietorship,Delhi,wholesaler,2019-10-02,ADDR-00411,"25, Station Road, New Delhi",M-XXXXXX1076,0,,,
24PPXPY6638Q1ZZ,Sai Supermarket,Proprietorship,Gujarat,retailer,2024-02-17,ADDR-00412,"387, Industrial Estate, Ahmedabad",M-XXXXXX3391,0,,,
27FJNPS2303P1ZJ,Prime Distributors,Proprietorship,Maharashtra,wholesaler,2021-04-25,ADDR-00413,"158, Industrial Estate, Nagpur",M-XXXXXX5930,0,,,
09QFOCN7911O1ZW,Harmony Stores Pvt Ltd,Private Limited,Uttar Pradesh,retailer,2018-01-19,ADDR-00414,"265, Transport Nagar, Lucknow",M-XXXXXX2289,0,,,
27QHCPI1175K1ZW,Krishna Supermarket,Proprietorship,Maharashtra,retailer,2024-07-09,ADDR-00415,"315, Station Road, Nagpur",M-XXXXXX2511,0,,,
36WSQPC7745Q1Z8,Star Agencies,Proprietorship,Telangana,wholesaler,2025-08-15,ADDR-00416,"294, Industrial Estate, Hyderabad",M-XXXXXX6813,0,,,
07PUCFP2045F1Z2,Kaveri Transport & Co,Partnership,Delhi,services,2024-10-26,ADDR-00417,"56, Commercial Complex, New Delhi",M-XXXXXX3300,0,,,
24FVXCJ0034N1ZV,Surya Enterprises Pvt Ltd,Private Limited,Gujarat,wholesaler,2021-12-04,ADDR-00418,"88, MIDC Phase II, Ahmedabad",M-XXXXXX3989,0,,,
27XISCR9190W1ZL,Kaveri Stores Pvt Ltd,Private Limited,Maharashtra,retailer,2020-02-01,ADDR-00419,"200, GIDC, Pune",M-XXXXXX1234,0,,,
33ECDCV9508P1ZJ,Coastal Outlet Pvt Ltd,Private Limited,Tamil Nadu,retailer,2024-09-15,ADDR-00420,"303, Market Yard, Chennai",M-XXXXXX3002,0,,,
36TGPFO6470T1Z8,Delta Outlet LLP,LLP,Telangana,retailer,2023-06-22,ADDR-00421,"264, Commercial Complex, Hyderabad",M-XXXXXX4927,0,,,
24NXCCI0972K1ZW,Global Outlet Pvt Ltd,Private Limited,Gujarat,retailer,2021-04-04,ADDR-00422,"68, Commercial Complex, Ahmedabad",M-XXXXXX3344,0,,,
19PYJFU7879S1ZU,Bright Cotton & Co,Partnership,West Bengal,raw_material,2024-06-08,ADDR-00423,"203, Transport Nagar, Kolkata",M-XXXXXX3619,0,,,
33HJIPE7543R1ZJ,Jai Outlet,Proprietorship,Tamil Nadu,retailer,2019-08-18,ADDR-00424,"146, Market Yard, Chennai",M-XXXXXX9181,1,fake_invoice_buyer,,SC-01
36WFTPU0769B1ZF,Bright Engineering,Proprietorship,Telangana,manufacturer,2023-07-30,ADDR-00425,"11, Ring Road, Hyderabad",M-XXXXXX8385,1,circular_trading,RING-05,
07GNUCU1887N1ZB,Kaveri Steel Pvt Ltd,Private Limited,Delhi,raw_material,2018-01-10,ADDR-00426,"103, Station Road, New Delhi",M-XXXXXX9161,0,,,
07ONNFB9950K1ZP,Global Infotech & Co,Partnership,Delhi,services,2018-05-18,ADDR-00427,"22, Trade Centre, New Delhi",M-XXXXXX1011,0,,,
07CFNCH5026P1ZP,Lotus Outlet Pvt Ltd,Private Limited,Delhi,retailer,2024-09-27,ADDR-00428,"370, Business Park, New Delhi",M-XXXXXX6353,0,,,
36RAFFK0420Z1ZA,Lotus Outlet LLP,LLP,Telangana,retailer,2022-12-16,ADDR-00429,"89, GIDC, Hyderabad",M-XXXXXX2019,0,,,
19XDYCP3441W1Z7,Shree Industries Pvt Ltd,Private Limited,West Bengal,manufacturer,2020-09-02,ADDR-00430,"153, Trade Centre, Kolkata",M-XXXXXX8709,0,,,
09NGUPK4824Z1ZJ,Kaveri Traders,Proprietorship,Uttar Pradesh,wholesaler,2023-04-13,ADDR-00431,"245, Trade Centre, Noida",M-XXXXXX4584,0,,,
29KMSCO5847X1ZR,Vertex Stores Pvt Ltd,Private Limited,Karnataka,retailer,2023-01-04,ADDR-00432,"73, GIDC, Bengaluru",M-XXXXXX3952,0,,,
27QZOCE3419Y1ZN,Western Textiles Pvt Ltd,Private Limited,Maharashtra,manufacturer,2023-05-24,ADDR-00433,"144, Industrial Estate, Mumbai",M-XXXXXX9585,0,,,
33OWFPH9983U1Z0,Sahyadri Outlet,Proprietorship,Tamil Nadu,retailer,2022-04-26,ADDR-00434,"3, Trade Centre, Coimbatore",M-XXXXXX9598,0,,,
29EPKCI7274C1ZB,Star Agencies Pvt Ltd,Private Limited,Karnataka,wholesaler,2021-02-08,ADDR-00435,"108, Ring Road, Bengaluru",M-XXXXXX8228,0,,,
27JWWPY4111Z1ZO,Pioneer Retail,Proprietorship,Maharashtra,retailer,2024-11-19,ADDR-00436,"323, MIDC Phase II, Nagpur",M-XXXXXX7697,0,,,
24TEQCV3103D1ZW,Crest Components Pvt Ltd,Private Limited,Gujarat,manufacturer,2018-10-24,ADDR-00437,"104, Transport Nagar, Surat",M-XXXXXX2472,0,,,
27ORJCN4265B1Z6,Deccan Enterprises Pvt Ltd,Private Limited,Maharashtra,wholesaler,2020-06-22,ADDR-00438,"130, Trade Centre, Pune",M-XXXXXX2466,1,circular_trading,RING-04,
09KPOCB0813Q1Z2,Pioneer Trading Co Pvt Ltd,Private Limited,Uttar Pradesh,wholesaler,2021-06-25,ADDR-00439,"350, Main Road, Lucknow",M-XXXXXX9980,0,,,
19ENUCD5671T1ZF,Sai Mart Pvt Ltd,Private Limited,West Bengal,retailer,2019-07-13,ADDR-00440,"86, Business Park, Kolkata",M-XXXXXX2783,0,,,
29MJWFY5124S1ZZ,Vertex Wholesale & Co,Partnership,Karnataka,wholesaler,2024-07-22,ADDR-00441,"212, Main Road, Bengaluru",M-XXXXXX8406,0,,,
07NPBFI4398S1ZB,Siddhi Stores LLP,LLP,Delhi,retailer,2021-04-18,ADDR-00442,"143, Main Road, New Delhi",M-XXXXXX7022,0,,,
33PXIFA8287G1ZK,Metro Minerals LLP,LLP,Tamil Nadu,raw_material,2022-02-23,ADDR-00443,"143, Trade Centre, Coimbatore",M-XXXXXX8739,0,,,
09DIOFW1132G1ZJ,Sri Plastics LLP,LLP,Uttar Pradesh,manufacturer,2018-10-22,ADDR-00444,"139, Station Road, Lucknow",M-XXXXXX9453,0,,,
29INUPL0087U1ZH,Sri Consultants,Proprietorship,Karnataka,services,2020-11-14,ADDR-00445,"351, GIDC, Bengaluru",M-XXXXXX5293,1,itc_spike,,
36IFBFS0439Y1ZW,Delta Wholesale LLP,LLP,Telangana,wholesaler,2023-12-04,ADDR-00446,"10, Business Park, Hyderabad",M-XXXXXX7005,0,,,
24FQZPM0169D1ZI,Eastern Engineering,Proprietorship,Gujarat,manufacturer,2020-03-02,ADDR-00447,"156, GIDC, Surat",M-XXXXXX9114,0,,,
07OYSCO1483V1ZH,Unity Distributors Pvt Ltd,Private Limited,Delhi,wholesaler,2018-02-06,ADDR-00448,"15, Main Road, New Delhi",M-XXXXXX2418,0,,,
36LXXCY4208W1ZB,Eastern Stores Pvt Ltd,Private Limited,Telangana,retailer,2024-07-24,ADDR-00449,"68, Sector 18, Hyderabad",M-XXXXXX8050,0,,,
19DGUPK5714A1Z8,Krishna Traders,Proprietorship,West Bengal,wholesaler,2022-02-25,ADDR-00450,"83, Industrial Estate, Howrah",M-XXXXXX5739,1,circular_trading,RING-01,
29TNFPO8009T1ZI,Pioneer Agencies,Proprietorship,Karnataka,wholesaler,2023-03-09,ADDR-00451,"102, Market Yard, Bengaluru",M-XXXXXX3891,0,,,
27CDCCN1126M1Z9,Navkar Supermarket Pvt Ltd,Private Limited,Maharashtra,retailer,2018-05-07,ADDR-00452,"283, Business Park, Nagpur",M-XXXXXX2883,0,,,
09ZCMCJ0249K1ZE,Orbit Supermarket Pvt Ltd,Private Limited,Uttar Pradesh,retailer,2022-10-14,ADDR-00453,"4, Business Park, Lucknow",M-XXXXXX4906,0,,,
09KCPPT9255T1ZR,Apex Wholesale,Proprietorship,Uttar Pradesh,wholesaler,2021-06-18,ADDR-00454,"255, Trade Centre, Noida",M-XXXXXX3409,0,,,
33HPICE9833V1ZL,Sahyadri Solutions Pvt Ltd,Private Limited,Tamil Nadu,services,2017-07-10,ADDR-00455,"72, GIDC, Chennai",M-XXXXXX8030,0,,,
33BUKPG8041D1ZX,Shree Consultants,Proprietorship,Tamil Nadu,services,2024-04-09,ADDR-00456,"307, Commercial Complex, Chennai",M-XXXXXX3642,0,,,
24JLZPN6739R1ZI,Nova Wholesale,Proprietorship,Gujarat,wholesaler,2017-09-03,ADDR-00457,"293, Transport Nagar, Surat",M-XXXXXX2693,0,,,
27AXBFO3049E1Z7,Surya Mart LLP,LLP,Maharashtra,retailer,2020-12-12,ADDR-00458,"364, Commercial Complex, Nagpur",M-XXXXXX6597,0,,,
29PNICV1122M1ZX,Kaveri Manufacturing Pvt Ltd,Private Limited,Karnataka,manufacturer,2020-05-22,ADDR-00459,"134, Ring Road, Bengaluru",M-XXXXXX9652,1,circular_trading,RING-04,
33QRWPX0253Q1ZE,Nova Manufacturing,Proprietorship,Tamil Nadu,manufacturer,2025-08-23,ADDR-00460,"120, Main Road, Coimbatore",M-XXXXXX2990,0,,,
09DYPFB2300Y1ZA,Lotus Services LLP,LLP,Uttar Pradesh,services,2025-07-16,ADDR-00461,"390, MIDC Phase II, Noida",M-XXXXXX6850,0,,,
19PZTPQ3403Q1Z1,Prime Outlet,Proprietorship,West Bengal,retailer,2023-05-05,ADDR-00462,"151, Industrial Estate, Howrah",M-XXXXXX2311,0,,,
07RUDPB3378L1Z1,Royal Logistics,Proprietorship,Delhi,services,2020-09-13,ADDR-00463,"359, Industrial Estate, New Delhi",M-XXXXXX9869,0,,,
29LCRFD9430E1ZP,Harmony Engineering & Co,Partnership,Karnataka,manufacturer,2022-11-12,ADDR-00464,"128, Trade Centre, Mysuru",M-XXXXXX7676,0,,,
09OMJCC0790I1ZC,Prime Supermarket Pvt Ltd,Private Limited,Uttar Pradesh,retailer,2022-08-29,ADDR-00465,"314, GIDC, Noida",M-XXXXXX5976,0,,,
36FFTPF7971D1ZX,Aravali Emporium,Proprietorship,Telangana,retailer,2019-02-21,ADDR-00466,"390, Industrial Estate, Hyderabad",M-XXXXXX5290,0,,,
24GEUPY6434B1ZZ,Vinayak Trading Co,Proprietorship,Gujarat,wholesaler,2020-03-20,ADDR-00467,"205, Transport Nagar, Surat",M-XXXXXX9926,0,,,
09KJBPA0454Y1ZG,Ganesh Solutions,Proprietorship,Uttar Pradesh,services,2025-09-21,ADDR-00468,"269, Main Road, Noida",M-XXXXXX4366,0,,,
27UNFPE6453I1ZD,Zenith Stores,Proprietorship,Maharashtra,retailer,2021-05-27,ADDR-00469,"257, Industrial Estate, Nagpur",M-XXXXXX4846,1,fake_invoice_buyer,,SC-05
33WGBFO3789K1ZZ,Crest Traders & Co,Partnership,Tamil Nadu,wholesaler,2020-11-15,ADDR-00470,"170, Market Yard, Chennai",M-XXXXXX6105,0,,,
27GCAPL5574P1ZU,Star Wholesale,Proprietorship,Maharashtra,wholesaler,2023-08-01,ADDR-00471,"295, Industrial Estate, Pune",M-XXXXXX4962,0,,,
36PDNFA2345V1Z4,Siddhi Plastics & Co,Partnership,Telangana,manufacturer,2024-04-24,ADDR-00472,"170, Industrial Estate, Hyderabad",M-XXXXXX9180,0,,,
27CRYPI6844F1Z4,Ganga Agencies,Proprietorship,Maharashtra,wholesaler,2020-10-03,ADDR-00473,"99, MIDC Phase II, Mumbai",M-XXXXXX8104,0,,,
36OZGPJ7058E1ZW,Star Fabricators,Proprietorship,Telangana,manufacturer,2024-08-18,ADDR-00474,"366, Sector 18, Hyderabad",M-XXXXXX7130,0,,,
09TRNPU6329Z1ZJ,Sri Components,Proprietorship,Uttar Pradesh,manufacturer,2023-06-11,ADDR-00475,"193, MIDC Phase II, Lucknow",M-XXXXXX3005,0,,,
33ILGPO9629U1ZT,Aravali Stores,Proprietorship,Tamil Nadu,retailer,2022-09-25,ADDR-00476,"248, Transport Nagar, Coimbatore",M-XXXXXX9385,1,itc_spike,,
24IIYCW4270L1ZU,Jai Stores Pvt Ltd,Private Limited,Gujarat,retailer,2019-12-29,ADDR-00477,"287, Commercial Complex, Ahmedabad",M-XXXXXX7671,0,,,
09FHGPT8077P1Z1,Orbit Stores,Proprietorship,Uttar Pradesh,retailer,2017-10-18,ADDR-00478,"318, Station Road, Noida",M-XXXXXX3830,0,,,
09VCLCO9106B1ZR,Bright Engineering Pvt Ltd,Private Limited,Uttar Pradesh,manufacturer,2022-08-18,ADDR-00479,"18, GIDC, Lucknow",M-XXXXXX3351,0,,,
09NLXCL1619J1ZW,Royal Trading Co Pvt Ltd,Private Limited,Uttar Pradesh,wholesaler,2019-06-20,ADDR-00480,"189, Main Road, Lucknow",M-XXXXXX1707,1,fake_invoice_buyer,,SC-05
24YVAFN1399D1ZO,Sri Supermarket LLP,LLP,Gujarat,retailer,2022-05-25,ADDR-00481,"75, Commercial Complex, Ahmedabad",M-XXXXXX6568,0,,,
19OCVPC1217L1ZZ,Ganesh Logistics,Proprietorship,West Bengal,services,2022-06-26,ADDR-00482,"341, Station Road, Kolkata",M-XXXXXX9479,0,,,
27QZECS3062N1Z6,Coastal Emporium Pvt Ltd,Private Limited,Maharashtra,retailer,2023-03-20,ADDR-00483,"18, Market Yard, Mumbai",M-XXXXXX1780,0,,,
33JJLCG4139S1Z7,Laxmi Mart Pvt Ltd,Private Limited,Tamil Nadu,retailer,2024-01-20,ADDR-00484,"335, Station Road, Coimbatore",M-XXXXXX7100,0,,,
24GURCX8859K1ZX,Crest Polymers Pvt Ltd,Private Limited,Gujarat,raw_material,2025-08-16,ADDR-00485,"210, Ring Road, Ahmedabad",M-XXXXXX1126,0,,,
19OVYFG0385B1ZK,Sri Fabricators LLP,LLP,West Bengal,manufacturer,2023-10-02,ADDR-00486,"191, Sector 18, Howrah",M-XXXXXX2669,1,circular_trading,RING-02,
24FVKFV1539O1ZC,Global Logistics & Co,Partnership,Gujarat,services,2017-09-09,ADDR-00487,"281, Commercial Complex, Ahmedabad",M-XXXXXX5908,1,itc_spike,,
07YCKCL2747K1ZC,Crest Supermarket Pvt Ltd,Private Limited,Delhi,retailer,2022-02-14,ADDR-00488,"232, Trade Centre, New Delhi",M-XXXXXX3492,0,,,
36FVOPE0458W1ZJ,Sahyadri Enterprises,Proprietorship,Telangana,wholesaler,2025-09-02,ADDR-00489,"197, GIDC, Hyderabad",M-XXXXXX1751,0,,,
07APAFP3387O1ZV,Crest Traders LLP,LLP,Delhi,wholesaler,2023-01-23,ADDR-00490,"281, Station Road, New Delhi",M-XXXXXX9422,0,,,
19NZFCJ4790M1Z3,Metro Industries Pvt Ltd,Private Limited,West Bengal,manufacturer,2019-06-09,ADDR-00491,"12, Business Park, Howrah",M-XXXXXX2783,0,,,
36EOMFG1137B1ZW,Jai Agro & Co,Partnership,Telangana,raw_material,2018-06-05,ADDR-00492,"356, GIDC, Hyderabad",M-XXXXXX2907,0,,,
36SFSCM0729V1ZM,Krishna Trading Co Pvt Ltd,Private Limited,Telangana,wholesaler,2018-12-20,ADDR-00493,"181, Ring Road, Hyderabad",M-XXXXXX1327,0,,,
29JJYCP9781Y1ZG,Harmony Industries Pvt Ltd,Private Limited,Karnataka,manufacturer,2021-10-20,ADDR-00494,"159, Commercial Complex, Bengaluru",M-XXXXXX7527,0,,,
24OCBFL7331H1Z2,Surya Consultants & Co,Partnership,Gujarat,services,2023-06-21,ADDR-00495,"27, Business Park, Ahmedabad",M-XXXXXX3726,0,,,
07RONCX2639G1ZP,Orbit Textiles Pvt Ltd,Private Limited,Delhi,manufacturer,2021-12-06,ADDR-00496,"205, Market Yard, New Delhi",M-XXXXXX5684,0,,,
07XFEPK8976G1ZD,Pioneer Manufacturing,Proprietorship,Delhi,manufacturer,2023-04-28,ADDR-00497,"275, Transport Nagar, New Delhi",M-XXXXXX9784,0,,,
07NKCFY9364M1ZG,Apex Enterprises & Co,Partnership,Delhi,wholesaler,2024-01-29,ADDR-00498,"204, Market Yard, New Delhi",M-XXXXXX1305,0,,,
19ADZCW2759H1Z6,Lotus Enterprises Pvt Ltd,Private Limited,West Bengal,wholesaler,2020-11-16,ADDR-00499,"376, Market Yard, Kolkata",M-XXXXXX3937,0,,,
36WEOCD4789I1Z3,Harmony Infotech Pvt Ltd,Private Limited,Telangana,services,2021-12-26,ADDR-00500,"32, Industrial Estate, Hyderabad",M-XXXXXX7557,0,,,
29YHPPX8019Y1ZV,Tirupati Engineering,Proprietorship,Karnataka,manufacturer,2018-08-09,ADDR-00501,"217, Market Yard, Bengaluru",M-XXXXXX6515,0,,,
33ABNCK1187P1ZV,Vertex Wholesale Pvt Ltd,Private Limited,Tamil Nadu,wholesaler,2018-09-26,ADDR-00502,"30, Business Park, Coimbatore",M-XXXXXX4521,0,,,
07PYZFF6783W1ZX,Deccan Polymers LLP,LLP,Delhi,raw_material,2024-05-09,ADDR-00503,"266, Transport Nagar, New Delhi",M-XXXXXX9679,0,,,
33KCNCP1611K1Z3,Kaveri Outlet Pvt Ltd,Private Limited,Tamil Nadu,retailer,2021-05-09,ADDR-00504,"26, Main Road, Chennai",M-XXXXXX4936,0,,,
36ACIPZ7139F1Z3,Pioneer Metals,Proprietorship,Telangana,raw_material,2020-07-25,ADDR-00505,"19, Trade Centre, Hyderabad",M-XXXXXX9440,0,,,
33NOJCX0873T1ZB,Aravali Transport Pvt Ltd,Private Limited,Tamil Nadu,services,2019-11-01,ADDR-00506,"124, GIDC, Chennai",M-XXXXXX2842,0,,,
27CQYFC7512H1Z2,Vertex Fabricators & Co,Partnership,Maharashtra,manufacturer,2021-09-11,ADDR-00507,"190, Trade Centre, Nagpur",M-XXXXXX2725,0,,,
29DEAFA0794W1ZB,Global Supermarket & Co,Partnership,Karnataka,retailer,2019-01-19,ADDR-00508,"122, Main Road, Mysuru",M-XXXXXX7686,0,,,
36JJOFX9813T1Z2,Eastern Solutions LLP,LLP,Telangana,services,2018-10-07,ADDR-00509,"199, Business Park, Hyderabad",M-XXXXXX4858,0,,,
29KRMFD5218I1ZX,Pioneer Mart & Co,Partnership,Karnataka,retailer,2018-12-02,ADDR-00510,"170, Commercial Complex, Mysuru",M-XXXXXX4496,0,,,
33ROSFT8987L1ZP,Balaji Supermarket & Co,Partnership,Tamil Nadu,retailer,2020-10-21,ADDR-00511,"25, Industrial Estate, Chennai",M-XXXXXX5860,0,,,
29HHCPH8699W1ZN,Balaji Solutions,Proprietorship,Karnataka,services,2018-07-16,ADDR-00512,"144, Main Road, Mysuru",M-XXXXXX6721,0,,,
09PEAFF0484Q1ZD,Nova Wholesale & Co,Partnership,Uttar Pradesh,wholesaler,2021-08-22,ADDR-00513,"226, GIDC, Noida",M-XXXXXX6209,0,,,
27DLQPR2137Z1ZN,Harmony Emporium,Proprietorship,Maharashtra,retailer,2019-11-16,ADDR-00514,"345, Station Road, Nagpur",M-XXXXXX1198,0,,,
27RJVPF6550K1Z5,Sai Services,Proprietorship,Maharashtra,services,2017-10-01,ADDR-00515,"190, Main Road, Nagpur",M-XXXXXX5984,0,,,
36BHUCV1081O1Z3,Delta Cotton Pvt Ltd,Private Limited,Telangana,raw_material,2021-04-13,ADDR-00160,"282, Station Road, Hyderabad",M-XXXXXX5414,0,,,
27PQNFA1190O1ZP,Nandi Stores LLP,LLP,Maharashtra,retailer,2024-02-18,ADDR-00517,"2, Sector 18, Pune",M-XXXXXX9074,0,,,
07HHNFU5295K1ZS,Shree Engineering LLP,LLP,Delhi,manufacturer,2019-04-10,ADDR-00518,"206, Sector 18, New Delhi",M-XXXXXX3971,0,,,
24GSYCT7256L1Z7,Sai Agencies Pvt Ltd,Private Limited,Gujarat,wholesaler,2020-07-26,ADDR-00519,"333, Industrial Estate, Ahmedabad",M-XXXXXX8386,0,,,
27ZVICN5879O1ZJ,Metro Textiles Pvt Ltd,Private Limited,Maharashtra,manufacturer,2021-09-21,ADDR-00520,"115, Trade Centre, Mumbai",M-XXXXXX9736,0,,,
36HLGCY8125K1Z0,Sahyadri Fabricators Pvt Ltd,Private Limited,Telangana,manufacturer,2022-12-11,ADDR-00521,"364, Sector 18, Hyderabad",M-XXXXXX9070,1,circular_trading,RING-05,
07AQGFH6014P1Z7,Jai Solutions LLP,LLP,Delhi,services,2020-06-15,ADDR-00522,"82, Transport Nagar, New Delhi",M-XXXXXX7115,0,,,
33WJLPF0379R1Z4,Zenith Enterprises,Proprietorship,Tamil Nadu,wholesaler,2017-09-01,ADDR-00523,"233, Industrial Estate, Coimbatore",M-XXXXXX4464,1,fake_invoice_buyer,,SC-07
19GEEFS7680Q1ZS,Apex Supermarket & Co,Partnership,West Bengal,retailer,2019-02-21,ADDR-00524,"104, Sector 18, Howrah",M-XXXXXX2461,1,fake_invoice_buyer,,SC-04
19XGKCV8253N1ZF,Nandi Industries Pvt Ltd,Private Limited,West Bengal,manufacturer,2023-07-24,ADDR-00525,"341, Trade Centre, Kolkata",M-XXXXXX6585,0,,,
33IZJFQ6124L1ZF,Shree Trading Co LLP,LLP,Tamil Nadu,wholesaler,2025-05-06,ADDR-00526,"77, Trade Centre, Chennai",M-XXXXXX2847,0,,,
09JHYPZ3980M1ZL,Zenith Fabricators,Proprietorship,Uttar Pradesh,manufacturer,2021-02-15,ADDR-00527,"170, Trade Centre, Lucknow",M-XXXXXX3452,0,,,
27RVUCR6113P1ZW,Prime Infotech Pvt Ltd,Private Limited,Maharashtra,services,2020-12-26,ADDR-00528,"15, Station Road, Nagpur",M-XXXXXX3056,0,,,
36RACPU5421M1ZX,Nandi Metals,Proprietorship,Telangana,raw_material,2021-09-17,ADDR-00529,"131, Market Yard, Hyderabad",M-XXXXXX1102,0,,,
29JPSCM1370S1ZC,Kaveri Traders Pvt Ltd,Private Limited,Karnataka,wholesaler,2021-09-03,ADDR-00530,"241, Industrial Estate, Bengaluru",M-XXXXXX2575,0,,,
36YWZFR3119J1ZP,Jai Mart & Co,Partnership,Telangana,retailer,2022-11-17,ADDR-00531,"270, Transport Nagar, Hyderabad",M-XXXXXX4969,0,,,
27RETPS8574S1ZD,Unity Wholesale,Proprietorship,Maharashtra,wholesaler,2023-04-20,ADDR-00532,"4, Ring Road, Pune",M-XXXXXX6939,0,,,
24KFFCX5018H1ZU,Navkar Emporium Pvt Ltd,Private Limited,Gujarat,retailer,2018-12-31,ADDR-00533,"197, MIDC Phase II, Ahmedabad",M-XXXXXX2435,0,,,
33BENPL1738A1ZU,Ganesh Polymers,Proprietorship,Tamil Nadu,raw_material,2024-08-27,ADDR-00534,"301, Industrial Estate, Chennai",M-XXXXXX7081,0,,,
09WEICO7553P1ZP,Sahyadri Retail Pvt Ltd,Private Limited,Uttar Pradesh,retailer,2023-11-14,ADDR-00535,"321, Sector 18, Lucknow",M-XXXXXX3104,0,,,
24GXYPW9839I1Z0,Pioneer Industries,Proprietorship,Gujarat,manufacturer,2023-04-12,ADDR-00260,"287, Business Park, Mysuru",M-XXXXXX3369,0,,,
36ZWPPW0759N1ZS,Balaji Infotech,Proprietorship,Telangana,services,2023-02-09,ADDR-00537,"256, Station Road, Hyderabad",M-XXXXXX7639,0,,,
07SAEFK1318P1ZO,Tirupati Wholesale & Co,Partnership,Delhi,wholesaler,2022-04-15,ADDR-00538,"375, Market Yard, New Delhi",M-XXXXXX6153,0,,,
33HWAPY9232O1ZP,Krishna Wholesale,Proprietorship,Tamil Nadu,wholesaler,2018-07-01,ADDR-00539,"219, Main Road, Chennai",M-XXXXXX2657,0,,,
24ABUPK0839W1ZL,Om Wholesale,Proprietorship,Gujarat,wholesaler,2023-02-22,ADDR-00540,"67, Sector 18, Surat",M-XXXXXX3561,0,,,
09HUCPS7722F1Z8,Sri Trading Co,Proprietorship,Uttar Pradesh,wholesaler,2017-11-07,ADDR-00541,"310, Transport Nagar, Lucknow",M-XXXXXX1324,0,,,
29VWLFS2832N1ZQ,Vinayak Emporium LLP,LLP,Karnataka,retailer,2022-10-12,ADDR-00542,"364, Commercial Complex, Bengaluru",M-XXXXXX1717,0,,,
24RLQFM2779V1ZX,Nandi Infotech & Co,Partnership,Gujarat,services,2020-07-12,ADDR-00543,"3, Industrial Estate, Ahmedabad",M-XXXXXX4100,0,,,
19RDDCD3027W1ZC,Star Retail Pvt Ltd,Private Limited,West Bengal,retailer,2019-02-09,ADDR-00544,"175, Trade Centre, Howrah",M-XXXXXX9401,0,,,
29RUQFO0664G1ZA,Lotus Enterprises LLP,LLP,Karnataka,wholesaler,2022-07-06,ADDR-00545,"289, Commercial Complex, Bengaluru",M-XXXXXX2939,0,,,
36VWBFD2700A1ZK,Krishna Agencies LLP,LLP,Telangana,wholesaler,2021-06-12,ADDR-00546,"342, Commercial Complex, Hyderabad",M-XXXXXX9677,0,,,
19CKECW9181U1ZD,Nandi Stores Pvt Ltd,Private Limited,West Bengal,retailer,2023-01-12,ADDR-00547,"390, Industrial Estate, Howrah",M-XXXXXX1287,0,,,
19SVDPW5866A1ZQ,Unity Solutions,Proprietorship,West Bengal,services,2021-02-24,ADDR-00548,"264, Industrial Estate, Kolkata",M-XXXXXX8134,0,,,
19ZPXFL4872N1ZK,Krishna Supermarket & Co,Partnership,West Bengal,retailer,2023-12-12,ADDR-00549,"207, Trade Centre, Howrah",M-XXXXXX3350,0,,,
33WJHCB9121S1Z3,Nandi Wholesale Pvt Ltd,Private Limited,Tamil Nadu,wholesaler,2020-11-30,ADDR-00550,"360, Trade Centre, Coimbatore",M-XXXXXX6045,0,,,
24VJYPN6291A1ZB,Aravali Agencies,Proprietorship,Gujarat,wholesaler,2017-08-26,ADDR-00551,"206, Station Road, Surat",M-XXXXXX3480,0,,,
33BIRPR1617O1ZO,Sri Retail,Proprietorship,Tamil Nadu,retailer,2021-11-26,ADDR-00552,"139, Main Road, Chennai",M-XXXXXX2945,0,,,
24VANCT4960O1Z1,Harmony Manufacturing Pvt Ltd,Private Limited,Gujarat,manufacturer,2017-08-07,ADDR-00553,"219, Trade Centre, Ahmedabad",M-XXXXXX6380,0,,,
19YSIPF5438X1ZZ,Kaveri Infotech,Proprietorship,West Bengal,services,2021-05-05,ADDR-00554,"286, Transport Nagar, Kolkata",M-XXXXXX7571,0,,,
29GYUPW9318M1ZU,Bright Supermarket,Proprietorship,Karnataka,retailer,2021-09-10,ADDR-00555,"340, Main Road, Mysuru",M-XXXXXX6482,0,,,
27QTICY1640Y1ZQ,Om Wholesale Pvt Ltd,Private Limited,Maharashtra,wholesaler,2020-07-14,ADDR-00556,"44, Business Park, Nagpur",M-XXXXXX8292,0,,,
24BXTPM1122F1ZN,Ganga Industries,Proprietorship,Gujarat,manufacturer,2020-02-01,ADDR-00557,"388, Ring Road, Ahmedabad",M-XXXXXX5229,0,,,
24RKACG1499Z1ZK,Sai Retail Pvt Ltd,Private Limited,Gujarat,retailer,2022-10-31,ADDR-00558,"112, Market Yard, Ahmedabad",M-XXXXXX4375,0,,,
29MRPFM1295Q1ZY,Deccan Consultants & Co,Partnership,Karnataka,services,2024-10-11,ADDR-00559,"243, Commercial Complex, Mysuru",M-XXXXXX7787,0,,,
09ZQYPK2227A1Z4,Harmony Plastics,Proprietorship,Uttar Pradesh,manufacturer,2020-10-19,ADDR-00560,"12, Station Road, Noida",M-XXXXXX8588,0,,,
09IARCJ0989Z1ZL,Shree Infotech Pvt Ltd,Private Limited,Uttar Pradesh,services,2018-07-05,ADDR-00561,"353, Trade Centre, Lucknow",M-XXXXXX1672,0,,,
36CURCY0284O1Z8,Laxmi Transport Pvt Ltd,Private Limited,Telangana,services,2020-01-13,ADDR-00562,"144, Market Yard, Hyderabad",M-XXXXXX7148,0,,,
27FFJFO2923P1ZB,Aravali Retail & Co,Partnership,Maharashtra,retailer,2020-01-12,ADDR-00563,"311, Trade Centre, Nagpur",M-XXXXXX8427,0,,,
29TYXFC6760B1Z6,Vertex Agencies LLP,LLP,Karnataka,wholesaler,2019-09-26,ADDR-00564,"100, Industrial Estate, Mysuru",M-XXXXXX7527,1,circular_trading,RING-02,
29YKECC9418U1ZE,Unity Traders Pvt Ltd,Private Limited,Karnataka,wholesaler,2021-02-07,ADDR-00565,"349, Industrial Estate, Mysuru",M-XXXXXX6044,0,,,
19AUMPO8595I1ZK,Summit Chemicals,Proprietorship,West Bengal,raw_material,2018-04-14,ADDR-00566,"337, Transport Nagar, Kolkata",M-XXXXXX4873,0,,,
36TDHFL1369M1Z7,Metro Services & Co,Partnership,Telangana,services,2019-12-27,ADDR-00567,"51, MIDC Phase II, Hyderabad",M-XXXXXX2139,0,,,
07KKUPO0563E1ZO,Om Cotton,Proprietorship,Delhi,raw_material,2020-04-09,ADDR-00568,"263, MIDC Phase II, New Delhi",M-XXXXXX8453,1,itc_spike,,
07RJRCS2613U1ZH,Zenith Emporium Pvt Ltd,Private Limited,Delhi,retailer,2017-12-20,ADDR-00569,"310, Business Park, New Delhi",M-XXXXXX5562,0,,,
09UFXFZ0061Z1ZS,Eastern Emporium & Co,Partnership,Uttar Pradesh,retailer,2020-07-05,ADDR-00570,"373, Station Road, Lucknow",M-XXXXXX1350,0,,,
19WXIFV2290J1ZS,Apex Enterprises LLP,LLP,West Bengal,wholesaler,2021-02-16,ADDR-00571,"191, Ring Road, Kolkata",M-XXXXXX5631,0,,,
09NQMPU7367M1ZA,Global Logistics,Proprietorship,Uttar Pradesh,services,2018-11-18,ADDR-00572,"254, Main Road, Lucknow",M-XXXXXX4858,0,,,
33NLZPB0403O1ZO,Ganga Consultants,Proprietorship,Tamil Nadu,services,2023-06-11,ADDR-00573,"177, Ring Road, Chennai",M-XXXXXX6749,0,,,
36ZKZPX3684Z1ZB,Ganga Wholesale,Proprietorship,Telangana,wholesaler,2025-03-13,ADDR-00574,"291, Ring Road, Hyderabad",M-XXXXXX3427,1,shell_entity,,SC-01
36BLJPL5185M1ZF,Om Trading Co,Proprietorship,Telangana,wholesaler,2025-03-03,ADDR-00574,"291, Ring Road, Hyderabad",M-XXXXXX3427,1,shell_entity,,SC-01
36GBEPS4396G1Z3,Summit Enterprises,Proprietorship,Telangana,wholesaler,2025-03-08,ADDR-00575,"193, GIDC, Hyderabad",M-XXXXXX3427,1,shell_entity,,SC-01
36KDTPP1597B1ZW,Unity Logistics,Proprietorship,Telangana,services,2025-03-17,ADDR-00574,"291, Ring Road, Hyderabad",M-XXXXXX3427,1,shell_entity,,SC-01
36CDUPW1496X1ZP,Aravali Trading Co,Proprietorship,Telangana,wholesaler,2025-03-04,ADDR-00576,"256, GIDC, Hyderabad",M-XXXXXX3427,1,shell_entity,,SC-01
33EJCPO0193P1ZU,Global Trading Co,Proprietorship,Tamil Nadu,wholesaler,2025-03-07,ADDR-00577,"232, Transport Nagar, Chennai",M-XXXXXX5927,1,shell_entity,,SC-02
33TVUPH1794R1Z3,Sahyadri Distributors,Proprietorship,Tamil Nadu,wholesaler,2025-03-26,ADDR-00578,"19, Industrial Estate, Coimbatore",M-XXXXXX5927,1,shell_entity,,SC-02
33CVMPT6843L1ZS,Laxmi Agencies,Proprietorship,Tamil Nadu,wholesaler,2025-03-14,ADDR-00579,"376, Ring Road, Chennai",M-XXXXXX5927,1,shell_entity,,SC-02
33XHPPR2970M1Z1,Aravali Enterprises,Proprietorship,Tamil Nadu,wholesaler,2025-03-15,ADDR-00580,"187, Market Yard, Chennai",M-XXXXXX5927,1,shell_entity,,SC-02
24TVKPG5615N1ZT,Unity Services,Proprietorship,Gujarat,services,2025-03-21,ADDR-00581,"195, MIDC Phase II, Ahmedabad",M-XXXXXX5946,1,shell_entity,,SC-03
24WJRPM0068Q1ZY,Western Agencies,Proprietorship,Gujarat,wholesaler,2025-03-09,ADDR-00581,"195, MIDC Phase II, Ahmedabad",M-XXXXXX5946,1,shell_entity,,SC-03
24HLHPP2662K1ZO,Nandi Agencies,Proprietorship,Gujarat,wholesaler,2025-03-04,ADDR-00581,"195, MIDC Phase II, Ahmedabad",M-XXXXXX5946,1,shell_entity,,SC-03
33UEZPT4171B1ZO,Ganesh Distributors,Proprietorship,Tamil Nadu,wholesaler,2025-05-12,ADDR-00582,"46, Business Park, Coimbatore",M-XXXXXX4974,1,shell_entity,,SC-04
33SLEPR8898N1ZJ,Global Agencies,Proprietorship,Tamil Nadu,wholesaler,2025-05-09,ADDR-00582,"46, Business Park, Coimbatore",M-XXXXXX4974,1,shell_entity,,SC-04
33LOJPC3860N1ZI,Vertex Agencies,Proprietorship,Tamil Nadu,wholesaler,2025-05-24,ADDR-00582,"46, Business Park, Coimbatore",M-XXXXXX4974,1,shell_entity,,SC-04
33FWMPL0667G1ZC,Crest Traders,Proprietorship,Tamil Nadu,wholesaler,2025-05-14,ADDR-00583,"117, GIDC, Coimbatore",M-XXXXXX4974,1,shell_entity,,SC-04
33WGUPH4795C1ZJ,Laxmi Transport,Proprietorship,Tamil Nadu,services,2025-05-16,ADDR-00582,"46, Business Park, Coimbatore",M-XXXXXX4974,1,shell_entity,,SC-04
24TSTPO7061E1ZX,Sahyadri Infotech,Proprietorship,Gujarat,services,2025-08-17,ADDR-00584,"214, Transport Nagar, Ahmedabad",M-XXXXXX6589,1,shell_entity,,SC-05
24FTNPN2546V1ZL,Ganga Distributors,Proprietorship,Gujarat,wholesaler,2025-08-18,ADDR-00584,"214, Transport Nagar, Ahmedabad",M-XXXXXX6589,1,shell_entity,,SC-05
24XCLPJ8723W1ZZ,Prime Agencies,Proprietorship,Gujarat,wholesaler,2025-08-03,ADDR-00585,"225, Industrial Estate, Surat",M-XXXXXX6589,1,shell_entity,,SC-05
33DGJPJ0826V1ZS,Lotus Traders,Proprietorship,Tamil Nadu,wholesaler,2025-01-15,ADDR-00586,"342, Station Road, Chennai",M-XXXXXX2966,1,shell_entity,,SC-06
33JNVPZ7405E1Z9,Om Services,Proprietorship,Tamil Nadu,services,2025-01-10,ADDR-00586,"342, Station Road, Chennai",M-XXXXXX2966,1,shell_entity,,SC-06
33KXOPK5629M1ZN,Laxmi Distributors,Proprietorship,Tamil Nadu,wholesaler,2025-01-21,ADDR-00586,"342, Station Road, Chennai",M-XXXXXX2966,1,shell_entity,,SC-06
33UKMPW7874B1Z5,Pioneer Trading Co,Proprietorship,Tamil Nadu,wholesaler,2025-01-07,ADDR-00586,"342, Station Road, Chennai",M-XXXXXX2966,1,shell_entity,,SC-06
33OXGPE6948I1ZX,Eastern Trading Co,Proprietorship,Tamil Nadu,wholesaler,2025-05-03,ADDR-00587,"74, Market Yard, Coimbatore",M-XXXXXX9842,1,shell_entity,,SC-07
33WNYPH9908T1Z4,Maa Agencies,Proprietorship,Tamil Nadu,wholesaler,2025-05-16,ADDR-00587,"74, Market Yard, Coimbatore",M-XXXXXX9842,1,shell_entity,,SC-07
33LCUPZ4020Z1ZZ,Pioneer Services,Proprietorship,Tamil Nadu,services,2025-05-15,ADDR-00587,"74, Market Yard, Coimbatore",M-XXXXXX9842,1,shell_entity,,SC-07
