state,district,lat,lng,crime_rate,risk_score,risk_tier
ANDHRA PRADESH,ANANTAPUR,14.6783221,77.6065039,440.5833333333333,36.97,medium
ANDHRA PRADESH,CHITTOOR,13.325036,79.6480611,667.0,55.98,high
ANDHRA PRADESH,CUDDAPAH,14.4956602,78.8349278,416.8333333333333,34.98,medium
ANDHRA PRADESH,EAST GODAVARI,16.9956639,81.7154378,792.8333333333334,66.54,high
ANDHRA PRADESH,GUNTUR,16.2915189,80.4541588,1032.5,86.65,high
ANDHRA PRADESH,KHAMMAM,17.0786014,81.2610665,876.5,73.56,high
ANDHRA PRADESH,KRISHNA,16.2135466,81.0277844,895.1666666666666,75.12,high
ANDHRA PRADESH,KURNOOL,15.8309251,78.0425373,820.8333333333334,68.89,high
ANDHRA PRADESH,NELLORE,14.4493717,79.9873763,729.5833333333334,61.23,high
ANDHRA PRADESH,NIZAMABAD,18.3019069,84.0237423,653.25,54.82,high
ANDHRA PRADESH,PRAKASHAM,17.0070088,81.7879635,541.9166666666666,45.48,high
ANDHRA PRADESH,RANGA REDDY,16.2975093,80.4627202,332.25,27.88,medium
ANDHRA PRADESH,SRIKAKULAM,18.2949307,83.8938844,388.0833333333333,32.57,medium
ANDHRA PRADESH,VIJAYAWADA,16.5115306,80.6160469,1059.0,88.87,high
ANDHRA PRADESH,VISAKHA RURAL,17.8153454,83.3574768,289.5,24.3,medium
ANDHRA PRADESH,VISAKHAPATNAM,17.6935526,83.2921297,537.6666666666666,45.12,high
ANDHRA PRADESH,VIZIANAGARAM,18.1141255,83.4114389,393.6666666666667,33.04,medium
ANDHRA PRADESH,WEST GODAVARI,16.6443029,81.5885247,1191.5833333333333,100.0,high
ARUNACHAL PRADESH,CHANGLANG,27.2698797,96.0602442,14.0,1.17,low
ARUNACHAL PRADESH,DIBANG VALLEY,28.8291044,95.9554096,9.916666666666666,0.83,low
ARUNACHAL PRADESH,KAMENG EAST,27.557781,93.0753012,8.833333333333334,0.74,low
ARUNACHAL PRADESH,KAMENG WEST,27.2629657,92.4206538,4.333333333333333,0.36,low
ARUNACHAL PRADESH,LOHIT,28.0350162,96.1713515,15.916666666666666,1.34,low
ARUNACHAL PRADESH,PAPUM PARE,27.2863667,93.6187716,27.583333333333332,2.31,low
ARUNACHAL PRADESH,SIANG EAST,28.0580363,95.3322182,23.416666666666668,1.97,low
ARUNACHAL PRADESH,SIANG UPPER,29.1113601,95.3809335,5.833333333333333,0.49,low
ARUNACHAL PRADESH,SIANG WEST,28.4159693,94.6778789,23.666666666666668,1.99,low
ARUNACHAL PRADESH,SUBANSIRI LOWER,27.5384467,93.81462,7.583333333333333,0.64,low
ARUNACHAL PRADESH,SUBANSIRI UPPER,28.2596054,94.0938106,11.416666666666666,0.96,low
ARUNACHAL PRADESH,TAWANG,27.5879186,91.863733,3.5,0.29,low
ARUNACHAL PRADESH,TIRAP,27.030169,95.4979175,6.083333333333333,0.51,low
ASSAM,BARPETA,26.345941,91.039708,429.1666666666667,36.02,medium
ASSAM,BONGAIGAON,26.4800126,90.5580387,193.08333333333334,16.2,low
ASSAM,CACHAR,24.75864,92.8816648,612.9166666666666,51.44,high
ASSAM,DARRANG,26.4373481,92.0047145,406.0833333333333,34.08,medium
ASSAM,DHEMAJI,27.5945155,94.7192098,221.75,18.61,medium
ASSAM,DHUBRI,26.132275,90.1249962,745.0,62.52,high
ASSAM,DIBRUGARH,27.4844597,94.9019447,230.91666666666666,19.38,medium
ASSAM,GOALPARA,26.0491877,90.6001859,322.0,27.02,medium
ASSAM,GOLAGHAT,26.5108262,93.9743686,275.9166666666667,23.16,medium
ASSAM,GUWAHATI CITY,26.1805978,91.753943,502.5833333333333,42.18,medium
ASSAM,HAILAKANDI,24.6846916,92.5645836,167.66666666666666,14.07,low
ASSAM,JORHAT,26.7577925,94.2079645,216.0,18.13,medium
ASSAM,KAMRUP,26.1468861,91.2227397,267.9166666666667,22.48,medium
ASSAM,KARBI ANGLONG,26.0712781,93.4552969,59.0,4.95,low
ASSAM,KARIMGANJ,24.5828196,92.3725487,194.33333333333334,16.31,low
ASSAM,KOKRAJHAR,26.4912104,90.1215209,165.91666666666666,13.92,low
ASSAM,LAKHIMPUR,27.1763356,94.1992932,326.75,27.42,medium
ASSAM,MORIGAON,26.252165,92.3421071,235.75,19.78,medium
ASSAM,NAGAON,26.3313646,92.7524763,849.25,71.27,high
ASSAM,NALBARI,26.3533632,91.3983662,171.58333333333334,14.4,low
ASSAM,SIBSAGAR,26.9834936,94.6394226,298.8333333333333,25.08,medium
ASSAM,SONITPUR,26.7677707,92.7014089,441.25,37.03,medium
ASSAM,TINSUKIA,27.4879722,95.3601855,208.0,17.46,low
BIHAR,ARARIA,26.1346459,87.4654062,160.75,13.49,low
BIHAR,ARWAL,25.1812832,84.6596648,34.916666666666664,2.93,low
BIHAR,AURANGABAD,24.8033201,84.4110198,144.75,12.15,low
BIHAR,BAGAHA,27.0590112,84.2064638,78.75,6.61,low
BIHAR,BANKA,24.8328273,86.8161114,111.91666666666667,9.39,low
BIHAR,BEGUSARAI,25.5125411,86.0883392,148.33333333333334,12.45,low
BIHAR,BETTIAH,26.8023,84.5074,197.08333333333334,16.54,low
BIHAR,BHAGALPUR,25.2861354,87.1304229,208.0,17.46,low
BIHAR,BHOJPUR,25.4501182,84.5635193,205.41666666666666,17.24,low
BIHAR,BUXAR,25.5044834,84.1097525,115.5,9.69,low
BIHAR,DARBHANGA,26.0829899,86.0324951,321.8333333333333,27.01,medium
BIHAR,GAYA,24.7964355,85.0079563,198.16666666666666,16.63,low
BIHAR,GOPALGANJ,26.4211166,84.3739133,212.0,17.79,low
BIHAR,JAMUI,24.7562514,86.3011128,112.25,9.42,low
BIHAR,JEHANABAD,25.1529579,85.0065043,69.25,5.81,low
BIHAR,KATIHAR,25.5586421,87.6457196,228.08333333333334,19.14,medium
BIHAR,KHAGARIA,25.4930513,86.6982264,71.75,6.02,low
BIHAR,KISHANGANJ,26.2984144,87.9466715,134.33333333333334,11.27,low
BIHAR,LAKHISARAI,25.1543938,86.1744959,68.0,5.71,low
BIHAR,MADHEPURA,25.7806118,86.9364753,71.25,5.98,low
BIHAR,MADHUBANI,26.3503076,86.2296424,276.25,23.18,medium
BIHAR,MOTIHARI,26.6506888,84.9114654,243.16666666666666,20.41,medium
BIHAR,MUNGER,25.2202864,86.5161484,97.25,8.16,low
BIHAR,MUZAFFARPUR,26.1482548,85.3316097,352.0833333333333,29.55,medium
BIHAR,NALANDA,25.1364914,85.4436546,245.25,20.58,medium
BIHAR,NAUGACHIA,25.3857731,87.0997616,62.75,5.27,low
BIHAR,NAWADAH,24.8858896,85.5481255,104.33333333333333,8.76,low
BIHAR,PATNA,25.6093239,85.1235252,494.25,41.48,medium
BIHAR,PURNEA,25.7773312,87.4731227,195.83333333333334,16.43,low
BIHAR,ROHTAS,24.9394143,84.0197031,174.41666666666666,14.64,low
BIHAR,SAHARSA,25.8330757,86.6143751,96.0,8.06,low
BIHAR,SAMASTIPUR,25.7747885,85.8672314,190.41666666666666,15.98,low
BIHAR,SARAN,25.9214451,84.7759731,279.9166666666667,23.49,medium
BIHAR,SHEIKHPURA,25.1250741,85.8160771,40.25,3.38,low
BIHAR,SHEOHAR,26.4934234,85.2717561,36.833333333333336,3.09,low
BIHAR,SITAMARHI,26.5942841,85.500428,158.0,13.26,low
BIHAR,SIWAN,26.131008,84.3910745,192.16666666666666,16.13,low
BIHAR,SUPAUL,26.2768089,86.7959614,110.16666666666667,9.25,low
BIHAR,VAISHALI,25.7491703,85.3972164,308.8333333333333,25.92,medium
CHHATTISGARH,BALRAMPUR,23.6282576,83.4810916,106.16666666666667,8.91,low
CHHATTISGARH,BILASPUR,22.1638486,82.1365923,393.6666666666667,33.04,medium
CHHATTISGARH,DANTEWARA,18.9080594,81.3557636,33.75,2.83,low
CHHATTISGARH,DHAMTARI,20.5326259,81.7155987,111.66666666666667,9.37,low
CHHATTISGARH,DURG,21.1982964,81.4007922,547.8333333333334,45.98,high
CHHATTISGARH,JAGDALPUR,19.0870758,82.0235715,140.66666666666666,11.81,low
CHHATTISGARH,JANJGIR,22.0090841,82.578896,263.75,22.13,medium
CHHATTISGARH,JASHPUR,22.770251,83.9708013,141.25,11.85,low
CHHATTISGARH,KANKER,20.2692747,81.4932111,75.58333333333333,6.34,low
CHHATTISGARH,KAWARDHA,22.0059254,81.2332055,100.0,8.39,low
CHHATTISGARH,KORBA,22.5198217,82.6350029,168.33333333333334,14.13,low
CHHATTISGARH,KORIYA,23.476254,82.4776374,190.41666666666666,15.98,low
CHHATTISGARH,MAHASAMUND,21.1922846,82.4890263,130.83333333333334,10.98,low
CHHATTISGARH,RAIGARH,22.2361795,83.3529534,190.83333333333334,16.02,low
CHHATTISGARH,RAIPUR,21.2380912,81.6336993,555.0833333333334,46.58,high
CHHATTISGARH,RAJNANDGAON,21.0684425,80.7970779,191.58333333333334,16.08,low
GOA,NORTH GOA,15.6038925,73.9967006,50.333333333333336,4.22,low
GOA,SOUTH GOA,15.3376121,73.9937035,47.583333333333336,3.99,low
GUJARAT,AHMEDABAD RURAL,22.5809103,72.9784557,166.5,13.97,low
GUJARAT,AHWA-DANG,20.7587262,73.6873533,11.333333333333334,0.95,low
GUJARAT,AMRELI,21.4176122,71.249609,206.33333333333334,17.32,low
GUJARAT,ANAND,22.4739858,72.7361779,243.16666666666666,20.41,medium
GUJARAT,BHARUCH,21.7080427,72.9956936,105.83333333333333,8.88,low
GUJARAT,BHAVNAGAR,21.7718836,72.1416449,363.3333333333333,30.49,medium
GUJARAT,DAHOD,22.9194099,74.1342725,87.58333333333333,7.35,low
GUJARAT,GANDHINAGAR,23.2232877,72.6492267,190.33333333333334,15.97,low
GUJARAT,HIMATNAGAR,23.5971246,72.9588273,280.8333333333333,23.57,medium
GUJARAT,JAMNAGAR,22.4732415,70.0552102,302.0,25.34,medium
GUJARAT,JUNAGADH,21.5220416,70.4582458,522.0,43.81,medium
GUJARAT,KUTCH,23.583333,70.0,310.1,26.02,medium
GUJARAT,MEHSANA,23.6012628,72.3741516,307.75,25.83,medium
GUJARAT,NARMADA,21.7392624,73.6262458,25.25,2.12,low
GUJARAT,NAVSARI,20.952407,72.9323831,48.0,4.03,low
GUJARAT,PALANPUR,24.1709794,72.4366375,341.4166666666667,28.65,medium
GUJARAT,PANCHMAHAL,22.6978099,73.5980682,216.16666666666666,18.14,medium
GUJARAT,PATAN,23.773753,71.6798581,191.33333333333334,16.06,low
GUJARAT,PORBANDAR,21.6505229,69.6565371,73.91666666666667,6.2,low
GUJARAT,SURAT RURAL,22.296681,73.2535718,88.66666666666667,7.44,low
GUJARAT,SURENDRANAGAR,22.8251395,71.6209736,191.83333333333334,16.1,low
GUJARAT,VADODARA RURAL,22.3108115,73.1657755,161.58333333333334,13.56,low
GUJARAT,VALSAD,20.4321957,73.1409893,59.166666666666664,4.97,low
HARYANA,AMBALA,30.3843674,76.770421,257.0,21.57,medium
HARYANA,BHIWANI,28.7931703,76.1391283,205.83333333333334,17.27,low
HARYANA,FARIDABAD,28.4031478,77.3105561,634.5833333333334,53.26,high
HARYANA,FATEHABAD,29.5359209,75.5752901,141.91666666666666,11.91,low
HARYANA,GURGAON,28.4646148,77.0299194,268.75,22.55,medium
HARYANA,HISSAR,29.839171,76.4373052,289.25,24.27,medium
HARYANA,JHAJJAR,28.5964461,76.6505366,196.08333333333334,16.46,low
HARYANA,JIND,29.3152073,76.314082,159.91666666666666,13.42,low
HARYANA,KAITHAL,29.7996588,76.3989903,188.0,15.78,low
HARYANA,KARNAL,29.7255766,76.9106924,306.6666666666667,25.74,medium
HARYANA,KURUKSHETRA,29.9693747,76.8482787,190.25,15.97,low
HARYANA,MAHENDRAGARH,28.1326971,76.1697448,112.41666666666667,9.43,low
HARYANA,PANCHKULA,30.6975401,76.8551066,123.5,10.36,low
HARYANA,PANIPAT,29.3912753,76.9771675,253.83333333333334,21.3,medium
HARYANA,REWARI,28.1956468,76.6165179,133.08333333333334,11.17,low
HARYANA,ROHTAK,28.9010899,76.5801935,205.75,17.27,low
HARYANA,SIRSA,29.6063041,74.9036568,189.41666666666666,15.9,low
HARYANA,SONIPAT,28.9953758,77.0233627,249.25,20.92,medium
HARYANA,YAMUNANAGAR,30.1231349,77.286329,197.0,16.53,low
HIMACHAL PRADESH,BILASPUR,31.3380959,76.7611631,75.0,6.29,low
HIMACHAL PRADESH,CHAMBA,32.6923316,76.1631552,59.166666666666664,4.97,low
HIMACHAL PRADESH,HAMIRPUR,31.6539866,76.5403633,65.08333333333333,5.46,low
HIMACHAL PRADESH,KANGRA,32.0768665,76.2985872,143.25,12.02,low
HIMACHAL PRADESH,KINNAUR,31.593013,78.3281417,14.75,1.24,low
HIMACHAL PRADESH,KULLU,31.9578974,77.1089232,65.41666666666667,5.49,low
HIMACHAL PRADESH,LAHAUL-SPITI,32.509934,77.0243657,2.6666666666666665,0.22,low
HIMACHAL PRADESH,MANDI,31.6516617,77.0092542,139.75,11.73,low
HIMACHAL PRADESH,SHIMLA,31.1040393,77.1707923,117.25,9.84,low
HIMACHAL PRADESH,SIRMAUR,30.6991321,77.4465304,73.08333333333333,6.13,low
HIMACHAL PRADESH,SOLAN,30.9077569,77.1023645,65.41666666666667,5.49,low
HIMACHAL PRADESH,UNA,31.5834642,76.2351452,59.083333333333336,4.96,low
JAMMU & KASHMIR,ANANTNAG,33.74611,75.1854475,200.41666666666666,16.82,low
JAMMU & KASHMIR,AWANTIPORA,33.91891,75.01465,43.25,3.63,low
JAMMU & KASHMIR,BARAMULLA,34.2086903,74.343498,235.25,19.74,medium
JAMMU & KASHMIR,BORDER,32.7514328,74.8235121,38.6,3.24,low
JAMMU & KASHMIR,BUDGAM,33.9098746,74.6270357,179.5,15.06,low
JAMMU & KASHMIR,CRIME JAMMU,34.0714255,74.8032176,0.0,0.0,low
JAMMU & KASHMIR,CRIME SRINAGAR,34.0714255,74.8032176,0.0,0.0,low
JAMMU & KASHMIR,DODA,33.1341373,75.587915,72.91666666666667,6.12,low
JAMMU & KASHMIR,GANDERBAL,34.2889322,75.0407983,99.83333333333333,8.38,low
JAMMU & KASHMIR,JAMMU,32.7185614,74.8580917,215.5,18.09,medium
JAMMU & KASHMIR,KARGIL,32.7045476,74.871206,4.166666666666667,0.35,low
JAMMU & KASHMIR,KATHUA,32.3765524,75.5243044,68.41666666666667,5.74,low
JAMMU & KASHMIR,KULGAM,33.6446899,75.0188432,107.16666666666667,8.99,low
JAMMU & KASHMIR,KUPWARA,34.5140696,74.191367,98.16666666666667,8.24,low
JAMMU & KASHMIR,LEH,34.0861163,74.8233795,9.083333333333334,0.76,low
JAMMU & KASHMIR,POONCH,33.7670004,74.0957143,68.0,5.71,low
JAMMU & KASHMIR,PULWAMA,33.9490472,75.0418335,78.5,6.59,low
JAMMU & KASHMIR,RAJOURI,33.3772495,74.3132332,118.0,9.9,low
JAMMU & KASHMIR,RAMBAN,33.2116371,75.2050989,30.5,2.56,low
JAMMU & KASHMIR,REASI,33.0691032,74.8378698,31.5,2.64,low
JAMMU & KASHMIR,SRINAGAR,34.0747444,74.8204443,437.3333333333333,36.7,medium
JAMMU & KASHMIR,UDHAMPUR,32.9219726,75.1331482,61.416666666666664,5.15,low
JHARKHAND,BOKARO,23.6991279,85.9910689,179.75,15.08,low
JHARKHAND,CHAIBASA,22.5483518,85.8188876,81.75,6.86,low
JHARKHAND,CHATRA,24.1062316,84.8623379,46.333333333333336,3.89,low
JHARKHAND,DEOGHAR,24.4898318,86.6990182,104.25,8.75,low
JHARKHAND,DHANBAD,23.7952809,86.4309638,210.5,17.67,low
JHARKHAND,DUMKA,24.2677937,87.2485495,136.58333333333334,11.46,low
JHARKHAND,GARHWA,24.053577,83.6526818,90.75,7.62,low
JHARKHAND,GIRIDIH,24.3314546,86.1548117,194.25,16.3,low
JHARKHAND,GODDA,24.8645886,87.2984838,108.25,9.08,low
JHARKHAND,GUMLA,23.1603759,84.4599565,81.5,6.84,low
JHARKHAND,HAZARIBAGH,24.0866962,85.4912231,202.0,16.95,low
JHARKHAND,JAMSHEDPUR,22.8015194,86.2029579,207.58333333333334,17.42,low
JHARKHAND,JAMTARA,23.9801639,86.9243637,64.25,5.39,low
JHARKHAND,KODERMA,24.4931239,85.5560811,63.333333333333336,5.32,low
JHARKHAND,LATEHAR,23.6880057,84.4969551,32.916666666666664,2.76,low
JHARKHAND,PAKUR,24.5325908,87.593232,87.66666666666667,7.36,low
JHARKHAND,PALAMU,24.2212983,84.1725565,105.16666666666667,8.83,low
JHARKHAND,RANCHI,23.3700501,85.3250387,215.66666666666666,18.1,medium
JHARKHAND,SAHEBGANJ,25.0320437,87.691764,113.33333333333333,9.51,low
JHARKHAND,SARAIKELA,22.7464225,85.9168929,64.66666666666667,5.43,low
JHARKHAND,SIMDEGA,22.5904573,84.5464805,37.833333333333336,3.18,low
KARNATAKA,BAGALKOT,16.1793224,75.6999315,131.5,11.04,low
KARNATAKA,BANGALORE RURAL,13.0010872,77.3361225,243.08333333333334,20.4,medium
KARNATAKA,BELGAUM,15.8572666,74.5069343,389.6666666666667,32.7,medium
KARNATAKA,BELLARY,15.1430224,76.9173277,163.08333333333334,13.69,low
KARNATAKA,BIDAR,18.0207297,77.2487204,160.83333333333334,13.5,low
KARNATAKA,BIJAPUR,16.8269911,75.7175387,225.08333333333334,18.89,medium
KARNATAKA,CHAMARAJNAGAR,11.8073312,76.6923569,92.0,7.72,low
KARNATAKA,CHITRADURGA,14.3049174,76.5296667,173.58333333333334,14.57,low
KARNATAKA,DAKSHIN KANNADA,13.1008396,77.585375,102.0,8.56,low
KARNATAKA,DAVANAGERE,14.2558835,75.8303421,203.41666666666666,17.07,low
KARNATAKA,DHARWAD RURAL,15.4719607,74.9893499,46.333333333333336,3.89,low
KARNATAKA,GADAG,15.416692,75.6815801,65.41666666666667,5.49,low
KARNATAKA,GULBARGA,17.3310003,76.8334228,303.0833333333333,25.44,medium
KARNATAKA,HASSAN,13.0301852,76.1744968,222.08333333333334,18.64,medium
KARNATAKA,HAVERI,14.7180268,75.3656423,94.16666666666667,7.9,low
KARNATAKA,K.G.F.,13.0812545,78.3588533,51.083333333333336,4.29,low
KARNATAKA,KODAGU,12.3827332,75.6640715,79.16666666666667,6.64,low
KARNATAKA,KOLAR,13.1805066,78.2669329,113.75,9.55,low
KARNATAKA,KOPPAL,15.5748238,76.3118494,92.16666666666667,7.73,low
KARNATAKA,MANDYA,12.6368939,76.7275477,236.83333333333334,19.88,medium
KARNATAKA,MYSORE RURAL,13.1991952,77.7085698,223.08333333333334,18.72,medium
KARNATAKA,RAICHUR,16.0547194,76.9003647,233.91666666666666,19.63,medium
KARNATAKA,RAILWAYS,15.3552989,75.1459121,3.25,0.27,low
KARNATAKA,SHIMOGA,14.0556503,75.2380553,325.25,27.3,medium
KARNATAKA,TUMKUR,13.3400771,77.1006208,198.91666666666666,16.69,low
KARNATAKA,UDUPI,13.5269784,74.8731879,60.333333333333336,5.06,low
KERALA,ALAPUZHA,9.5649344,76.5444815,461.6666666666667,38.74,medium
KERALA,ERNAKULAM,9.9837257,76.2740001,383.0,32.14,medium
KERALA,IDUKKI,9.8154785,76.9991599,348.9166666666667,29.28,medium
KERALA,KANNUR,11.8763836,75.3737973,423.8333333333333,35.57,medium
KERALA,KASARGOD,12.4914722,74.9877613,278.5833333333333,23.38,medium
KERALA,KOLLAM,8.8870533,76.5906696,792.7,66.52,high
KERALA,KOTTAYAM,9.6287383,76.6455326,448.0,37.6,medium
KERALA,KOZHIKODE,11.2450558,75.7754716,520.0,43.64,medium
KERALA,MALAPPURAM,11.1065685,76.1101742,750.1666666666666,62.96,high
KERALA,PALAKKAD,10.7873692,76.4742172,484.25,40.64,medium
KERALA,PATHANAMTHITTA,9.2780841,76.9737443,315.5833333333333,26.48,medium
KERALA,RAILWAYS,9.9464243,76.3008895,13.666666666666666,1.15,low
KERALA,THRISSUR,10.5270099,76.214621,549.8,46.14,high
KERALA,TRIVANDRUM,8.4882267,76.947551,728.5,61.14,high
KERALA,WAYANADU,10.8942004,75.927851,204.0,17.12,low
MADHYA PRADESH,BALAGHAT,21.8611589,80.3237105,273.8333333333333,22.98,medium
MADHYA PRADESH,BARWANI,21.7514248,74.8915957,153.25,12.86,low
MADHYA PRADESH,BETUL,21.8797472,77.8753651,390.5833333333333,32.78,medium
MADHYA PRADESH,BHIND,26.3518828,78.6863189,209.25,17.56,low
MADHYA PRADESH,BHOPAL,23.2584857,77.401989,590.5833333333334,49.56,high
MADHYA PRADESH,CHHATARPUR,24.7606089,79.6781776,359.9166666666667,30.2,medium
MADHYA PRADESH,CHHINDWARA,22.2071897,78.798833,483.0,40.53,medium
MADHYA PRADESH,DAMOH,23.7981005,79.5419356,308.9166666666667,25.92,medium
MADHYA PRADESH,DATIYA,23.9348098,79.6440203,138.33333333333334,11.61,low
MADHYA PRADESH,DEWAS,22.8057498,76.2940408,493.6666666666667,41.43,medium
MADHYA PRADESH,DHAR,22.5786572,75.2258637,442.0,37.09,medium
MADHYA PRADESH,DINDORI,22.9070871,80.8846924,112.58333333333333,9.45,low
MADHYA PRADESH,GUNA,24.5001772,77.2600959,349.75,29.35,medium
MADHYA PRADESH,GWALIOR,26.2037247,78.1573628,480.0,40.28,medium
MADHYA PRADESH,HARDA,22.2427973,77.1179173,108.41666666666667,9.1,low
MADHYA PRADESH,HOSHANGABAD,22.7545538,77.7198249,299.75,25.16,medium
MADHYA PRADESH,INDORE,22.7203616,75.8681996,866.0,72.68,high
MADHYA PRADESH,JABALPUR,23.1701522,79.9324505,654.5833333333334,54.93,high
MADHYA PRADESH,JHABUA,22.8869652,74.7243249,158.0,13.26,low
MADHYA PRADESH,KATNI,23.7176393,80.2610181,267.5833333333333,22.46,medium
MADHYA PRADESH,KHANDWA,21.9769779,76.5675344,314.0833333333333,26.36,medium
MADHYA PRADESH,KHARGON,21.8322667,75.6179653,309.75,25.99,medium
MADHYA PRADESH,MANDLA,22.6871074,80.5816341,200.58333333333334,16.83,low
MADHYA PRADESH,MANDSAUR,24.2628148,75.385692,258.4166666666667,21.69,medium
MADHYA PRADESH,MORENA,26.3849794,77.8612721,240.58333333333334,20.19,medium
MADHYA PRADESH,NARSINGHPUR,22.934556,79.0867849,286.5,24.04,medium
MADHYA PRADESH,NEEMUCH,24.6305517,75.1829,154.16666666666666,12.94,low
MADHYA PRADESH,PANNA,24.4498931,80.1462723,169.41666666666666,14.22,low
MADHYA PRADESH,RAISEN,23.2675909,78.1727134,365.75,30.69,medium
MADHYA PRADESH,RAJGARH,23.8716707,76.7744703,400.4166666666667,33.6,medium
MADHYA PRADESH,RATLAM,23.50222,74.9551534,324.5,27.23,medium
MADHYA PRADESH,REWA,24.7560846,81.3810574,318.8333333333333,26.76,medium
MADHYA PRADESH,SAGAR,23.8083076,78.758254,746.3333333333334,62.63,high
MADHYA PRADESH,SATNA,24.6954445,80.7770348,407.0833333333333,34.16,medium
MADHYA PRADESH,SEONI,22.2748109,79.7202522,223.75,18.78,medium
MADHYA PRADESH,SHAHDOL,23.3002343,81.364771,340.0,28.53,medium
MADHYA PRADESH,SHAJAPUR,23.4171002,76.6074794,326.25,27.38,medium
MADHYA PRADESH,SHEOPUR,25.7499267,76.9212945,87.08333333333333,7.31,low
MADHYA PRADESH,SHIVPURI,25.3741215,77.8278866,295.0,24.76,medium
MADHYA PRADESH,SIDHI,24.2112687,81.7000415,262.4166666666667,22.02,medium
MADHYA PRADESH,SIHORE,25.6724156,78.1043815,261.5833333333333,21.95,medium
MADHYA PRADESH,TIKAMGARH,24.8552105,79.0472546,263.1666666666667,22.09,medium
MADHYA PRADESH,UJJAIN,23.1885131,75.7716562,498.4166666666667,41.83,medium
MADHYA PRADESH,UMARIYA,23.8699867,79.5527381,120.91666666666667,10.15,low
MADHYA PRADESH,VIDISHA,23.8463004,77.8370209,427.4166666666667,35.87,medium
MAHARASHTRA,AHMEDNAGAR,19.092952,74.7493451,664.5833333333334,55.77,high
MAHARASHTRA,AKOLA,20.7618122,77.1921157,324.0,27.19,medium
MAHARASHTRA,AMRAVATI RURAL,21.4564599,78.2268091,368.5833333333333,30.93,medium
MAHARASHTRA,AURANGABAD RURAL,19.8993677,75.3530128,364.6666666666667,30.6,medium
MAHARASHTRA,BEED,18.9918442,75.909784,446.5833333333333,37.48,medium
MAHARASHTRA,BHANDARA,21.1225869,79.794509,185.83333333333334,15.6,low
MAHARASHTRA,BULDHANA,20.562845,76.4086986,432.8333333333333,36.32,medium
MAHARASHTRA,CHANDRAPUR,20.0967555,79.5045475,372.5,31.26,medium
MAHARASHTRA,DHULE,21.1305215,74.4900614,241.25,20.25,medium
MAHARASHTRA,GADCHIROLI,19.7590704,80.1622807,121.58333333333333,10.2,low
MAHARASHTRA,GONDIA,21.455228,80.1962729,204.91666666666666,17.2,low
MAHARASHTRA,HINGOLI,19.5431163,77.1739432,172.83333333333334,14.5,low
MAHARASHTRA,JALGAON,20.8428827,75.5261246,564.6666666666666,47.39,high
MAHARASHTRA,JALNA,19.918833,75.8708599,373.75,31.37,medium
MAHARASHTRA,KOLHAPUR,16.7028412,74.2405329,242.91666666666666,20.39,medium
MAHARASHTRA,LATUR,18.3553347,76.7548997,281.8333333333333,23.65,medium
MAHARASHTRA,MUMBAI,19.054999,72.8692035,850.2,71.35,high
MAHARASHTRA,NAGPUR RURAL,21.138207,78.8107311,309.0833333333333,25.94,medium
MAHARASHTRA,NANDED,19.0942729,77.4832628,440.25,36.95,medium
MAHARASHTRA,NANDURBAR,21.5141622,74.5405513,146.16666666666666,12.27,low
MAHARASHTRA,NAVI MUMBAI,19.0308262,73.0198537,157.91666666666666,13.25,low
MAHARASHTRA,OSMANABAD,18.2822454,76.0588166,254.66666666666666,21.37,medium
MAHARASHTRA,PARBHANI,19.2901981,76.6026443,276.4166666666667,23.2,medium
MAHARASHTRA,PUNE RURAL,18.5435175,73.8220743,392.1666666666667,32.91,medium
MAHARASHTRA,RAIGAD,18.4928092,73.138071,132.0,11.08,low
MAHARASHTRA,RATNAGIRI,17.2826079,73.4569787,126.08333333333333,10.58,low
MAHARASHTRA,SANGLI,17.1726928,74.5867654,211.16666666666666,17.72,low
MAHARASHTRA,SATARA,17.6361289,74.2982781,311.25,26.12,medium
MAHARASHTRA,SINDHUDURG,16.1357193,73.6522086,47.75,4.01,low
MAHARASHTRA,WARDHA,20.8256231,78.6131455,280.25,23.52,medium
MAHARASHTRA,WASHIM,20.2874178,77.2369655,237.75,19.95,medium
MAHARASHTRA,YAVATMAL,20.0638677,78.3565663,452.0833333333333,37.94,medium
MANIPUR,BISHNUPUR,24.6267287,93.7600454,21.333333333333332,1.79,low
MANIPUR,CHANDEL,24.3312009,94.0011081,0.9166666666666666,0.08,low
MANIPUR,CHURACHANDPUR,24.3468839,93.6994143,4.5,0.38,low
MANIPUR,IMPHAL(EAST),24.8326698,94.0168859,23.6,1.98,low
MANIPUR,IMPHAL(WEST),24.7590802,93.8617365,59.6,5.0,low
MANIPUR,SENAPATI,25.3933697,94.1501773,1.5,0.13,low
MANIPUR,TAMENGLONG,24.9858596,93.5039967,0.3333333333333333,0.03,low
MANIPUR,THOUBAL,24.6386954,93.996871,45.916666666666664,3.85,low
MANIPUR,UKHRUL,25.0978641,94.3610713,1.0833333333333333,0.09,low
MEGHALAYA,GARO HILLS EAST,25.5,90.5,5.5,0.46,low
MEGHALAYA,GARO HILLS SOUTH,25.518425,90.1842421,3.8333333333333335,0.32,low
MEGHALAYA,GARO HILLS WEST,25.5201097,90.2187809,31.083333333333332,2.61,low
MEGHALAYA,JAINTIA HILLS,25.5,92.25,27.083333333333332,2.27,low
MEGHALAYA,KHASI HILLS EAST,25.5649963,91.8841484,62.333333333333336,5.23,low
MEGHALAYA,KHASI HILLS WEST,25.5399654,91.4721652,18.333333333333332,1.54,low
MEGHALAYA,RI-BHOI,25.8764026,91.8567574,19.166666666666668,1.61,low
MIZORAM,AIZAWL,23.7277631,92.7179947,62.166666666666664,5.22,low
MIZORAM,CHAMPHAI,23.6317319,93.3493185,17.583333333333332,1.48,low
MIZORAM,KOLASIB,24.1905469,92.7136595,13.75,1.15,low
MIZORAM,LAWNGTLAI,22.3913377,92.7397189,6.333333333333333,0.53,low
MIZORAM,LUNGLEI,22.9519972,92.6336207,17.666666666666668,1.48,low
MIZORAM,MAMIT,23.7564387,92.4515374,7.75,0.65,low
MIZORAM,SAIHA,22.2876724,93.01336,8.666666666666666,0.73,low
MIZORAM,SERCHHIP,23.3052514,92.8455124,9.333333333333334,0.78,low
NAGALAND,DIMAPUR,25.9041378,93.7177609,13.666666666666666,1.15,low
NAGALAND,KIPHIRE,25.8117088,94.8474036,0.25,0.02,low
NAGALAND,KOHIMA,25.6618755,94.1019156,7.666666666666667,0.64,low
NAGALAND,MOKOKCHUNG,26.4795861,94.5105275,1.75,0.15,low
NAGALAND,MON,26.666667,95.0,1.75,0.15,low
NAGALAND,PEREN,25.4499691,93.6001738,1.1666666666666667,0.1,low
NAGALAND,PHEK,25.6700924,94.3843925,2.4166666666666665,0.2,low
NAGALAND,TUENSANG,26.2342107,94.741553,1.0833333333333333,0.09,low
NAGALAND,WOKHA,26.242251,94.1921153,2.0,0.17,low
NAGALAND,ZUNHEBOTO,26.0123803,94.5123719,2.0,0.17,low
ODISHA,ANGUL,21.102538,84.9536825,313.3333333333333,26.3,medium
ODISHA,BALASORE,21.5006421,86.919884,439.8333333333333,36.91,medium
ODISHA,BARAGARH,21.3335004,83.6190492,208.83333333333334,17.53,low
ODISHA,BERHAMPUR,21.4930852,86.6327298,163.41666666666666,13.71,low
ODISHA,BHADRAK,20.9854052,86.5934226,261.5,21.95,medium
ODISHA,BOLANGIR,20.7502257,83.2499464,253.58333333333334,21.28,medium
ODISHA,BOUDH,20.6407463,83.9969704,71.0,5.96,low
ODISHA,CUTTACK,20.4686,85.8792,269.3333333333333,22.6,medium
ODISHA,DEOGARH,21.5370786,84.7301184,93.0,7.8,low
ODISHA,DHENKANAL,20.8351494,85.6022305,244.08333333333334,20.48,medium
ODISHA,GAJAPATI,19.1966026,84.1930634,63.583333333333336,5.34,low
ODISHA,GANJAM,19.6090068,84.7080633,343.25,28.81,medium
ODISHA,JAGATSINGHPUR,20.2593872,86.1660878,123.66666666666667,10.38,low
ODISHA,JAJPUR,20.8746788,86.1215393,233.0,19.55,medium
ODISHA,JHARSUGUDA,21.8019368,83.9713964,96.16666666666667,8.07,low
ODISHA,KALAHANDI,19.8265757,83.0408702,173.83333333333334,14.59,low
ODISHA,KANDHAMAL,20.1306939,84.0790476,184.91666666666666,15.52,low
ODISHA,KENDRAPARA,20.5475164,86.5296168,149.5,12.55,low
ODISHA,KEONJHAR,21.5,85.5,318.6666666666667,26.74,medium
ODISHA,KHURDA,20.1531141,85.7076331,273.75,22.97,medium
ODISHA,KORAPUT,18.7232023,82.6100596,245.75,20.62,medium
ODISHA,MAYURBHANJ,21.9156338,86.3961824,446.3333333333333,37.46,medium
ODISHA,NAYAGARH,20.2393682,85.050728,96.5,8.1,low
ODISHA,NUAPADA,20.5412657,82.5292352,80.5,6.76,low
ODISHA,PURI,19.8076083,85.8252538,165.91666666666666,13.92,low
ODISHA,RAYAGADA,19.4426698,83.5873053,137.16666666666666,11.51,low
ODISHA,ROURKELA,22.2309255,84.8678705,144.33333333333334,12.11,low
ODISHA,SAMBALPUR,21.5570606,84.1528515,141.91666666666666,11.91,low
ODISHA,SONEPUR,20.8453864,83.909083,71.16666666666667,5.97,low
ODISHA,SUNDARGARH,22.0605153,83.9359154,129.5,10.87,low
PUNJAB,AMRITSAR,31.6356659,74.8787496,125.8,10.56,low
PUNJAB,BARNALA,30.3716802,75.5039887,44.333333333333336,3.72,low
PUNJAB,BATALA,31.8193025,75.1999941,77.41666666666667,6.5,low
PUNJAB,BHATINDA,30.206791,74.9463699,118.5,9.94,low
PUNJAB,FARIDKOT,30.6014507,74.7950176,55.333333333333336,4.64,low
PUNJAB,FATEHGARH SAHIB,30.6634042,76.3803,42.916666666666664,3.6,low
PUNJAB,FEROZEPUR,30.6839733,76.3594033,103.75,8.71,low
PUNJAB,GURDASPUR,31.9037264,75.2275587,84.58333333333333,7.1,low
PUNJAB,HOSHIARPUR,31.6092942,75.8459754,130.5,10.95,low
PUNJAB,JAGRAON,30.8041704,75.4753645,59.857142857142854,5.02,low
PUNJAB,JALANDHAR,31.2922312,75.5678878,242.2,20.33,medium
PUNJAB,KAPURTHALA,31.3856476,75.3053304,81.0,6.8,low
PUNJAB,KHANNA,30.700625,76.2220763,46.333333333333336,3.89,low
PUNJAB,LUDHIANA,30.9090157,75.851601,298.2,25.03,medium
PUNJAB,MAJITHA,31.7565085,74.9567976,57.666666666666664,4.84,low
PUNJAB,MANSA,29.8764133,75.4889564,45.25,3.8,low
PUNJAB,MOGA,30.7877554,75.159359,63.666666666666664,5.34,low
PUNJAB,MUKTSAR,30.4692,74.5182,52.416666666666664,4.4,low
PUNJAB,PATIALA,30.2092778,76.3397231,221.41666666666666,18.58,medium
PUNJAB,ROPAR,30.9688367,76.526088,65.66666666666667,5.51,low
PUNJAB,SANGRUR,30.135717,75.8533326,113.33333333333333,9.51,low
PUNJAB,TARN TARAN,31.3212453,74.8416687,68.91666666666667,5.78,low
RAJASTHAN,AJMER,26.4691,74.639,693.4166666666666,58.19,high
RAJASTHAN,ALWAR,27.4140049,76.6170387,732.8333333333334,61.5,high
RAJASTHAN,BANSWARA,23.4915047,74.3502172,305.9166666666667,25.67,medium
RAJASTHAN,BARAN,24.9208165,76.6821985,501.25,42.07,medium
RAJASTHAN,BARMER,25.5814853,71.1924922,249.5,20.94,medium
RAJASTHAN,BHARATPUR,27.0246959,77.2920116,584.75,49.07,high
RAJASTHAN,BHILWARA,25.470994,74.6961316,657.1666666666666,55.15,high
RAJASTHAN,BIKANER,28.0159286,73.3171367,427.75,35.9,medium
RAJASTHAN,BUNDI,25.4367659,75.7361471,472.6666666666667,39.67,medium
RAJASTHAN,CHITTORGARH,24.7171578,74.4718129,747.0,62.69,high
RAJASTHAN,CHURU,28.2047781,74.6912996,331.4166666666667,27.81,medium
RAJASTHAN,DAUSA,26.8048659,76.4437457,205.83333333333334,17.27,low
RAJASTHAN,DHOLPUR,26.7010642,77.896749,255.58333333333334,21.45,medium
RAJASTHAN,DUNGARPUR,23.8538893,73.7087177,203.08333333333334,17.04,low
RAJASTHAN,GANGANAGAR,25.9061389,76.4815499,715.6666666666666,60.06,high
RAJASTHAN,HANUMANGARH,29.3659533,74.298429,463.3333333333333,38.88,medium
RAJASTHAN,JAIPUR,26.9154576,75.8189817,1001.4,84.04,high
RAJASTHAN,JAISALMER,27.0264162,70.777512,52.333333333333336,4.39,low
RAJASTHAN,JALORE,25.2093482,72.3178889,199.25,16.72,low
RAJASTHAN,JHALAWAR,24.3132368,76.5221078,555.6666666666666,46.63,high
RAJASTHAN,JHUNJHUNU,28.0798944,75.5424211,325.9166666666667,27.35,medium
RAJASTHAN,JODHPUR,26.2967719,73.0351433,483.0,40.53,medium
RAJASTHAN,KARAULI,26.5158329,77.0565965,250.16666666666666,20.99,medium
RAJASTHAN,KOTA,25.1737019,75.8574194,678.6,56.95,high
RAJASTHAN,NAGAUR,26.9873443,73.7389011,456.5833333333333,38.32,medium
RAJASTHAN,PALI,25.4552211,73.419389,541.3333333333334,45.43,high
RAJASTHAN,RAJSAMAND,25.2892459,73.8241077,260.8333333333333,21.89,medium
RAJASTHAN,SAWAI MADHOPUR,26.2290186,76.3043561,257.0,21.57,medium
RAJASTHAN,SIKAR,27.6624156,75.0279971,315.0833333333333,26.44,medium
RAJASTHAN,SIROHI,24.8114047,72.8300257,230.83333333333334,19.37,medium
RAJASTHAN,TONK,26.1223198,75.6632235,341.9166666666667,28.69,medium
RAJASTHAN,UDAIPUR,24.578721,73.6862571,610.4166666666666,51.23,high
SIKKIM,EAST,27.5858069,88.1101127,18.166666666666668,1.52,low
SIKKIM,NORTH,27.666667,88.5,1.1666666666666667,0.1,low
SIKKIM,SOUTH,27.6922768,88.1540142,15.916666666666666,1.34,low
SIKKIM,WEST,27.9820852,88.6848163,10.333333333333334,0.87,low
TAMIL NADU,ARIYALUR,11.1530559,79.2585797,99.6,8.36,low
TAMIL NADU,CHENNAI,13.0836939,80.270186,539.0833333333334,45.24,high
TAMIL NADU,COIMBATORE URBAN,10.9757337,76.9959721,96.25,8.08,low
TAMIL NADU,CUDDALORE,11.5202071,79.3396356,202.5,16.99,low
TAMIL NADU,DHARMAPURI,12.1456131,78.1132217,163.41666666666666,13.71,low
TAMIL NADU,DINDIGUL,10.4257161,77.8154728,168.33333333333334,14.13,low
TAMIL NADU,ERODE,11.4905282,77.3505274,144.25,12.11,low
TAMIL NADU,KANCHIPURAM,12.9647163,79.9839686,102.58333333333333,8.61,low
TAMIL NADU,KANYAKUMARI,8.079252,77.5499338,178.66666666666666,14.99,low
TAMIL NADU,KARUR,10.8217671,78.3828654,65.08333333333333,5.46,low
TAMIL NADU,NAGAPATTINAM,10.6026203,79.7619348,115.33333333333333,9.68,low
TAMIL NADU,NAMAKKAL,11.3033889,78.118604,122.41666666666667,10.27,low
TAMIL NADU,NILGIRIS,11.4449997,76.69752,43.666666666666664,3.66,low
TAMIL NADU,PERAMBALUR,11.2902641,78.9300404,102.58333333333333,8.61,low
TAMIL NADU,PUDUKOTTAI,10.3826515,78.8191259,114.75,9.63,low
TAMIL NADU,RAMNATHAPURAM,9.5,78.5,92.41666666666667,7.76,low
TAMIL NADU,SIVAGANGAI,9.9650599,78.7204283,95.58333333333333,8.02,low
TAMIL NADU,THANJAVUR,10.659037,79.2014278,158.83333333333334,13.33,low
TAMIL NADU,THENI,9.8692558,77.4222974,148.66666666666666,12.48,low
