disease,baseline_severity
(vertigo) Paroymsal  Positional Vertigo,mild
AIDS,severe
Acne,mild
Alcoholic hepatitis,severe
Allergy,mild
Arthritis,moderate
Bronchial Asthma,moderate
Cervical spondylosis,mild
Chicken pox,moderate
Chronic cholestasis,moderate
Common Cold,mild
Dengue,severe
Diabetes ,moderate
Dimorphic hemmorhoids(piles),mild
Drug Reaction,moderate
Fungal infection,mild
GERD,mild
Gastroenteritis,moderate
Heart attack,critical
Hepatitis B,severe
Hepatitis C,severe
Hepatitis D,severe
Hepatitis E,severe
Hypertension ,moderate
Hyperthyroidism,moderate
Hypoglycemia,severe
Hypothyroidism,mild
Impetigo,mild
Jaundice,moderate
Malaria,severe
Migraine,mild
Osteoarthristis,mild
Paralysis (brain hemorrhage),critical
Peptic ulcer diseae,moderate
Pneumonia,severe
Psoriasis,mild
Tuberculosis,severe
Typhoid,moderate
Urinary tract infection,mild
Varicose veins,mild
hepatitis A,moderate
