osm_id,name,lat,lon,speciality_tag,emergency_tag,operator_type,addr
node/6481937416,ADR Hospital,17.458369,78.537879,,,,
node/6549301063,ADRM HOSPITAL,17.398498,78.536071,,,private,Hyderabad
relation/11902466,AIG HOSPITALS,17.443208,78.366195,,,private,Hyderabad
node/4482541490,AINU (Asian Institute of Nephrology & Urology),17.416654,78.453476,nephrology;urology,,private,Anand Nagar Entrance Road
node/4576289992,AMMA EYE CARE HOSPITAL,17.341231,78.558156,,,private,chinthalkunta Singal
node/8739430485,AMVI Hospital,17.398844,78.365294,gynaecology;maternity;cosmetic;fertility;surgery,,,"Hyderabad, Puppalaguda - Narsingi Road"
node/6549209512,ANAND EYE INSITUTE,17.418328,78.542785,,,private,
node/5608402071,APEX HOSPITAL,17.408074,78.598812,,,,Hyderabad
node/6549320016,ARC HOSPITAL,17.471492,78.567641,,,private,
node/11001544010,AREA HOSPITAL MALKAJGIRI,17.450481,78.53212,,,government,Geetha Nagar Malkajgiri
node/6548861206,ARUNODAYA HOSPITAL,17.525436,78.370941,,,,Hyderabad
node/6497362076,ASTER PRIME HOSPITALS (SRI SAINATHA MULTISPECIALITY HOSPITAL PVT.LTD.),17.437348,78.446257,Anesthesiology;Cardiology;Diabetology;Dermatology;ENT Head and Neck Surgery;General Internal Medicine;General and Laparoscopic Surgery;Gynaecology and Obstetrics;Gastroenterology and Hematology;Neonatology and Paediatrics;Neurology and Neuro Surgery,,private,
way/356270074,ASVINS Specialty Cancer Hospital,17.424961,78.45639,oncology;emergency;paediatric_surgery;multispeciality,yes,private,"Somajiguda, durga nagar road"
node/6548833978,AVANI LASER EYE HOSPITAL,17.365866,78.552243,,,private,
node/6518297217,AVI Clinic,17.409014,78.586413,paediatrics,,,"Hyderabad, Mallikarjuna Nagar, Boduppal"
way/849386241,Aakar Asha Hospital,17.489187,78.407808,,,private,"Hyderabad, Opp. Metro Pillar No:A-782, Kukatpally Main Road, NH65, Kukatpally, Hyderabad, Telangana 500072"
node/6481959033,Aarogya Hospital,17.385114,78.47541,,,,
node/6536327470,Aashritha Hospital,17.445501,78.567854,,,,
node/6481950561,Abhaya Multi Speciality Hospital,17.500718,78.382584,,,,
node/6528632311,Abinav Orthopedic Hospital,17.37004,78.527857,orthopaedics,,,
way/1484466808,Adithya  Hospital,17.591931,78.417844,general;psychiatry,yes,,
node/13611065402,Adithya Hospital,17.591942,78.417859,general;psychiatry,,,
node/6811749169,Aditya Hospital,17.513357,78.556607,,,,
node/6485458540,"Aditya Hospital, Uppal",17.401722,78.575656,Cardiology;Nephrology;Orthopaedics;Internal Medicine;Critical Care;Radiology;General Medicine;Gastroenterology;Endocrinalogy;Dermatology;Pulmonology;Pediatrics,,private,
node/6487452726,Akira Eye Surgical Annexe,17.403485,78.492435,,,,
node/6527832466,Akshaya Care Multi Speciality Hospital,17.417436,78.511832,,,,
node/6811749144,Al Madina General Hospital,17.305862,78.468388,,,,
node/6480048646,Al-Noor Hospital,17.403364,78.417285,,,,
node/6811749062,Alavi Hospital,17.492517,78.451227,,,,
node/6489782205,Allwin Hospital,17.409126,78.459209,,,,
node/6496972211,Alpha Super Speciality Hospital,17.358662,78.478082,,,,
node/11770993373,Amar Hospitals,17.477157,78.420403,,,,
node/6484704654,Amar Maternity Nursing Home,17.398745,78.506979,,,,
node/6503431340,Ambaa Hospitals,17.376355,78.42031,,,,
node/1224523179,Ambicare Hospital,17.453518,78.364084,,no,,
node/513439512,Ameerpet Government Hospital,17.441714,78.447878,,,,
node/6536715096,American Oncology Institute,17.470701,78.310914,,yes,,
node/6811749024,Amma Hospitals,17.372487,78.522991,,,,
node/6503660417,Ammaji Childrens Hospital,17.400249,78.566541,paediatrics,,,
node/6549196760,Amrita ENT Head & Neck Hospital,17.488561,78.391521,,,private,
node/6497369555,Amrutha Diabetic Centre,17.429245,78.453126,,,,
node/6559309139,Amrutha Hospital For Health and Fitness,17.391887,78.440622,,,,
node/6486935781,Anand Vitreo Retina Institute Pvt Ltd,17.425542,78.534093,,,,
node/6487122129,Anantha Lakshmi Kidney and Multi Specialty Hospital,17.397465,78.536646,,,,
node/8763496906,Ananya Hospital,17.484717,78.41298,,,,
node/6503755850,Anitha Nursing Home,17.494391,78.323247,,,,
node/6480023416,Ankith Multi Speciality Hospital,17.350395,78.510534,,,,
node/7243959583,Ankura Children hospital,17.49473,78.341244,,,,
node/6503394122,Ankura Children's Hospital,17.482022,78.552504,Neonatology;Pediatric Critical Care;Paediatric Emergency;Paediatric Surgery;Pediatric Dentistry;Paediatric Neurology;Paediatric Cardiology;Paediatric Endocrinology,,private,
node/6248961986,Ankura Hospital for Women & Children,17.472998,78.387207,Neonatology;Pediatric Critical Care;Paediatric Emergency;Paediatric Surgery;Pediatric Dentistry;Paediatric Neurology;Paediatric Cardiology;Microbiology;Endocrinology;Physiotherapy;Psychiatry;Dermatology;Dental Health;Diet and Nutrition,,private,
node/6486957243,"Ankura Hospital, Boduppal",17.40289,78.5829,,,private,
node/6537169461,Ankura Kodali Hospital,17.484064,78.448726,,,,
node/6261444586,Ankura Multispeciality clinic,17.473191,78.387263,,,,
node/2052640886,Anu Test Tube Centre,17.421779,78.460206,,no,,
node/5773420134,Anukrushna Hospitals,17.446158,78.53835,,,,
node/1985544651,Anupama Hospital,17.485604,78.390326,Dermatology; ENT; General Medice; Gynaecology and Obstetrics; Nephrology; Neuro Surgery; Plastic Surgery; Pediatric; Physiotherapy,yes,private,
node/6532335482,Anurag Orthopedic and Multispecial Hospital,17.368923,78.529985,orthopaedics,,,
node/6489894585,Anusha Hospital,17.387966,78.439723,,,,
node/6531743149,Anusha Maternity and Nursing Home,17.330984,78.578056,,,,
node/6482049740,Anvitha Hospital,17.431126,78.426611,,,,
node/6937779552,Apollo,17.459455,78.36598,,,,
node/665132281,Apollo Clinic,17.429095,78.533336,,,,
way/344478708,Apollo DRDO Hospital,17.342392,78.50734,,,private,
node/6151537449,"Apollo Dental Clinic, Hitech City",17.450384,78.382561,dental_oral_maxillo_facial_surgery;orthodontics,,private,
node/6559245433,Apollo Emergency Centre,17.372248,78.500847,,,private,
node/1553576934,Apollo Emergency Hospital,17.399396,78.479201,,yes,,
way/331631567,Apollo Hospital,17.494155,78.40317,,,,
way/413292045,Apollo Hospitals,17.43956,78.504704,general,yes,private,"Secunderabad, Pollicetty Towers, St Johns Rd, Regimental Bazaar, Shivaji Nagar"
node/6496916240,Apollo Spectra Hospitals,17.437643,78.452471,,,,
node/3619348034,Apoolo Clinic,17.459932,78.366084,,,,
node/6479961202,Apoorva Hospital,17.391388,78.436988,,,private,
node/6811749053,"Apple Diagnostic & Medical Centre, Kukatpally",17.493087,78.409696,,,,
node/6548903087,Apple Multi Speciality Hospital,17.398556,78.414307,,,private,Hyderabad
way/356234494,Appolo Cradle Hospital,17.416419,78.417558,,,,
node/6811749139,Aradhya Multi Speciality Hospital,17.469168,78.427532,,,private,Hyderabad
node/6491348622,Aravind Nursing Home,17.436447,78.496189,,,,
node/4716995091,Archana Hospital,17.495976,78.337417,,,private,Hyderabad
node/6811749180,Archana Multi Speciality Hospital,17.493498,78.320921,,,,
node/10993267945,Area Hospital,17.331469,78.565205,,,government,NGO's Colony
node/6546851783,"Area Hospital, Golconda",17.385259,78.402608,,,,Golconda
node/6542441846,"Area Hospital, Nampally",17.392256,78.463167,,,government,Habeebnagar
node/4711614465,"Area Hospital, Vanasthalipuram",17.32891,78.563899,,,,NGO's Colony
node/13423743515,Arete Hospitals,17.427674,78.374907,,yes,,
node/6493336766,Aries Maternity Hospital,17.392684,78.445518,,,,
node/827576106,Arogyasree Health care trust,17.430174,78.393732,,,,
node/6480099631,Aruna Hospital,17.47607,78.564014,,,,
node/6481978987,Arvind Eye Hospital,17.391894,78.437804,,,,
node/6562454569,Asha Hospital,17.483593,78.558066,,,,
node/6503723809,Ashok Kumar Hospital,17.392053,78.496156,,,,
node/6487162039,Asian E.N.T. Care Centre,17.421615,78.455677,,,,
node/2352095456,Asian Institute of Gastroenterology,17.421137,78.456656,Anaesthesiology; Bio Chemistry;Gastroenterology; Hepatology; Interventional Radiology; Micro Biology; Pathology; Radiology; Surgical Gastroenterology; Transfusion Medicine,,private,Red rose restaurant lane
node/6269697486,Aurobindo Nethralaya,17.491694,78.395825,,,,
node/10707719605,Avinash child hospital,17.414616,78.453925,,,,Venkataramana Colony
node/6503655627,Avis Ankura Hospital for Women & Children,17.411683,78.432401,,,,
node/6531378729,Avis Hospitals,17.429389,78.417826,,,,
node/8747916250,Aware Global Hospitals,17.334744,78.553045,,,,
node/6487288564,Aware gleneagles Global Hospital;Aware Gleneagles Global Hospital's Blood Bank,17.345958,78.539913,multi specialty,,private,
way/31549640,Axon Hospital,17.439328,78.442376,,yes,,
node/6487200705,Ayodhya Nursing Home,17.391338,78.434803,,,,
node/6497391583,Azam Hospital,17.364869,78.46264,,,,
node/6549197262,B.V.K. REDDY HOSPITAL,17.418579,78.517915,,,private,Hyderabad
node/6811749152,BBR Super Speciality Hospital,17.464246,78.457112,,yes,,
way/265204509,BHEL Hospital,17.496807,78.305277,,,,"hyderabad, BHEL"
node/6497294673,BSR ENT & Eye Nursing Home,17.441658,78.490875,,,,
node/6549431958,Baabaji Nethralaya Eye Hospital,17.49102,78.396708,,,private,Hyderabad
node/6811749113,Bakoban Hospital,17.322434,78.4801,,,,
node/6503747239,Banjara 12 Hospital,17.407546,78.449616,,,,
node/6528608362,Bapuji Maternity and Nursing Home,17.422761,78.546977,,,,
node/8759287302,Basant Sahney Hospital,17.444462,78.504859,,,,
node/6510820223,Basant Sahney Hospitals,17.450545,78.503242,,,,
way/563524286,Basavatarakam Indo American Cancer Institute And Research Centre,17.417334,78.430541,Anesthesiology;Critical Care;ENT;Gastroenterology;General Medicine;Gynaecology;Medical Oncology;Micro Biology;Nuclear Medicine;Oncology;Pathology;Radiation Oncology;Surgical Oncology;,,private,
node/6531706878,Bhagyalatha Hospital,17.331248,78.588256,,,,
node/8113834531,Bharati Nursing Home,17.449262,78.447369,,,,"Hyderabad, Sanathnagar"
way/698701428,Bhaskar General Hospital,17.332635,78.299903,,,,
node/7925585585,Bhaskara Hospital,17.51644,78.445742,,,,"Hyderabad, RS Brothers Road, Shapur Nagar"
way/356200125,Bhaskara Orthopaedic Centre,17.469295,78.564869,,,,
node/6487647064,Bhavan's Sarada Devi Hospital,17.482517,78.551069,,,,
node/6504255627,Bhavika Nursing Home,17.440773,78.449212,,,,
node/6487777184,Bhavya Hospital,17.377156,78.557005,,,,
node/8751748313,Bhrungi Hospitals,17.31372,78.560974,,,,
node/4422254585,Blood Bank,17.42492,78.413994,,,,
node/6503106727,Bloom Hospitals - Unit of Janapareddy Hospitals.,17.460697,78.490467,multi specialty,,private,
node/8759239032,Brinnova rehabilation centre,17.410916,78.432519,,,,
node/6481946699,Bristlecone Hospital,17.392017,78.49616,Neurology;Urology and Nephrology;Obstetrics and Gynecology;Endoscopy;Pediatrics and Neo Natology;Orthopedics;Plastic Surgery;General Surgery;Trauma;Endocrine;Skin and Aesthetics;ENT;Diagnostics,,private,
node/6485092469,C.C. Shroff Memorial Hospital,17.390804,78.496534,,,,
node/6548786015,CALCIUM HOSPITAL,17.506632,78.384242,,,private,Hyderabad
node/6508501597,CDR Hospitals,17.399138,78.483151,,,,
node/13181481501,CGHS Bandlaguda,17.363751,78.585004,,,,
node/11005951281,CHC KHAIRATABAD,17.444813,78.421911,,,government,6-1-968
node/6549366073,CITI NEURO CENTER,17.413727,78.424486,,,private,Hyderabad
node/1883475928,Care Clinic,17.420657,78.448162,,no,,
node/6481952537,"Care Hospital, Nampally",17.385431,78.474711,multi speciality,,private,
way/630869585,Care Hospitals,17.430536,78.372191,,,,Hi Tech City Main Road
way/413311009,Care Hospitals - Secunderabad,17.440056,78.497724,,,,
node/6505322583,Care Well Hospital,17.345288,78.456794,,,,
way/337928613,Care hospital,17.412535,78.45041,multi specialty,,private,
node/3390967828,Carewell Diabetes and General Hospital,17.51134,78.446946,,,,gajuularamaram road
node/6496690608,Centre For Sight - New Vision Laser Centers,17.40665,78.475913,,,private,
node/6471883031,Centre For Sight Superspecialty Eye Hospital,17.424808,78.422562,ophthalmology,,private,
node/8763259938,Centre for DNA Fingerprinting and Diagnostics,17.3931,78.557539,,,,
node/4419091498,Century hospital,17.407267,78.444257,,,,
node/6811749066,Chaitanya Hospital,17.469442,78.425677,,,private,Hyderabad
node/6531941189,Chaithanya Multi Speciality Hospital,17.3363,78.569293,,,,
node/6489591500,Challa Eye Care Centre,17.428187,78.432519,,,private,
node/4486660717,Challa Hospital,17.439619,78.450794,multi specialty,,private,
node/13673824533,Chanda Nursing homes,17.374772,78.469125,,,,
node/6531352585,Chandamama Hospital,17.427371,78.551769,general,,private,
node/6493547008,Chandana Hospitals,17.459305,78.478591,,,,
node/8751762404,Chavan Hospitals,17.313853,78.50846,,,,
node/9605389618,Chenna reddy hospital,17.494058,78.321224,,,,
node/13707203217,Chetana Hospital,17.436006,78.483215,psychiatry,yes,,
node/3640604684,Childrens Hospital,17.516119,78.438899,paediatrics,,,"Hyderabad, Gajularamaram Road"
node/6536715097,Citizens Specialty Hospital,17.470774,78.311311,Anesthesiology;Bariatric Surgery;Cardiology;Critical Care;Dentistry;Dermatology;Diabetology;ENT;Gastroenterology;General Surgery;Internal Medicine;Nephrology;Neurology;Gynaecology;Orthopedics;Pediatrics;Surgical Oncology;Urology,yes,private,
node/6495303036,Clear Vision Eye Hospital,17.39863,78.484916,Comprehensive Eye Check up;Cataract Clinic;Lasik and Laser Clinic;Blade Free Lasik Surgery;Cornea Clinic;Glaucoma Clinic;Retinal Clinic;Pediatric Ophthalmology;Squint Clinic;Oculoplasty Clinic;Opticals and Contact Lens,,private,
node/6811749025,Cocoon Hospital,17.360911,78.389319,,,,
node/11935458418,Community Health Centre Rajendranagar,17.320349,78.401804,,,government,MAINROAD
node/10989359035,"Community Health Centre, AMBERPET",17.392195,78.517821,,,government,"MCH, colony"
node/11005968513,"Community Health Centre, AMEERPET",17.448549,78.424885,,,government,BALKAMPET ROAD
node/11936156147,"Community Health Centre, BARKAS",17.314481,78.483172,,,government,OPP:CRPF play ground
node/6543812599,"Community Health Centre, Jangammet",17.334207,78.469834,,,government,Near Govt. Jr.College
node/10969330843,"Community Health Centre, Lalapet",17.43883,78.54187,,,government,Lane opposite Ram theatre
node/6846152947,"Community Health Centre, Panipura",17.373237,78.446451,,,government,Pannipura
node/11001513668,"Community Health Centre, Seethaphalmandi",17.426535,78.519298,,,government,Seethaphalmandi
way/254295845,Continental Hospitals,17.417665,78.339131,multi specialty,yes,private,
node/8760905236,Cosmo Derma,17.490867,78.397017,,,,
way/356249092,Ctomatodont Dental Care,17.450263,78.534965,dentistry;emergency,yes,private,"Hyderabad, Geetha nagar Malkajgiri"
node/6486037407,Cure Hospitals,17.459589,78.478021,,,,
node/6485868703,Curewell Hospital,17.405921,78.460653,,,,
node/3207060834,Cygnus Institute of Gastroenterology Centre,17.497663,78.390105,,,private,Hyderabad
node/11925953631,D.K.GOVT. HOMOEO HOSPITAL,17.384167,78.456235,,,government,Ramanthapur
node/6548797464,DELTA HOSPITALS,17.32537,78.557603,,,private,
node/8748452003,DIVA Multispeciality Clinics,17.364138,78.394711,general;surgery;oncology;endocrinology;dermatology;gynaecology;gastroenterology,no,private,"Hyderabad, Near MS Function Hall, Hydershahkote"
node/11005197974,"DK Govt Homoeopathic Hospital, Ramanthapur, Hyd",17.397913,78.531018,,,government,Warangal Highway Road
node/6846423887,DR NAVEEN REDDYS GENERAL HOSPITAL,17.454615,78.42001,,,private,
node/6549298910,DR RAJASHEKAR REDDY LAPAROSCOPY HOSPITAL,17.354285,78.547043,,,private,
way/356234454,DR SHARATH CHANDRA,17.430794,78.41721,,,,
node/8909248529,DTC TB Unit Erragadda,17.445215,78.43241,,,,
node/6485066503,Dangoria Maternity and Nursing Home,17.407779,78.497509,,,,
node/6507837294,Deccan College Of Medical Sciences,17.340339,78.507233,,,,
node/6485668057,Deepa Hospital,17.376392,78.467645,,,,Hyderabad
node/3166260336,Deepthi Diagnostics,17.439007,78.440638,,,,
node/2779844594,Dental Care,17.410385,78.485277,,,,
node/1438252866,Dental Hospital,17.451435,78.531197,,yes,,
node/13436948463,Dental clinic,17.396815,78.501482,,,,
node/6505528362,Desai Nursing Home,17.398215,78.484366,,,,
node/6494829945,Devi Maternity Home,17.493617,78.512783,,,,
node/6530772004,Dhanunjaya Nursing Home,17.452482,78.56857,,,,
node/6505516403,Dharani Hospital,17.383787,78.436729,,,,
node/6482035085,Disha Children's Hospital,17.352518,78.555116,,,private,
node/6527671224,Disneys Medi-Kid Hospitals Pvt. Ltd,17.432212,78.449068,,,,
node/6549028392,"District Hospital, King Koti",17.393224,78.481999,,,government,King Koti
node/10790318146,Dr Agarwals Eye Hospital,17.431017,78.371698,,,private,
node/8759630720,Dr Naveen Reddy Hospital,17.453545,78.420649,,,,
node/8739449727,Dr Shaivalini - Gynecologist,17.398716,78.3653,gynaecology;fertility;surgery;cosmetic,,private,"Hyderabad, Puppalaguda - Narsingi Road"
way/698602581,Dr VRK Hospital,17.352139,78.334282,,,,
node/6503203211,Dr. Akbar Eye Hospital,17.393555,78.443528,Primary Eye Care;LASIK Services;Cataract Services;Cornea and Refractive Surgery Services;Glaucoma Services;Retina and Diabetic Retinopathy;Retina and Hypertensive Retinopathy;Contact Lens Services;Pediatric Service,,private,
node/6485316309,Dr. Laxman's Children Hospital,17.516036,78.44727,,,private,
node/6490784114,Dr. Mohan's Diabetes Specialities Centre,17.411108,78.482968,,,,
node/7244480650,Dr. Moinuddin clinic,17.394532,78.435277,,,,
node/6505184710,Dr. P. Siva Reddy Eye Hospital,17.39783,78.484294,,,,
way/417220229,Dr. Ramayya's Urology Nephrology Institute and Hospital Private Limited,17.404752,78.475113,LASER Prostate;LASER Stone;Lithotripsy;RIRS with Laser;Mini and Micro PCNL with LASER;Uro Dynamics;Neuro Urology;Laparoscopic Urology;Female Urology;Reconstructive Urology;Pediatric Urology;Uro Oncology;Male infertility;Andrology;Impotence,,private,
node/8763135141,Dr. Rao's ENT Super Speciality International Hospital,17.488124,78.394972,,,,
node/6498004164,Dr. Saxena Integrative Medicine Private Ltd.,17.405278,78.476577,,,,
node/6497614668,Dr. Sreedhar's Kidney & Infertility Hospital,17.391072,78.426785,,,,
node/6496972191,Dr. Zaibunnisa's Imtiyaz Hospital,17.373777,78.49589,,,,
node/6485566735,Dr.Agarwal's Eye Hospital,17.429817,78.450649,Cataract Surgery;Cornea and Refractive;Retina;Oculoplastic;Glaucoma;Uvea;Neuro Ophthamology;Squint and Pediatric Opthalmology;Lasik,,private,
node/6563256137,Dr.Agarwal's Eye Hospital - Dilsukhnagar,17.36909,78.522492,Cataract Surgery;Cornea and Refractive;Retina;Oculoplastic;Glaucoma;Uvea;Neuro Ophthamology;Squint and Pediatric Opthalmology;Lasik,,private,
node/6561211170,Dr.Agarwal's Eye Hospital - Santhosh Nagar,17.345513,78.508181,Cataract Surgery;Cornea and Refractive;Retina;Oculoplastic;Glaucoma;Uvea;Neuro Ophthamology;Squint and Pediatric Opthalmology;Lasik,,private,
node/6527839627,Dr.Padmaja Fertility Centre and Nursing Home,17.415015,78.545245,,,,
node/6505218409,Dr.Rao's ENT Super Speciality Hospital,17.430567,78.450333,Laser; Storz Tricam; Storz Endoscopes; Storz Headcam; Storz Xenon Cold Light Sources; Xomed Micro Debrider; Xomed Skeeter Drill; Ventilating Bronchoscopes with Optical Forceps; Temporal Bone Dissection Laboratory,,private,
node/6496907674,Dr.Shantabai Nursing Home,17.391374,78.475713,Obstetrics;Gynecology;Infertility;Pediatrics;General Surgery;Laparoscopy;Radiology;General Medicine,,private,
node/8909248538,Dr.Vivek's Multispeciality Dental care,17.447234,78.432645,,,,
node/7244398147,Dr.agarwals,17.493937,78.351628,,,,
node/6779797471,Dr.syed Ajaz hussain & Dr.syed mumtaz hussain,17.377481,78.49964,surgery,,,hyderabad
node/6484735190,Dristi Netralaya Hospital,17.469166,78.477329,,,,
node/6868572410,Durga prasad,17.423463,78.547807,general;gynaecology;surgery,,,"Hyderabad, HMT colony"
way/238282935,Durgabai Deshmukh Hospital and Research Centre,17.402037,78.510283,,,,
node/6549141042,ENT CARE HOSPITAL,17.49511,78.370612,,,private,Hyderabad
way/630961248,ESI Hospital,17.447715,78.439698,,,,
node/6548950430,EVYA HOSPITALS AND DIABETIC RESERACH CENTER,17.33922,78.570819,,,private,Hyderabad
node/6549374700,EYE CARE HYDERABAD,17.373982,78.498583,,,private,Hyderabad
node/6496885010,Eswar Eye Hospital,17.491726,78.397011,,,,
node/6494384142,Eva Care The Every Woman's Clinic,17.407891,78.442658,,,,
node/8763411325,Excel Hospitals,17.507999,78.502208,,,,
node/10087214571,Eye Care Hyderabad (Superspeciality Eye Hospital),17.375969,78.49736,,,,Hyderabad
way/1465001202,Eye Hospital,17.40873,78.502417,,,,
node/13673586497,Eye Hospital centre,17.37313,78.467254,,,,
node/8044148228,FAITH HOSIPTAL,17.359137,78.494577,,,private,Hyderabad
way/863515999,FAITH HOSPITAL,17.359116,78.494531,,,,
node/6549133126,FATIMA HOSPITAL,17.344836,78.459037,,,private,
node/6505593801,FMS Dental Hospital,17.38553,78.480188,,,,
node/6487866891,Fehmi Care Hospital,17.437122,78.427295,,,,
node/898965110,Fernandez Hospital,17.39215,78.479365,,,,
node/8891813172,Ferticare IVF Asist,17.427406,78.432167,,,,
node/6528257924,Focus Hospital,17.347322,78.519589,,,,
node/6531874857,G.B.R. Hospital,17.36927,78.534678,,,,
node/6497866894,G.M.C. Multi Speciality Dental Hospital,17.362184,78.482633,,,,
node/6491359724,G.N.R. Multispeciality Hospital,17.49926,78.512928,,,,
node/6549203906,GERMANTEN HOSPITALS,17.361957,78.428178,,,private,
node/6489576234,GSN Hospital,17.441842,78.445246,,,,
way/319567708,Gandhi Hospital,17.423101,78.503603,,,public; government,
node/6530719501,Ganga Nursing Home,17.362328,78.468563,,,,
node/6505386986,Ganga Orthopaedic and Maternity Hospital,17.371949,78.535881,,,,
node/6830806688,Gangaram Community Hall Health Sub Center,17.494495,78.329685,,,,
node/6484754716,Geeta Clinic And Maternity Home,17.391947,78.496958,,,,
node/6528552348,Geeta Multispeciality Hospital,17.370156,78.532029,,,,
node/6487033522,Geetanjali Test Tube Baby Centre,17.481299,78.556306,,,,
node/6484699042,Geetha Multi Speciality Hospital,17.447062,78.508245,,,,
way/1225570310,Gemini Health Care,17.337676,78.473338,,,,
way/357057519,Gleneagles Global Hospital,17.405273,78.463144,multi specialty,yes,private,
node/6490913751,Global Eye Hospital,17.491208,78.401169,Primary Eye Care;Lasik Services;Cataract Services;Cornea and Refractive Surgery Services;Glaucoma Services;Retina and Diabetic Retinopathy;Retina and Hypertensive Retinopathy;Contact Lens Services;Pediatric Service,,private,
node/13845243023,Gokul Speciality Clinics,17.494653,78.388164,family_medicine;surgery,,,"hyderabad, Sardar Patel Nagar Road"
node/6532379590,Goodlife Hospitals,17.369442,78.53142,,,,
node/6218850786,Goodwill Kidney and Surgical Centre,17.405702,78.450887,Urology;Nephrology and Other Surgical Procedures,,private,
node/6485587478,Goshamahal Hospital,17.381852,78.472729,,,,
node/8763123207,Goutam Neuro Care,17.492813,78.397999,,,,
way/200173462,"Government Area Hospital, Kondapur",17.463137,78.353015,,yes,,Sri Ram Nagar
node/2835659213,Government Ayurvedic Hospital,17.448067,78.433732,,,,
node/11934311883,"Government Ayurvedic Hospital, Erragadda, Hyderabad",17.448709,78.433843,,,government,AG COLONY ROAD
node/11936671649,Government Chest Hospital,17.445428,78.434959,,,government,Erragadda
node/8759163871,"Government ENT Hospital ,Koti",17.384523,78.482015,,,,
way/417241491,Government General and Chest Hospital,17.445311,78.434836,,,,Erragadda
node/8759435760,"Government Hospital, Suraj Bhan",17.353561,78.474542,,,,
node/9369819272,Government uphc,17.462233,78.558749,,,,
node/7357915007,Govt Hospital,17.397386,78.429434,,,,
node/13597379930,Govt street Hospital,17.332793,78.536748,paediatrics;general,,,"Hyderabad, bupeshgupta nagar"
node/6549335308,Green Leaf Health Centre,17.491594,78.409694,,,private,Hyderabad
node/6512822726,Gupta Hospital,17.366264,78.473135,,,,
node/5118590649,Guru Nanak Care Hospital,17.415398,78.497989,multi speciality,,private,
node/6811749047,Gutta Eye Clinic,17.432956,78.446139,,,,
node/6549349841,HAPPY HOSPITAL,17.494757,78.343236,,,private,Hyderabad
node/6549150740,HEALIX HOSPITAL,17.494321,78.34615,,,private,Hyderabad
node/6549211440,HIGH SIGHT SUPER SPECILAITY EYE HOSPITAL,17.416033,78.447354,,,private,
node/6549356692,HIRANYAA MULTI SPECIALITY & CHILDREN'S HOSPITAL,17.319822,78.519841,,,private,
node/6494385067,Habsiguda Poly Clinic and Nursing Home,17.417307,78.541202,,,,
node/6561341420,Happy Children Hospital - Chintal,17.496399,78.452393,,,,
node/4693614990,Happy Children's Hospital,17.492859,78.327984,,,,
node/6811749084,Harsha Dental Dantam Network Dental Hospitals,17.495804,78.452439,,,,
node/6490089435,Harsha Hospitals,17.520925,78.484531,multi specialty,,private,
node/6532327359,Harsha Neuro and General Hospital,17.368167,78.526738,,,,
node/6811749045,Hayatt Hospital,17.401225,78.412409,,,,
node/6531290879,Healing Touch Hospital,17.390334,78.45148,,,,
node/4972310519,Health Care Clinic,17.34486,78.459954,,,,Hyderabad
node/6811749023,Health Care General Hospital,17.539151,78.433749,,,,
node/6503794648,Health Care Hospitals,17.345335,78.549283,,,,
node/8751771666,Health Valley Hospital,17.464418,78.368245,,,,
node/3200948738,Healthcare Hospitals,17.345698,78.549763,,,,
node/6503145065,Hedge Maternity and Nursing Home,17.370974,78.514752,,,,
node/8747950688,Hegde Hospital,17.444623,78.384659,,,,
node/6513085407,Himabindu Multi Speciality Hospital,17.351268,78.509287,,,,
node/5405055776,Himagiri Hospital,17.442233,78.358714,multi specialty,,private,
node/8386162815,Holistic Hospital,17.514921,78.397576,,,,
node/6482108938,Homeocare International,17.443201,78.479696,homeopathy,,private,
node/2192962541,Hope Children's Hospital,17.406428,78.473881,Pediatric Super Specialities;Pediatric Surgeries;General Pediatrics;Pediatric Dentistry;Department of Nutrition,,private,
node/6549197557,Human Touch Hospital,17.352918,78.418073,,,private,Hyderabad
node/6495031117,Hyderabad Eye Centre,17.399564,78.484392,Phacoemulsification Catract Surgery; LASIK Surgery; Age Related Macular Degenraration; Squint Correction; Glaucoma; Diabetic Retinopathy; Oculoplastic Clinic,,private,
node/6503081897,Hyderabad Eye Hospital,17.394246,78.498974,,,,
node/6485104985,Hyderabad Kidney And Laparoscopic Centre,17.371746,78.500593,,,,Hyderabad
way/357710710,Hyderabad Multispeciality Hospital,17.371588,78.500565,,,,
way/356535696,Hyderabad Nursing Home,17.406903,78.476114,Critical Care; Dentistry; ENT; General Medicine; General Surgery; Gynaecology; Laparoscopy Surgery; Medical Oncology; Orthopaedics; Surgical Oncology; Urology,,private,
node/6510205415,Hyma Children's Hospital,17.367627,78.550873,,,,
node/6811749143,IBM Hospital,17.395735,78.417524,,,,
node/6549176002,IRIS EYE HOSPITAL,17.369622,78.427342,,,private,Hyderabad
way/357444200,ITMR Speciality Diagnostics,17.421269,78.449115,,,,
node/6504261883,Icon Hospital,17.485322,78.389928,Plastic Surgery;Reconstructive Surgery;Aesthetic Surgeries;Gynecology and Obsteric;Orthopedic;Pediatric;Pulmonology;General Medicine;Urology;Laproscopic Surgeries,,private,
node/6513323438,Image Hospital,17.431465,78.44668,,,,
node/349270023,Image Hospitals,17.444434,78.386075,,,,
way/874573425,Indira Hospital,17.2653,78.39125,,,,
way/357710826,Indo-US Hospital,17.372617,78.500655,,,private,Hyderabad
node/6503302425,Induss Hospitals,17.367485,78.535848,,,,
node/665132280,Innova Children's Heart Hospital,17.429316,78.533452,,,,
node/11940092750,Institute of Mental Health,17.450672,78.436112,,,government,"Main Road, Erragadda,"
node/6506106769,J S Mahaveer Hospital,17.448647,78.484905,,,,
node/6503370083,J.J. Hospital,17.444806,78.432429,,,private,
node/6811749096,J.K. Hospital,17.493399,78.397972,,,,
node/6549138754,JANAPAREDDY HOSPITAL PVT LTD,17.524611,78.482795,,,private,
node/6811749093,JBI Hospital,17.409239,78.400702,,,,
node/6549145505,JEEVAN HOSPITAL,17.344755,78.526915,,,private,Hyderabad
node/11736376192,JNTU Hospital,17.491548,78.391066,,,,
node/6486018651,Jaferia Hospital,17.370373,78.487161,,,,
node/4416373792,Jagadamba Hospitals,17.411539,78.490461,,,,
node/6531328860,Jain Multi Speciality Hospital,17.501904,78.540556,,,,
node/2835658220,Jaiswal Multi Speciality Hospitals,17.451097,78.422493,,,,"hyderabad, sriram nagar road"
node/6497366546,Janani Hospital,17.393794,78.5302,,,,
node/6811749056,Janani Hospital for Women and Children,17.489727,78.601772,,,,
node/12852371077,Janani infertility center,17.394351,78.52991,,,,
node/3598267888,Janapareddy Hospital,17.463172,78.490475,,no,,
node/6487137845,Jaya Bhushan Hospitals Pvt. Ltd,17.394618,78.438652,,,,
node/6531656648,Jaya Hospital,17.320856,78.561328,,,,
node/6567311932,Jayanti Maternity and Nursing Home,17.389349,78.47347,,,,
node/6487901010,Jayaprada Hospital,17.495147,78.51303,,,,
node/6487508548,Jayasai Hospital For Women,17.485059,78.447117,,,,
node/6537308259,Jeevan Sai Hospitals,17.331489,78.572181,,,,
node/8763119685,K K Reddy Hospital,17.491999,78.397239,,,,
node/2715310633,K Prakash Rao (eye specialist),17.407305,78.481642,,,,
node/6505207797,K.G.H The Family Hospital,17.372733,78.509658,,,,
node/6548826056,KASTURI MULTISPECIALITY HOSPITAL,17.438927,78.506087,,,private,Hyderabad
node/6505187568,KIMS BIBI Hospital,17.370256,78.500544,,,,
node/6855228385,KIMS Cruddle,17.465967,78.367807,,,,Gachibowli - Miyapur Highway
way/274482470,KIMS Hospital,17.43717,78.482478,multi specialty,,private,Minister Road
node/4679716389,KIMS Hospitals,17.466147,78.367744,,,private,
node/6548796448,KRUTI HOSPITAL ADVANCED EYE & DENTAL CARE,17.469289,78.486216,,,,Hyderabad
node/6549219227,KS MULTISPECIALTY HOSPITAL,17.469143,78.477752,,,,Hyderabad
node/6487508103,Kadimi Nursing Home,17.493931,78.326717,Laparoscopic Surgery and General Surgery;Obstetrics and Gynaecology;Infertility;Diabetes Care;Orthopadics and Trauma;Physician Care;Skin and Cosmetology;Eye;ENT;Urology;Dietician;Physiotherapy,,private,
node/6513234521,Kailash Diagnostic and Rehabilitation Center,17.38548,78.475217,,,,
node/6548854401,Kakatiya Hospital,17.449727,78.367239,,,private,
node/6562402576,Kamineni Fertility Centre,17.39293,78.479755,Assisted Reproductive Technology; Counselling; Cryopreservation Freezing ; Andrology; Pre Implantation Genetic Diagnostics; Diagnostics; Surgical Procedures,,private,
node/8745836201,Kamineni Hospital,17.361432,78.553953,,,,
node/6504284028,Kavya Nursing Home,17.494147,78.405352,,,,
node/6811749027,Keerthi Hospital,17.493225,78.604567,,,,
node/6490973815,Kerala Sanjeevani Ayurvedic Centre,17.417401,78.457772,,,,
node/6485054519,Kid Care Children's Hospital,17.484116,78.448892,,,,
node/6484775841,Kiran Hospital,17.345276,78.528248,,,,
way/355678228,Kiran Skin Care Hospital,17.496662,78.397594,,,,
node/6496965130,Kiran Swetha Children Clinic,17.494738,78.322573,,,,
node/2710949939,Kirloskar Hospital,17.403607,78.475363,,,,
node/6484965004,Kishan Rao Hospital,17.394299,78.507937,,,,
node/6484886609,Kishorechand Chordia Eye Centre,17.372944,78.467302,,,,
node/6482123599,Konark Hospitals,17.512362,78.47546,multi specialty,,private,
node/6485264332,Kosaraju Hospitals Private Ltd.,17.375538,78.419026,,,,
node/728848279,Krishna Children's Hospital,17.402133,78.46253,,,,
node/6532342640,Krishna Hospital,17.333476,78.531298,,,,
node/6490857331,Krishna Maternity And Nursing Home,17.428101,78.517051,,,,
node/6488483046,Krishna Multi Speciality Hospital,17.397343,78.560343,,,,
node/6511165512,Krishna Sai Multispeciality Hospital,17.345084,78.528888,,,,
node/6308345580,Krishnaveni Hospitals,17.328667,78.599351,,,,
way/660771331,L V Prasad Eye Institute,17.424675,78.42757,ophthalmology,,private,
node/1435322433,L.K. Diagnostic,17.451288,78.535486,,yes,,
node/1435322445,L.K. Hospitals,17.451385,78.535252,,yes,,
node/6485848266,L.V. Prasad Eye Institute,17.439126,78.395838,,,,
node/1215214084,LEAF HOSPITAL,17.462961,78.367395,,,private,Hyderabad
node/6548891585,LEGEND HOSPITAL,17.336046,78.576292,,,private,Hyderabad
node/6548867226,LIMS HOSPITAL,17.260259,78.384627,,,private,Hyderabad
node/6531745861,Lakshmi Children's Hospital,17.369612,78.530239,paediatrics,,,
node/1504756065,Lakshmi Childrens Hospital,17.368831,78.530189,paediatrics,,,
node/6528602779,Lakshmi Health Care Hospital,17.332083,78.573273,,,,
node/6513406843,Lakshmi Maternity and Nursing Home,17.400218,78.484001,,,,
way/356261664,Lakshmi Narayana Speciality Clinics,17.430722,78.42428,,,,"Hyderabad, Road no 2, Jubilee Hills"
node/6811749148,Lakshmi Priya Nursing,17.40283,78.574145,,,,
node/6549183267,Lakshmi Sailaja Hospiatal,17.508434,78.461431,,,private,Hyderabad
way/902925307,Lakshmi hospital,17.490585,78.337403,,yes,,"hyderabad, Manjira Pipeline Road"
node/6549350559,Landmark Hospital,17.499227,78.388002,,,private,Hyderabad
node/6511251151,Lazarus Hospitals,17.399535,78.463035,,,,
node/6482129255,Leads Medical Centre,17.425248,78.453724,,,,
node/6489843355,Leela Hospital,17.455416,78.42381,,,,
node/3533084115,Life Spring Hospitals,17.428995,78.51207,,,,
node/6496708723,Life Spring Maternity Hospital,17.459459,78.55767,,,,
node/6811749041,Lifeline Hospital,17.493471,78.604817,,,,
node/6503384572,Lifespring Hospital,17.466073,78.483278,,,,
node/6811749004,Lions Club Of Hyderabad Multi Speciality Hospital,17.519821,78.442788,,,,
node/6480033798,Lions Club of Hyderabad Sadhuram Eye Hospital,17.407714,78.478163,Cataract and IOL Surgery Including Phaco Surgical Facilities;Vitreo Retinal Services;Glaucoma Services;Corneal Services;Contact Lenses Services;A and B Scan Facilities;Automated Visual Field Analyzer;Laser Treatment,,private,
node/6513267731,Lions Dundoo Eye Institute,17.450478,78.50622,,,,
node/6505503898,Lions Patny Hospital,17.45035,78.503478,,,,
node/6510503879,Little Star Children's Hospital (A Unit Of Thirumala Child Health Services Pvt. Ltd),17.427043,78.450353,,,,
node/6530792770,Live Life Hospital,17.438303,78.399498,Dermatology; Advanced Laparoscopy,,private,
node/6480067093,"Lotus Children's Hospital, Lakdikapul",17.404114,78.461165,Pediatric Intensive Care Unit;Neonatology Service;Pediatric Cardiology;Pediatric NeuroSurgery;Physiotherapy;Childrens Gastroenterology;Pediatric Gastroenterology;Pediatric Endocrinology;Pediatric Hematology and Oncology;ENT Surgery;Ophthalmology;,,private,
way/251804751,"Lotus Hospitals, Kukatpally",17.491028,78.393124,Pediatrics,yes,private,
node/2428125212,Lucid Clinic,17.497904,78.391161,,,,
node/6489613991,M S Reddy Lions Eye Hospital,17.45714,78.563108,,,,
node/8760246825,MAA E.N.T. Hospitals,17.427266,78.414327,,,,
node/6548789473,MAAX LIFE HOSPITALS,17.345238,78.527649,,,private,Hyderabad
node/6549162110,MANKINDD HOSPITAL,17.405516,78.480162,,,private,
node/6548782136,MAXCURE SUYOSHA WOMAN & CHILD HOSPITAL,17.446436,78.378648,,,private,Hyderabad
node/6548823374,MAYFLOWER HOSPITAL FOR WOMEN & CHILDREN,17.483271,78.552379,,,private,Hyderabad
node/6549348757,MCS NEURO HOSPITAL,17.49256,78.397743,,,private,Hyderabad
node/6547206093,MEDISYS HOSPITALS (A UNIT OF OXYEN MEDICARE CANCER CARE PVT LTD ),17.34115,78.557759,,,private,Hyderabad
node/6549150687,MEDIVISION SUPER SPECIALTY HOSPITAL,17.516229,78.447238,,,private,Hyderabad
node/6549332628,METRO CURE HOSPITAL,17.372615,78.501002,,,private,
node/11937489795,"MG Govt Maternity Hospital, Petla Burz",17.368461,78.467418,,,government,Petlaburz
node/12185383852,MK Dentistry,17.395148,78.455663,dentist,yes,private,"Hyderabad, above ICICI Bank, Syed Azam Colony, Vijaya Nagar Colony"
node/11938622049,MNJ Institute of Oncology and Regional Cancer Center,17.392244,78.460193,,,government,"Red Hills, Lakadikapul,"
node/6549437828,MOTHERHOOD FERTILITY CENTRE,17.496072,78.345239,,,private,Hyderabad
node/6495015780,Maa Ent Institute,17.426077,78.457375,,,,
node/6485663642,Madhava Nursing Home,17.440958,78.502094,,,,
node/6811749001,Madhusudhan Hospital,17.488394,78.39696,,,,
node/6549371813,Magnas ENT Hospital,17.368126,78.530836,,,private,Hyderabad
node/6216425386,Mahatma Sriramachandra Centenary Memorial Hospital,17.394813,78.452506,,,,
node/726240837,Mahavir Hospital and Research Centre,17.403664,78.457063,,,,
node/6507797498,Mahesh Hospital And Research Foundation,17.400473,78.491496,,,,
node/11082456129,Maholla Clinic,17.456675,78.41155,,,,
node/6496875044,Majestic Hospital,17.379978,78.421019,General Surgery; Pediatric; Orthopedics; Obstetrics and Gynaecology; ENT; Anesthesiology; Opthamology; Dermatology,,private,
node/6061219781,Malla Reddy Health City (MRHC),17.545473,78.432605,,,,"Hyderabad, suraram"
node/3534837998,Malla Reddy Narayana Multispeciality Hospital,17.543987,78.433382,multi specialty,,private,
node/8760595032,Mamata Academy of Medical Sciences Hospital,17.538547,78.357472,,,,
node/6484884147,Mamata Fertility Hospital,17.439649,78.499169,,,,
node/2632328586,Mamata Nursing Home,17.488855,78.395995,,,,
way/281543243,Mamidipudi Nagarjunaa Area Hospital,17.3725,78.49859,,,,"Hyderabad, Government Press Road"
way/691648389,Mamtha Hospital,17.496697,78.397824,,,,
node/6504097065,Manas Eye Hospital,17.451483,78.424402,,,,
node/6496940849,Manjary Multispeciality Hospital,17.434898,78.54299,,,,
node/6532260599,Manju Sudha Multispeciality Hospital,17.369601,78.529242,,,,
node/6503438537,Mansoor Maternity And Childrens Hospital,17.393511,78.456818,,,,
node/6512969319,Maruthi Hospital,17.349732,78.515181,,,,
node/6487365747,Marvel Maternity and Nursing Home,17.329252,78.478758,,,,
node/6485325429,Maternal Health and Research Trust,17.424088,78.431708,,,,
node/2354679489,Matpathy Clinic,17.406849,78.392201,,no,,
node/6490770019,Matrika Hospital,17.427416,78.460706,,,,
node/6489610677,Matrix Hospital,17.400237,78.540506,Medical Specialities;Surgical Specialities;Plastic Surgery;Obstetrics and Gynaecology;Physiotherapy;Dietitics;Dentistry;Bariatric Surgery,,private,
way/378458223,Maxcure Hospital,17.406525,78.471645,,,private,
node/6531332945,Maxivision Eye Hospital,17.445853,78.466364,Cataract;Refractive;Laser;Cornea;Retina;Glaucoma;Pediatric,,private,
way/1122005587,Maxwell Hospital,17.454469,78.422008,,,,"HYDERABAD, Moti nagar"
node/6549439330,MedWise Hospital (A unit of Chirayu Avigna Healthcare),17.490815,78.396851,,,private,Hyderabad
node/6485435755,Meda Hospital Pvt. Ltd,17.483702,78.537314,,,,
node/6539071275,Medi Sight Eye Care centre,17.358799,78.523738,,,,
node/6503211364,Medi Vision Eye Care Centre,17.398849,78.44795,,,,
node/6248864185,Medical Store,17.494924,78.396953,,,,
node/6485500890,Medicare Hospital,17.340328,78.54956,,,,
node/13337356007,Medicare Hospitals,17.349695,78.548386,,,,
node/13531355136,Medicover,17.455214,78.37756,,,,
node/8733731577,"Medicover Hospital ,Chandanagar",17.498279,78.314618,,,,
way/413327528,Medicover Hospitals Secunderabad,17.440505,78.504593,orthopaedics;cardiology;neurology;urology;vascular_surgery;general,yes,private,"Secunderabad, Sarojini Devi Rd, Regimental Bazaar, Shivaji Nagar"
node/6846423892,Medicure Diagnostic and Research Center(Alekhya Scanning Center),17.395367,78.454415,,,,
node/11027534564,Medkid children's hospital,17.430249,78.448707,,,,
node/6494489670,Meds Hospital,17.365505,78.462008,,,,
way/417247417,Medwin Hospital,17.393587,78.471941,Anaesthesia;Cardiology;Dermatology;Diabetology;Endocrinology;Gastroenterology;General Medicine and family Medicine;Microbiology;Nephrology;Neurology;Pulmonology;ENT;General Surgery;Neuro Surgery;Obstetrics and Gynaecology;Plastic Surgery;Urology etc,yes,private,
node/3506878894,Meena Hospital,17.44165,78.521851,,,,
node/6528301302,Meenakshi Mother and Child Hospital,17.513097,78.554149,gynaecology;surgery;general;dermatology,yes,,
node/6494412250,Merit Care Hospital,17.493721,78.398375,,,,
node/6486930279,Micro Care Ent Hospital and Research Institute,17.494024,78.398545,,,,
node/6505499664,Midas ENT Head and Neck Super Speciality Hospital,17.368902,78.516868,,,,
node/6560362897,Military Hospital,17.472279,78.517031,,,,
node/8759531975,Mina multi speciality Hospital,17.373049,78.483844,,,,
node/6487886439,Mirra Multi Specialty Hospital,17.50447,78.356466,,,,
way/238298641,"Modern Government Maternity Hospital, Petla Burz",17.368448,78.467419,women_clinic,no,,Petlaburz
node/11082456132,Mohammadi Clinic,17.456434,78.410381,general;diabetology,,,
node/6508963155,Moosi Maternity and Genernal Hospital,17.375891,78.497161,,,,
node/6562677269,Motherhood Clinic,17.430028,78.374227,Maternity;Gynaecology;Pediatrics;Fertility;Intensive Care;Fetal Care;Cosmetology,,private,
node/6487670477,Muslim Maternity and Children's Hospital,17.375164,78.489881,,,,
node/7008089080,Mythri Clinic,17.503517,78.415654,,,,
node/6502946680,Mythri Hospital,17.383663,78.429241,,,,
node/6497026146,Mythri Multi Speciality Hospital,17.498235,78.314448,Casuality;Opthalmology;Dermatology;General Surgery;Physiotherapy;Neurology;Pediatrics;Cardiology,,private,
node/6549141640,NAIDU EYE HOSPITAL,17.494432,78.341565,,,private,Hyderabad
node/6549215300,NAVJEEVAN HOSPITAL,17.45558,78.498173,,yes,,Secunderabad
node/6505556901,NEO BBC Childrens Hospital,17.403052,78.510062,Pediatric Intensive Care Services;Neonatal Intensive Care Services;Pediatric Surgical Services,yes,private,
node/6549331502,NEPHROPLUS KIDNEY CARE HOSPITALS,17.41615,78.433864,,,private,
node/6548807629,NETHRA EYE INSTITUE,17.439183,78.442569,,,private,
node/6549358302,NETRA EYE AND MULTI SPECIALITY HOSPITAL,17.49553,78.454166,,,private,Hyderabad
way/246257880,NIRD Health Centre,17.314013,78.404605,,,,
node/5876735151,NIRD heatlth centre,17.314054,78.404596,,yes,,
node/6811749075,Nadipathy Hospital,17.321219,78.568712,,,,Hyderabad
node/6548918441,Nakshatra Hospitals,17.362388,78.557042,,,private,Hyderabad
node/9369555762,Nandini,17.452744,78.564725,,,,
node/8763276400,Nandini Hospital,17.486746,78.554012,,,,
way/849385520,Nature Cure Hospital,17.444638,78.451821,general;traditional_ayurvedic_medicine,yes,,"Hyderabad, Nature Cure Hospital Road"
node/8759181367,Navodaya Hospital,17.441665,78.48606,,,,
node/6078227506,Neelima - Sanath Nagar,17.456434,78.438865,Gynaecologist and Obstetrician;Anethesia's and Critical Care;Neurology;Paediatric;Orthopaedics;Gastroenterology;Cardiology;ENT;Urology;Plastic Surgery;Physiotheraphy,,private,Czech colony
node/6560815058,Neelima Hospital,17.456222,78.425652,Gynaecologist and Obstetrician;Anethesia's and Critical Care;Neurology;Paediatric;Orthopaedics;Gastroenterology;Cardiology;ENT;Urology;Plastic Surgery;Physiotheraphy,,private,
node/6505352702,Neo Retina Eye Care,17.396787,78.472845,,,private,
node/6496578004,Neo Vision Eye Care and Laser Center,17.417111,78.544087,,,,
node/6487281382,NephroPlus Dialysis Centre,17.450289,78.509942,,,,
node/6484867650,Nest Children's Hospital,17.459337,78.50042,,,,
node/6482100116,New Life Line Multi Specialty Hospital,17.487847,78.564727,,,,
node/6216425387,Nice Hospital,17.397239,78.456213,,,,
node/6494269592,Nightingale Hospital,17.3512,78.509449,,,,
node/6497913444,Nikhil Hospital,17.36821,78.520396,,,,
node/11936158149,Niloufer Hospital,17.398681,78.461038,,,government,"Baazar Ghat, Lakdi Ka Pul,"
way/356535887,"Nirmala Maternity, Orthopaedic & General Hospital",17.394349,78.451799,,,,
node/6485441362,Nisha Hospital,17.39442,78.462682,,,,
node/6485594351,Niyar Nursing Home,17.331301,78.487996,,,,
way/237976870,Nizam's Institute Of Medical Sciences,17.421908,78.451549,multi specialty,yes,public; government,
way/238194521,Nizamia Government General Hospital,17.360376,78.475051,,,,
relation/5330163,Nizams Institute of Medical Sciences Hospital (NIMS),17.422625,78.453436,,,,
node/2607590422,Nova ENT Hospital,17.418436,78.457264,,,private,
node/5636923030,OM Sai Hospital,17.313698,78.508731,,,,
node/8760672940,OMNI Hospitals,17.485384,78.410957,,,,
node/6549290634,ORIENT EYE HOSPITAL,17.394264,78.430725,,,private,Hyderabad
node/4576325189,OXYGEN AND Medicity Hospital,17.341672,78.557641,,,,
node/2217950153,OZONE HOSPITALS,17.359429,78.545068,,,private,Hyderabad
node/6549184413,Oakridge Hospitals,17.44484,78.385505,,,private,
node/6497571978,Oarchid Hospital,17.368848,78.534374,,,,
node/8759273395,Oasis Fertility Centre,17.441949,78.48993,,,,
node/14065542879,"Office Of The Director Of Health, Telangana",17.3881,78.488338,,,,
node/727283253,Old Apollo Hospital,17.398559,78.481411,,,,
way/182703660,Olive Hospital,17.393625,78.427292,multi specialty,yes,private,
way/356271386,Omega Hospital,17.41359,78.424019,Cancer Subspecialities;General Health Institute;Womens Wellcare Institute;ENT Institute;Orthopaedic Outreach Institute;Omega Cosmetic Surgery Center,,private,
node/11770988839,Omega Hospitals,17.436425,78.367581,,,,
node/1598149460,Omni Hospital,17.368478,78.538748,multi speciality,,private,
node/6563250152,Omni Hospital - Banjara Hills,17.407408,78.442825,multi specialty,,private,
node/13334012866,Oneders Clinics,17.409064,78.399991,dentist;dermatology;physiotherapy;paediatrics;gynaecology,,private,"Hyderabad, Old Bombay Highway"
way/238302531,Osmania General Hospital,17.372887,78.473511,,,,Afzalgunj
node/6560524869,Osmania General Hospital's Blood Bank,17.372843,78.474026,,,government,
node/8233811325,Osmania clinic,17.371344,78.501893,,,,
way/364871053,Owaisi Hospital and Research Centre,17.340922,78.506786,,yes,,
node/902311398,Oxygen Hospital,17.455698,78.498403,,yes,,Vikrampuri
node/6549400717,PACIFIC CLINICS (A Unit of Pacific Hospitals Pvt Ltd.),17.419476,78.371508,,,private,Hyderabad
node/6549172458,PADMVATI MEDICAL CENTRE,17.426232,78.532203,,,private,
node/5539102501,PANACEA MERIDIAN HOSPITAL,17.508761,78.300147,,,private,Hyderabad
node/9852600026,PRAANAA PAIN CLINIC,17.364641,78.428614,pain_control,,private,"Hyderguda, Hyderabad Elevated Expressway ""P.V. Narasimha Rao"""
node/4614311358,Pace Hospital,17.444478,78.469498,,,private,
way/356159628,Pace Hospitals,17.44676,78.384057,,,private,
node/8748479530,"Pace Hospitals ,Madinaguda",17.494023,78.347075,,,,
node/6507652189,Padmaavathi Netralaya,17.491511,78.401312,,,,
node/6532327920,Padmaja Hospital,17.347104,78.521356,,,,
node/6537210759,Padmavathi Hospital,17.344506,78.529657,,,,
node/6537199550,Paramitha Children's Hospital,17.359725,78.544877,,,,
node/6490004584,Partha Dental Clinic,17.40592,78.479339,,,,
node/8759356830,Partha Dental Skin Hair Clinic,17.438752,78.450502,,,,
node/6487670042,Parvathi Multispeciality Hospital,17.456549,78.501442,,,,
node/8760933526,Pathcare Labs Pvt Ltd,17.444713,78.469159,,,,
node/6504107685,Pavithra Hospital,17.467585,78.48199,,,,
node/6559338844,Pavithra Nursing Home,17.440119,78.423693,,,,
node/8386235346,People's Hospital,17.518463,78.396873,,,,
node/8386256231,People's health care,17.536194,78.436291,,,,
node/6504286989,Peoples Health Centre,17.457585,78.452302,,,,
way/357971564,Pharmacy,17.386972,78.52617,,,,
node/13285248846,Pi Health Hospital,17.448241,78.360576,,,,
node/13673824534,Pilies Clinic,17.375007,78.469022,,,,
node/6811749006,Pooja Hospital,17.489822,78.601808,,,,
node/6078236947,Poojitha Hospital,17.456281,78.436927,,no,,"Strret No. 2, Czech colony"
way/331629144,Poulomi Hospital,17.482614,78.552897,,,,
node/6484730153,Praanadah Hospital,17.437247,78.394275,,,,
node/8759381105,"Praba's VCare Health Clinic (P) Ltd, Gachibowli",17.450711,78.36315,,,,
node/6477289985,Pragna Hospital,17.42381,78.449832,Pediatric ICU;Pediatric Neonatology;Pediatric Cardiology;Pediatric Surgery;Pediatric Dermatology;Pediatric Neurology;Cosmetic Surgery;ENT;Radiologist;Pediatric Audiology,,private,
node/6484888144,Praja Sai Hospital,17.407326,78.492862,,,,
node/6482139039,Pranaam Hospitals,17.496613,78.33988,Gynaecology and Obstetrics;Paediatrics;Paediatrics Surgery;General Medicine;General Surgery;Laparoscopic Surgery;Chest Physician;ENT;Urology;Neurology;NeuroSurgery;Ophthalmology;Orthopaedics;Dermatology;Physiotherapy;Dietician;Psychology,,private,
node/6484727717,Prasad Hospital,17.492061,78.401562,Ultrasound Workup; Human Embryo Biopsy; Intraterine Insemination IUI ; In Vitro Fertilization IVF ; Sperm Retrieval Assisted Hatching; Blastocyst Culture; Egg Donation; Embryo Donation,,private,
node/8760858403,"Prasad Hospitals ,Nacharam",17.438405,78.555126,,,,
node/6505550308,Prashamsha Hospital,17.503255,78.509568,,,,
node/8759154274,Prathima Hospitals,17.390262,78.495225,,,,
node/6494135269,Pratibha Maternity Home,17.471166,78.505088,,,,
node/8733734629,"Preeti Urology & Kidney Hospital ,BHEL, Lingampally",17.494321,78.316862,,,,
node/6480117503,Preeti Urology and Kidney Hospital,17.491293,78.39691,,,private,
node/6505671806,Prema Eye Care Centre,17.481133,78.55413,,,,
node/6485824573,Premier Hospital,17.391577,78.426872,,,,
node/6498013229,Prerana Hospital,17.48489,78.409665,,,,
way/608308376,Primary Healthcare Center,17.412391,78.583853,,no,,"Hyderabad, Boduppal"
node/6222433385,Primary Veternary Hospital,17.397962,78.454341,,,,
node/6487092948,Princess Durru Shehvar Children's And General Hospital,17.367312,78.482658,,,,
node/6561022554,Princess Esra Hospital,17.356842,78.473802,,,,Hyderabad
node/6811749040,Prolife Hospital,17.400366,78.389431,,,,
way/1430785676,Pulse Clinics and Diagnostics,17.450406,78.503089,paediatrics;diabetology;diagnostics;general;vaccination;blood_check;pathology;vascular_surgery,,business,"Hyderabad, shriraghava garden rd near punjab nation bank west marredpally secunderabad"
node/6512526669,Pulse Hospital,17.490095,78.448199,,,,
node/6487920155,Pulse Hospitals,17.421726,78.504133,,,,
node/6505303419,Pushpa Maternity and Nursing Home,17.37104,78.500815,,,,
node/4715099192,Pushpagiri Eye Institute,17.443909,78.504343,,,,
node/6177956183,RAJUS DENTAL,17.457111,78.546573,dentist,yes,,"hyderabad, Rajus Dental Clinic, H no 25-40/63, Opposite Andhra Bank,   East anandbagh Main Road, Malkajgiri, Hyderabad"
node/6549186461,RAMA EYE HOSPITAL,17.391043,78.471264,,,private,Hyderabad
node/6549236738,RAMESH LASIK & LASER CENTRE,17.398558,78.484727,,,private,
node/6518192361,RBM Multi-Speciality Hospital,17.418378,78.583535,general,yes,,"Hyderabad, West Hanuman Nagar"
node/6549198596,REFRACTO EYE HOSPITAL (A GROUP OF CREDIBLE HEALTH CARE PVT LTD ),17.462002,78.366907,,,private,Hyderabad
node/4413453793,RELIEF HOSPITAL,17.398382,78.416165,,no,,"TOLICHOWKI, BADDAM BALREDDY NAGAR"
node/6548828778,RISE CHILDRENS HOSPITAL (A UNIT OF RISE HOSPITALS PVT. LTD.),17.380234,78.429708,,,private,Hyderabad
node/6511011214,RR Hospital,17.521837,78.483121,,,,
node/6489964063,RR Orthopedic Hospital,17.495421,78.322682,,,,
node/6549338256,RUSSH SUPER SPECIALITY HOSPITAL,17.499772,78.477497,,,private,
node/8082315379,Raaj Hospital,17.404416,78.483836,orthopaedics;ayurveda;multi_speciality,yes,private,"Hyderabad, Street No.5, Himayathnagar"
node/2715310996,Radha Rani Nursing Home,17.40696,78.48211,,,,
node/6493463498,Ragani Children's Hospital,17.514184,78.447014,,,,
node/6532315949,Raghava Hospital,17.371643,78.534006,,,,
node/3159027236,Raghava Multi Speciality Hospital,17.438824,78.442095,,,private,
node/6488677506,Raghavendra Hospital,17.474771,78.567855,,,,
node/6486149790,Raghavendra Orthopaedic and Diagnostic Centre,17.45702,78.478405,,,,
node/6487609803,Ragi Hospital,17.495754,78.341072,,,,
node/626897112,Rahmat Ali hospital,17.367227,78.485988,,,,
node/9369549952,Rahul Meidials,17.452738,78.564877,,,,
node/8759707780,"Railway Health Unit, Kachiguda",17.386706,78.495036,,,,
node/9924565993,Railway hospital,17.44345,78.546132,,,,
node/8760787195,Rainbow Children's Medicare Pvt Ltd,17.45572,78.49928,,,,
node/6504110557,Rainbow Childrens Hospital,17.499785,78.384153,General Pediatrics;Neonatology;Pediatric Neurology;Anasthesia and Pain Management;Pediatric Gastroenterology;Pediatric Nephrology;Hematology & Oncology;ENT;Psychiatry;Pediatric Cardiology;Speech & Language Therapy;Physiotherapy and Rehabilitation Unit etc,yes,private,
way/860550549,Rainbow Children’s Hospital,17.425453,78.431924,General Pediatrics;Neonatology;Pediatric Neurology;Pediatric Intensive Care Unit;Anasthesia and Pain Management;Pediatric Gastroenterology;Pediatric Nephrology;Hematology and Oncology;ENT;Psychiatry;Pediatric Cardiology;Speech and Language Therapy,,private,
node/6479951769,"Rainbow Hospital for Women and Children, Secunderabad",17.455319,78.500828,General Pediatrics;Neonatology;Pediatric Neurology;Anasthesia and Pain Management;Pediatric Gastroenterology;Pediatric Nephrology;Hematology & Oncology;ENT;Psychiatry;Pediatric Cardiology;Speech & Language Therapy;Physiotherapy and Rehabilitation Unit etc,,private,
node/894082503,Rainbow Hospitals,17.414814,78.447569,,,,
node/4625163789,Rainbow children Hospital,17.341816,78.558808,,,,Chinthalkunta old check post
node/5783995954,Raja Hospital,17.494334,78.344827,,,,"Hyderabad, Main Road, Miyapur"
node/6491342836,Rajagiri Hospitals,17.410791,78.54347,,,,
node/6537360032,Rajitha Hospital,17.450697,78.364031,,,,
node/6532347117,Rajya Lakshmi Hospital,17.335864,78.574755,,,,
node/6505329556,Raksha Multi Speciality Hospital,17.339818,78.557594,,,,
node/6484901165,Ram Hospital,17.516081,78.447645,General Surgery;Trauma and Orthopaedics;Plastic Surgery;ENT;Urology;Gynaecology and Obstetrics;Neurology;General Medicine;Neurology;Gastroenterology;Cardiology;Nephrology;Endocrinology;Dermatology;Paediatrics;Psychiatry;Physiotheraphy,,private,
node/6811749141,Raman Hospital,17.495658,78.453247,,,,
node/6491362879,Ramana Maternity Nursing Home,17.39372,78.509534,,,,
node/6494447237,Ramantapur Hospital,17.397492,78.533953,,,,
way/238860802,Ramdev Rao Hospital,17.490258,78.406834,,,,
node/6505307085,Ramya Nursing Home,17.475959,78.483779,,,,
node/6484947325,Ratna Maternity and Nursing Home,17.353494,78.506859,,,,
way/417285596,Ravi Helios Hospital,17.411009,78.483162,,,,
node/6494242172,Ravi Hospital,17.493629,78.400056,,,,
node/13020731415,Reborn Skin and Hair Clinic,17.473116,78.38724,skin_care;hair_care;aesthetic_clinic;dermatologist_clinic,,private,"Hyderabad, MMTS Station Rd, beside Jehovah House of Worship, near Hitech City, K P H B Phase 7, Kukatpally, Hyderabad,"
node/6217853185,Red Cross Instuite of Nature Cure and Yoga,17.425798,78.420762,,,,
node/6549122919,Refracto Eye Hospital,17.507266,78.478804,,,private,Hyderabad
way/341185823,Remedy Hospital,17.495446,78.39668,,,,
node/1050844412,Remedy Hospitals,17.463622,78.45674,,,,
way/341192059,Remedy Hosptials,17.494684,78.398536,Emergency Services and Trauma Care Unit;Internal Medicine;General Surgery;Orthopaedics;Cardiology;ENT;Neurology;Surgeries;Gynecology and Obstretrics;Urology;Plastic Surgery,,private,
node/13227662859,Renova Hospitals,17.373368,78.414395,,,,
node/12669348711,Revive Multispeciality Hospital,17.486528,78.449755,orthopaedics;gynaecology;general;paediatrics;dermatology;otolaryngology;surgery;neurology;emergency;gastroenterology,yes,,"Hyderabad, Sumithra Nagar, Gudement Nagar, IDPL Colony, Balanagar"
node/9679093983,Rikshith medical,17.436611,78.603839,,,,
node/6486059355,Rishab Eye Centre,17.481,78.533401,,,,
node/6220365686,Rohan Hospital,17.394634,78.451908,,,,
node/6652963085,"Royal Ear, Nose and Throat (ENT) Hospital",17.385132,78.482281,,,,
node/6489607238,Royal Hospital For Dentistry and Facial Surgery,17.412147,78.456985,,,,
node/6502966455,Rukkus Dental Hospital & Implant Center,17.394801,78.499034,,,,
node/8759371402,S L Diagnostic Center,17.410217,78.461228,,,,
node/6566862238,S.S Multi Speciality Hospital,17.336952,78.550784,,,,
node/6488469834,S.V. Hospital,17.44677,78.450482,,,,
node/5563162636,S.V. Pooja Hospital,17.498762,78.384027,,,,
node/6503431563,S.V.K. Hospital Private Ltd.,17.511919,78.44658,,,,
node/6573966514,SAFE CHLIDRENS HOSPITAL,17.36967,78.514271,,,private,
node/6549296470,SAFE KIDS HOSPITALS PRIVATE LIMITED,17.375307,78.429538,,,private,Hyderabad
node/6549381430,SAI GURU RAGHAVENDRA ORTHOPEADIC & MULTISPECIALITY,17.45665,78.478634,,,,Secunderabad
node/6811749182,SAI RAM MULTI SPECIALITY HOSPITAL (ARK HEALTH CARE PVT LTD),17.365936,78.525526,,,private,
node/6549440030,SAI SIDDHARTHA HOSPITAL,17.517141,78.444989,,,private,Hyderabad
node/6548894505,SAI SURYA HOSPITAL,17.361259,78.428074,,,private,Hyderabad
node/6548846382,SANJEEVANI HOSPITAL,17.373916,78.552123,,,private,Hyderabad
node/6549364392,SBR Pulse Hospital,17.367381,78.535807,,,private,Hyderabad
node/6494422626,SECUNDERABAD NURSING HOME,17.445811,78.504999,,,private,Hyderabad
node/6549358836,SECUNDERABAD WOMENS HOSPITAL,17.4392,78.480377,,,private,
node/6549324353,SHARADA EYE CARE,17.335539,78.570808,,,private,Hyderabad
node/6935540196,SHEKAR HOSPITAL,17.478755,78.481643,,,,"SECUNDERABAD, MALLIKARJUNA COLONY"
node/6549292101,SHINE CHILDREN'S HOSPITAL,17.34825,78.552046,,,private,
node/6549341748,SHREE POOJA HOSPITAL,17.423032,78.547014,,,private,Hyderabad
node/6846152948,SHREYA HOSPITAL,17.450948,78.423556,,,private,
node/6549313395,SHRI ADITHYA HOSPITALS,17.501572,78.589306,,,,Secunderabad
node/6549206565,SHYAM HOSPITAL,17.323027,78.557235,,,private,Hyderabad
way/356484492,SIDDHARTH EYE CENTRE,17.394004,78.482386,,,private,
node/12536226054,SK + Diagnostics,17.47545,78.56816,,,,
node/6811749151,SKIMS Hospital,17.402344,78.567016,,,,
node/6503410509,SKM Multi Speciality Hospital,17.471393,78.484996,,,,
node/8759169871,SKS Hospital,17.47531,78.485776,,,,
node/8763591483,SLG Hospitals,17.528168,78.362587,,,,
node/6549219226,SMART VISION EYE SPECIALITIES PRIVATE LIMITED,17.428899,78.439882,,,private,Hyderabad
node/6548874152,SOLIS EYE CARE HOSPITALS PVT LTD,17.473687,78.571436,,,private,Hyderabad
node/6549315980,SOUTHERN GEM HOSPITAL,17.405834,78.475422,,,private,
node/6549328685,SREE ROYAL HOSPITAL,17.463532,78.456212,,,private,
node/6549378688,SREE SREYAS HOSPITAL,17.34589,78.529242,,,private,Hyderabad
node/6487635185,SRESHTA SRI KAMALA HOSPITALS,17.368289,78.52203,,,private,Hyderabad
node/6549210041,SRI KARA HOSPITAL,17.344508,78.548463,,,private,Hyderabad
node/6487102159,"SRI LAXMI MULTI SPECIALITY HOSPITAL, LAPROSCOPIC AND RESEARCH CENTRE",17.376051,78.556909,,,,
node/6549158450,SRI RADHIKA MULTI SPECIALITY HOSPITAL,17.320397,78.51738,,,private,
node/6549328982,SRI SIDDESHWARA HOSPITAL,17.346624,78.521122,,,private,Hyderabad
node/6549190771,SRIKARA HOSPITALS,17.492136,78.348083,,,private,
node/6548879008,SRISHTI EYE CENTRE,17.394949,78.457392,,,private,
node/6822125026,SRU Facture & Plastic Surgery,17.494238,78.399533,,,,
node/6549206566,STERLING HOSPITALS PVT LTD,17.470118,78.508657,,,,Secunderabad
node/6549420102,STORK HOME FERNANDEZ HOSPITAL,17.407051,78.441287,,,private,
node/4703894689,SUDHA Hospital,17.489929,78.601832,,,,
node/6549439100,SUMITHRA HOSPITALS,17.396024,78.559704,,,private,Hyderabad
node/6548866161,SUNLIFES HOSPITAL,17.496286,78.596051,,,,
node/6528554861,SV Multispeciality Hospital,17.321026,78.52011,,,,
node/6530750454,SVS Hospitals,17.389121,78.492808,,,,
node/6485134606,Sadanand Nursing Home,17.440625,78.42424,,,,
node/6505485733,Sagar Hospital,17.485883,78.389022,,,,
node/6490329242,Sagar Lal Memorial Hospital and Matadin Goel Research Center,17.415665,78.498847,General Medicine;Cardiology;Surgery;Gynaecilogy;Obstetrics;Orthopedics;Paediatrics;Opthalmology;Dental;Urology;ENT;Oncology;Neurology;Psychiatry;Physiootheraphy;Plastic Surgery;Rediology;Dermatology;Gastroenterology,,private,
node/6503086685,Sai Anurag Hosptial,17.49467,78.326822,,,,
node/13169104952,Sai Ayush Ayurveda Hospital - wellness Hyderabad,17.473193,78.3872,ayurveda;naturopathy;physiotherapy,,,"Hyderabad, Hitech - Kukatpally Main Road"
node/6559228898,Sai Bhavani Super Speciality Hospital,17.516281,78.447301,,,,
way/331773168,Sai Datta Hospital,17.396634,78.519154,,,,"CENTRAL EXCISE COLONY, AMBERPET"
node/6489786900,Sai Institute Of Arthroscopy And Sports Injury,17.41862,78.452422,,,,
node/6510472444,Sai Jyothi Eye Institute,17.446687,78.502716,,,,
node/6490181234,Sai Krishna Neuro Hospital,17.389948,78.495928,,,,
node/6537306558,Sai Nikith Speciality Hospital And Laproscopic Centre,17.374065,78.54099,,,,
node/6495375554,Sai Nursing Home,17.360188,78.504726,,,,
node/6484721973,Sai Preethi Life Line Hospital,17.394293,78.441923,,,,
node/6494458034,Sai Sanjeevini Hospital,17.360893,78.543222,multi specility,,private,
node/6495284151,Sai Sharan Hospital,17.339385,78.557288,,,,
node/6487305068,Sai Siva Children’s Hospital,17.494199,78.324019,,,,
way/410283789,Sai Vani Super Specialty Hospital,17.410913,78.483465,,,private,
node/6532267718,Sai Venkateshwara Hospital,17.34444,78.529845,,,,
node/12852366410,Sai charan Children's hospital,17.395982,78.529906,,,,
node/6485092243,Sainath Hospital,17.439095,78.440666,,,,
node/6811749178,Sakhi Hospital,17.329304,78.564545,,,,Hyderabad
node/6811749134,Salamah Hospital,17.39218,78.426449,,,,
node/6485873602,Saluja Hospital,17.435076,78.502882,,,,
node/7025820915,Samanta Homeopathy,17.441378,78.38809,,,,
node/6494956566,Sandeep Nursing Home,17.484821,78.388175,,,,
node/6485786103,Sandhya Nursing Home,17.493221,78.327158,,,,
node/6495023719,Sanjeevani Children and General Hospital,17.496063,78.454187,,,,
way/1300732264,Sankaraya Eye Hospital,17.401539,78.349974,,,,
node/6484770861,Sankhya Hospital,17.487645,78.400075,Paediatrics and Neonatology; Fetal Surgery; Separation of Conjoined Twins; Tumors; Malformations; Pediatric cardiothoracic Surgery; Pediatric nephrology; Pediatric NeuroSurgery; Pediatric Urological Surgery,yes,private,
node/6489688950,Santhigiri Auyrveda and Siddha Hospital,17.422912,78.452197,,,,
node/6495079282,Santoshi Maternity Hospital,17.446617,78.536029,,,,
node/6549295174,Saptagiri Hospital,17.369096,78.530161,,,private,Hyderabad
node/6494788582,Sarada Nursing Home,17.494784,78.340439,,,,
node/3541446144,Saraswathi Nursing Home,17.416022,78.391611,,,,
node/14076472617,Saritha Dental Clinic,17.487738,78.399687,dentist,,,"Hyderabad, KPHB Road No 1 Road"
node/11001534025,Sarojini Devi EYE Hospital,17.413723,78.491192,,,government,Humayun nagar
node/6811749029,Saroornagar Hospital,17.354892,78.532407,,,,
node/6489835094,Sathya Hospital,17.401288,78.564838,,,,
node/6493489981,Sathya Kidney Centre and Super Speciality Hospital,17.40478,78.482119,nephrology,,private,
node/634123949,Satya Hospital,17.407574,78.512174,,,,
node/6632844432,Satya Multi Speciality Hospital,17.418915,78.565426,laparascopic_surgery,,,
node/8760959031,Save Hospitals,17.405837,78.587539,,,,
node/6505507940,Seethal Nursing Home,17.429934,78.427112,,,,
node/6490833350,Seha Hospital,17.404143,78.462293,,,,
relation/5321005,Shadan Hospital,17.352109,78.373614,,,,
node/6548877079,Shadow Hospitals,17.327032,78.603297,,,private,
node/8941817855,Shakti Ayurvedic Clinic,17.447596,78.508942,ayurveda;Piles;general,no,private,"East Marredpally, Main Rd"
node/6485603800,Shalini Hospitals,17.392533,78.495764,,,,
node/6485852123,Shamshad Children's Hospital,17.397924,78.417534,,,,
node/6504123689,Shantilal Navodaya Multi Speciality Hospital,17.398678,78.513626,,,,
node/6487677480,Shashi Hospital,17.369542,78.52137,,,,
node/6498040562,Shekars Ent Hospital,17.4621,78.500636,,,,
way/361374554,Shenoy Hospital,17.447836,78.508961,,yes,private,
node/6496960846,Shenoy Nursing Home,17.447807,78.508915,,,,
node/6505170700,Shilpa Nursing Home,17.494765,78.36002,,,,
node/11027534552,Shishira hospitals,17.431772,78.445573,,,,
node/6811748990,Shiva Homoeo Stores and clinic,17.442029,78.440725,,,,
node/6505167632,Shiva Sai Hospital,17.400472,78.566655,,,,Hyderabad
node/6811749150,Shobha Hospital,17.400359,78.382573,,,,
node/8763598296,Shree Healthcare Multi Specialty Hospital,17.400987,78.579468,,,,
node/6510356260,Shree Hospital,17.4306,78.438897,,,,
node/6489762038,Shree Jaya Krishna Hospital,17.397102,78.531912,,,,
way/253465843,Shreeda Children's Hospital,17.401095,78.570837,,,,
node/4517094891,Shresta Orange Hospitals,17.345107,78.553781,Cardiology;Neurology;Orthopedics;Gastroenterology;Hematology;Hematology;Joint Replacement;NeuroSurgery;ENT;Nephrology;Endocrinology;Cancer;Urology,,private,LB Nagar Junction
node/6811749146,Shreya Hospitals,17.479508,78.320245,,,private,
node/6498046738,Shreyas Hospital,17.4779,78.562689,,,,
node/6498031548,Shubhodaya Nursing Home,17.438114,78.504968,,,,
node/6532278196,Sidhartha Nursing Home,17.502201,78.312988,,,,
node/3391103941,Sigma Hospitals,17.522082,78.443175,,,,substation
way/319567707,Sir Ronald Ross Institute of Tropical and Communicable Diseases (FEVER HOSPITAL),17.396356,78.500954,general;emergency;physiatry,,,Nallakunta Main Road
node/6497354554,Siris Hospital,17.409765,78.544106,,,,
node/5679345122,Sitara medical center,17.349712,78.470712,,,,
node/6375038698,Siva Eye Hospital,17.370314,78.52761,,,,
node/8760895243,Sivananda Rehabilitation Home,17.48884,78.408386,,,,
node/6811749142,Skorts Multi Speciality Clinics,17.443615,78.434617,,,,
node/6549314900,Smart Vision Eye Hospitals Pvt Ltd,17.489379,78.400815,,,private,Hyderabad
node/6484931583,Smiline Dental Hospital,17.429802,78.448707,,,,
node/6484856482,Smt. Bhagwan Devi Hospital,17.364441,78.473199,,,,
node/6484905715,Soorya Orthopaedic Hospital,17.473803,78.569265,,,,
node/6505570504,Soumya Multispeciality Hospital,17.459133,78.500777,,,,
node/4366549489,South Central Railway Central Hospital Lallaguda,17.437722,78.521976,,,,
way/355979902,Southern Regional Centre of Ali Yavar Jung National Institute for the Hearing Handicapped (AYJNIHH),17.468807,78.489543,,,,
way/356464777,Sowmya Children's Hospital,17.443029,78.443824,Pediatrics,yes,private,
node/6494474204,Sowmya Hospital,17.409733,78.508434,,,,
node/6505370525,Spark Eye Care Hospital,17.372432,78.507729,,,,
node/5538998266,Spark Hospitals,17.402749,78.582654,,,,
node/6486039380,Sravani Hospital,17.350339,78.49169,,,,
node/6489790935,Sree Balaji Hospital,17.518524,78.482202,,,,
node/6487654694,Sree Maruthi Nursing Home,17.454963,78.508773,,,,
node/6482123642,Sree Netralaya Eye Hospital and Laser Centre,17.367636,78.540451,Glaucoma Services;Retina Services;Oculoplasty Services;Strabismus and Neurophthalmology Services;Cornea Services;Contact Lens Clinic;Low Visual Aid Clinic,,private,
node/538425761,Sree Priya Multi Speciality Hospital,17.441541,78.446125,,no,,
node/6487263499,Sree Raghavendra Hospital,17.317896,78.445391,,,,
node/6504269305,Sree Srinivasa ENT Care and Research Institute,17.425145,78.451046,Radio Frequency Surgery;Micro Ear Surgery;Endoscopic Sinus Surgery;Micro Laryngeal Surgery;Phono Surgery for Voice Disorders;Surgery for Snoring;Head and Neck Surgery,,private,
node/7113646686,Sreshta hospital,17.436622,78.445743,,,,
node/6548781242,Sri Aurobindo Nethralaya,17.492618,78.396424,,,private,Hyderabad
node/6513396181,Sri Balaji Hospital,17.401659,78.384866,,,,
node/6811749163,Sri Balaji Nagar Nursing Home,17.512371,78.557713,,,,
node/2835226156,Sri Bhargavi Hospital,17.451194,78.420872,,,,
node/5608460083,Sri Devi Maternity & Nursing Home,17.422786,78.516597,Ultrasound Workup; Human Embryo Biopsy; Intraterine Insemination IUI ; In Vitro Fertilization IVF ; Sperm Retrieval Assisted Hatching; Blastocyst Culture; Egg Donation; Embryo Donation,,private,
node/8763392113,Sri Dharani Multispeciality Hospital,17.489785,78.601926,,,,
node/6505593241,Sri Gayatri Hospital,17.39009,78.5314,,,,
node/6532277404,Sri JRD Hospital,17.366553,78.535367,,,,
node/6308287072,Sri Krishna,17.410387,78.484465,,,,
node/6504077179,Sri Krishna Swathi Children's Hospital,17.394608,78.530491,,,,
node/6811749120,Sri Lakshmi Hospital,17.322252,78.430724,,,,
node/6531924300,Sri Mahalaxmi Eye Hospital,17.336906,78.569949,,,,
way/265632074,Sri Narmada Hospital,17.413544,78.490533,,,,
node/6811749160,Sri Nitya Hospital,17.324086,78.556886,,,,
node/6532106149,Sri Pallavi Hospital,17.504608,78.30887,general,,,"Hyderabad, Surekha Lane, Ashok Nagar"
node/6537176722,Sri Raghavendra Hospital,17.273845,78.539171,,,,
node/6496837455,Sri Rama Krishna Hospital,17.386347,78.494229,,,,
node/6532378061,Sri Ramadevi Orthopaedic Hospital,17.328613,78.568523,,,,
way/872851196,Sri Rn ayurved,17.527753,78.395331,ayurveda,no,,"Hyderabad, Pragathi Nagar Road"
node/6532116388,Sri Rohini Hospital,17.349509,78.512897,,,,
node/6528604456,Sri Sai Balaji Hospital,17.361706,78.56206,,,,
node/6488599602,Sri Sai Kidney Centre,17.435468,78.451466,,,,
node/6537106287,Sri Sai Orthopaedic and Multi Speciality Hospital,17.33896,78.522628,,,,
node/6811749114,Sri Sai Rama Clinic,17.445234,78.461754,,,,
node/6490143313,Sri Sai Srinivasa Speciality Hospitals Pvt. Ltd,17.397934,78.492064,,,,
node/6497611600,Sri Santosh Hospital,17.43595,78.542599,,,,
node/6549292128,Sri Sri Holistic Hospitals,17.488743,78.400546,,,private,Hyderabad
node/5637353960,Sri Srinivasa Hospital,17.350673,78.507861,,,private,
node/6490864509,Sri Srinivasa Nursing Home,17.364687,78.544163,,,,
node/8763260113,Sri Swastik Multispeciality Hospital,17.538097,78.363805,,,,
node/6487326328,Sri Tirumala Maternity and Nursing Home,17.423239,78.516376,,,,
node/6562374170,Sri Venkateshwara Nursing Home - Narayanguda,17.39447,78.488923,,,,
node/6497577133,Sri Venkateswara Multi Speciality Hospital,17.344651,78.516795,,,,
node/513439517,Sri Vijaya Hospitals,17.44228,78.448034,,,,
node/10959100965,Sri rama clinic,17.441099,78.572079,,,,"Hyderabad, sv nagar"
node/8151182017,"Sri sanjeevini multi speciality, sharadha dental clinic,sks eye care hospitals",17.493969,78.513036,,,,Lothkunta
way/265627804,Sridevi Fertility Center,17.410198,78.4894,,,,
node/6482139683,Sridhar Multi Speciality Hospital,17.344919,78.508756,,,,
node/6811749031,Srihitha Hospital,17.367644,78.529654,,,,
node/6811748994,Srija Hospital,17.427924,78.324081,,,,
node/6811749088,Srikara Hospital,17.531416,78.487501,,,private,
node/6497360893,Srinivasa Hospital,17.493832,78.539886,,,,
node/6235740285,Sriven Hospital,17.485891,78.387531,,,,
node/6487116810,Srivision Super Speciality Eye Hospital,17.434397,78.417323,,,,
node/6487879316,Sriya Hospital,17.475126,78.539475,,,,
node/8760982633,Srujana Hospitals,17.5057,78.467024,,,,
node/6811749174,St Joseph's Hospital,17.274351,78.595344,,,,
node/6503155785,St.Theresa's Hospitals,17.451796,78.437772,,,,
node/894082495,Star Hospital,17.415691,78.445461,,,,
node/6496590575,Stopiles,17.430108,78.406193,,,,
node/6485021712,Sudarshan Hospital,17.4142,78.502108,,,,
node/6530741984,Suguna Sree Nursing Home,17.542092,78.43355,,,,
node/6811749130,Sujatha Hospital,17.32231,78.430565,,,,
node/6530722593,Sujatha Nursing Home,17.495134,78.402478,,,,
node/6487663429,Sulochana Eye Centre,17.401944,78.477631,,,,
node/6504154905,Sumana Hospital,17.492003,78.409337,,,,
node/6486047722,Sun City Nursing Home,17.365203,78.396921,,,,
node/6487685466,Sundari Maternity and General Hospital,17.502885,78.513284,,,,
node/6503195186,Sunita Children's Hospital,17.350242,78.51213,,,,
node/6811749170,Sunray Hospital,17.51603,78.381932,,,,
node/6503288232,Sunrich Hospital,17.449063,78.431724,,,,
node/11821271825,Sunridge Multi-Speciality Hospital,17.453862,78.421752,general;orthopaedics;urology;paediatrics;radiology;emergency;cardiology;blood_check,yes,private,"HYDERABAD, Kalyan Nagar"
node/6537312813,Sunrise Hospitals,17.327921,78.601719,,,,
node/6488608462,Sunrise Superspeciality Children's Hospital,17.393046,78.489095,,,,
way/357101267,Sunshine Heart Institute,17.441577,78.486395,Anesthesiology;Cardiac Anesthesia;Cardiology;Interventional Cardiology;Pediatric;Cardiothoracic;Surgery,,private,
way/361655217,Sunshine Hospital,17.441173,78.486928,multi speciality,,private,
way/357101676,Sunshine Hospitals Out Patient Care,17.440595,78.486051,,,,
way/690384774,Supraja Hospital,17.376849,78.55833,Meditrina;Orthopedics;ENT;Spine;Neurology;Cancer Care,,private,
node/6505613357,Suraksha Childrens Hospital,17.426132,78.532429,multi specialty,,private,
node/6811749127,Suraksha Women And Children Hospital,17.517046,78.480475,,,,
node/6491365368,Surakshaka Multi Speciality Hospital,17.493284,78.401702,Cardiology;Nephrology;Neurology;Diabetes,,private,
node/6133853785,Surekha Hospital,17.536328,78.488523,,,,
node/893195080,Surojini Devi Eye Hospital,17.399036,78.444797,,,,
node/5539039096,"Surya Hospital, Hyderabad",17.405751,78.58717,,,,
node/6487127620,Susheela Hospital,17.435297,78.43658,,,,
node/6563028513,Susheela Hospital - R.K Puram,17.367805,78.549603,,,,
node/6484947125,Sushma Nursing Home,17.494399,78.40204,,,,
node/6490016089,Susrutha Hospital,17.373217,78.503286,,,,
node/2208162453,Swapna Health Care,17.429165,78.456738,,,private,
node/6537138789,Swapna Hospital Private Limited,17.369713,78.531977,,,,
node/6477295602,Swarup Eye Centre,17.423284,78.450549,Cataract;Trauma surgeries;Pediatric Ophthalmology,,private,
node/12289411655,Swasthya Dental Clinic,17.366739,78.581129,dentist;dental_oral_maxillo_facial_surgery,,private,"Hyderabad, beside ace ajanta apartments, bandlaguda, nagole"
node/6549162107,THE BIRTHPLACE,17.424675,78.433091,,,private,Hyderabad
node/6532274757,TKR's IKON Hospital,17.369375,78.520931,,,,
node/6513113356,Tadla Eye Hospital,17.496182,78.405509,,,,
node/6485236733,Tanvi Eye Center,17.450056,78.511526,,,,
node/5324874933,Tanvir Hospital,17.429776,78.434016,,,,
node/8759230773,Tapadia Diagnostics Centre,17.401247,78.563662,,,,
node/2712662990,Tapadia Medical Centre's Eashwar Lakshmi Hospital,17.411875,78.488857,,,private,
node/6496953497,Taraporewalla Nursing Home,17.44655,78.513372,,,,
node/2583708951,Tarnaka Flyover;TGSRTC Hospital,17.425537,78.530679,,,,
node/8763113701,Tesla Diagnostics,17.495716,78.452511,,,,
node/6485002885,Thatha Hospital,17.476977,78.562776,,,,
node/6507570343,The Dental Venue Multi Speciality Hospital (unit of Dr.Gowd’s),17.44228,78.50432,,,,
node/6538849589,The Doctors Multi Speciality Hospital,17.370774,78.5275,,,,
node/3943909643,The crescent hospital,17.398519,78.445814,,,,
node/6487115764,Thumbay Hospital New Life,17.376873,78.490338,,,,
node/6504150659,Tilaknagar ABHAYA-BBC HOSPITAL,17.394133,78.509929,,,,
node/6549145506,Times Hospital,17.420571,78.441686,,,private,
node/7174077374,Tirumala Hospital,17.513315,78.302209,general,,private_for_profit,"beeramguda, Sai Colony"
node/8007022925,Tirumala Nursing home,17.499882,78.357473,general;gynaecology,no,private,"Hyderabad, Pragathi Enclave Colony, Miyapur"
node/7007970916,Titan eye plus,17.494799,78.340253,ophthalmology,,,
node/6811749082,Trichos Skin Care,17.488937,78.400667,,,private,
node/8752914428,Tricolour Hospital,17.393868,78.522643,,,,
node/6537086759,Trident Hospital,17.259954,78.384027,,,,
node/10810253919,Trinity Hospital,17.491376,78.599152,,,,
node/6503669088,Tulasi Hospitals,17.474883,78.570938,,,,
node/8751713608,Uchvaas Hospital,17.412113,78.422992,,,,
node/6479934028,Udai Omni Hospital,17.396913,78.472261,orthopaedics,,private,
node/6479941227,Udbhava Children's Hospital,17.491126,78.401082,Neonatical Intensive Care Unit;Pediatric Intensive Care Unit;Obstetrics and Gynecology,,private,
node/8763316074,"Udbhava Hospital ,Miyapur",17.495123,78.357408,,,,
node/6494411875,Unity Centre For Orthopaedics And Trauma,17.396224,78.488992,,,,
way/357179813,Urban health centre,17.355527,78.565899,,,,
node/6536842812,Usha Mohan Hospital,17.36424,78.427566,,,,
way/878105762,Usha Mullapudi Cardiac Centre,17.520234,78.429137,,yes,private,
node/6484873593,V.M.R Hospital,17.491893,78.397227,,,,
node/3159027238,VCARE Hospitals,17.438512,78.442565,Cardiology; Dermatology; Diabetology; Orthopedics; Gynecology; Nephrology; Pulmonology; Oncology; General Surgery; ENT; Neurology; Paediatrics Urology; Physiotherapy,,private,
way/356240039,"VHeal ENT, ORTHO and Multispeciality Center",17.495397,78.319749,general;orthopaedics;dermatology;gynaecology;otorhy;otolorhynology;ENT,,private,"Hyderabad, Chandanagar - RC Puram BHEL Rd Mumbai Highway"
node/6549287021,VIJAYA SREE HOSPITAL,17.495408,78.321311,,,private,
node/6212803089,VINN Hospital,17.437974,78.456376,,,private,
node/8386643937,VITAL'S Hospital,17.507006,78.395168,,,,
node/6811749054,Vajra Hospitals,17.417667,78.632292,,,,
node/6561171891,Vamshi Hospital - Trimulgherry,17.471139,78.507888,,,,
node/4695632089,Vanaja Hospital,17.492186,78.327577,,,,
node/6486941192,Vanaja Hospitals,17.477564,78.552934,,,,
node/6505444434,Varsha Hospital,17.494822,78.401659,,,,
node/4665371689,Vasan Eye Care Hospital,17.495526,78.332226,Cataract Services; Refractive Surgery; Cornea Services; Glaucoma Services; Retina Services; Paediatric Ophthalmology and Squint Services; Oculoplasty Services; UVEITIS; Neuro Ophthalmology; Vision Rehabilitation Services; Computer Vision Syndrome Clinic,,private,
node/6497172349,Vasan Healthcare,17.369224,78.518987,,,private,
node/6480130350,Vasan Healthcare Private Limited,17.444493,78.46622,Cataract Services;Refractive Surgery;Cornea Services;Glaucoma Services;Retina Services;Paediatric Ophthalmology and Squint Services;Oculoplasty Services;UVEITIS;Neuro Ophthalmology;Vision Rehabilitation Services;Computer Vision Syndrome;Contact Lenses,,private,
node/6494810755,"Vasan Healthcare Private Limited, Secunderabad",17.440488,78.497866,Cataract Services;Refractive Surgery;Cornea Services;Glaucoma Services;Retina Services;Paediatric Ophthalmology and Squint Services;Oculoplasty Services;UVEITIS;Neuro Ophthalmology;Vision Rehabilitation Services;Computer Vision Syndrome Clinic,,private,
node/4436525395,Vasan eye care,17.400904,78.487571,Cataract Services;Refractive Surgery;Cornea Services;Glaucoma Services;Retina Services;Paediatric Ophthalmology and Squint Services;Oculoplasty Services;UVEITIS;Neuro Ophthalmology;Vision Rehabilitation Services;Computer Vision Syndrome Clinic,,private,
node/726165655,Vasavi ENT Hospital,17.40681,78.464502,,,,
node/6484770090,Vasavi Hospital,17.406444,78.464393,,,,
node/6549343859,Vascular Care Center,17.418301,78.458244,,,private,Hyderabad
node/6485889000,Vasu Hospital,17.376004,78.419001,,,,
way/357971577,Vasudeva Rao Clinic,17.387038,78.526201,,,,
node/6811749133,Vasundhara Hospital,17.473479,78.421673,,,,
node/6485835298,Vasundhara Nursing Home,17.422637,78.49513,,,,
node/6494952509,Vatsalya Institute Of Pediatrics Hospital,17.440586,78.45032,,,,
node/6490029456,Venkatesh Borgaonker Nursing Home,17.390579,78.491159,,,,
way/238284087,Victoria Zenana Maternity Hospital,17.369439,78.474102,,,,
node/6482139577,Vignesh Nursing Home,17.492527,78.39749,,,,
node/6485645255,Vijay Marie Hospital,17.407391,78.455966,Obstetrics and Gynaecology;Infertility Clinic;General Medicine;General Surgery;Orthopaedics;Paediatrics;Neonatology;Immunization Clinic;Urology;ENT;Dermatology;Casuality,,private,
node/6237524890,Vijaya Diagnostic Centre,17.494517,78.39876,,,,Road No. 1
node/8759254022,"Vijaya Diagnostic Centre, Himayatnagar",17.404151,78.479872,,,,
node/9870554869,Vijaya Diagnostics Center,17.411302,78.585993,,,,
way/413246550,Vijaya Health Care,17.438863,78.498661,multi speciality,,private,
node/6246261938,Vijaya Hospital,17.481717,78.595147,,,,
node/6561351099,Vijaya Hospital - Ranga Reddy,17.331672,78.533666,,,,
node/6485880627,Vijaya Krishna Nursing Home,17.45257,78.444467,,,,
way/695655536,Vijaya Lakshmi Hospital,17.265011,78.388931,,,,
node/6485054528,Vijaya Nursing Home,17.495673,78.325062,,,,
node/6561169422,Vijaya Nursing Home - Vanasthalipuram,17.334986,78.570662,,,,
node/7246495528,Vijaya diagnostics,17.336406,78.569899,,,,
node/6811749014,Vijaylaxmi Maternity Hospital,17.468492,78.457666,,,,
node/349267517,Vikram Hospitals,17.440686,78.391665,,,,
node/10139228459,Vinayaka Nethralaya Eye Hospital,17.393298,78.426116,ophthalmology,,,"Hyderabad, 1st Floor, Janaa Heights Nanal Nagar Cross Roads , Toli Chowki, Mehdipatnam,"
node/6485763799,Vinciti Hospital,17.476741,78.479849,,,,
way/116037991,Virinchi Hospitals,17.40808,78.451495,,,private,
node/6495246032,Vishnu Hospital,17.495456,78.320896,,,,
node/6530758515,Vishwa Medi Care and Diagnostic Centre,17.38369,78.489747,,,,
node/8751844086,Viswas Hospital,17.340116,78.52185,,,,
node/6485621541,Vivek Hospital,17.359854,78.504485,,,,
node/6494235890,Vivekananda Hospital,17.431204,78.455349,,,,
way/356534891,WIN VISION EYE HOSPITAL,17.434927,78.455085,,,private,
node/6549122751,Wellness Hospital,17.435904,78.449979,,,private,
node/6567338346,Whitus Hospital (A Unit Of Sri Shikhara Hospitals India Pvt Ltd),17.41864,78.542091,,,,
way/353782722,Woodlands Hospital,17.393066,78.497828,,,,
node/6503446084,Xenia Multi Speciality Hospital,17.472701,78.571357,Internal Medicine;Neurology;Gastroenterology;Anesthesiology;Cardiology;Trauma Care;Neurophysiology;Plastic Surgery,,private,
way/1409986482,Yashoda Hospital,17.424515,78.456984,,,,
node/11770993380,Yashoda Hospitals,17.462269,78.384176,,,,
node/2429955121,Yashoda Super Speciality Hospital,17.374656,78.499872,multi specialty,yes,private,
way/356439747,Yashoda Super Speciality Hospital - secunderabad,17.4418,78.497135,multi specialty,,private,
way/645162358,Yashoda Super Speciality Hospitals,17.424544,78.456953,multi speciality,yes,private,Raj Bhavan Road
node/6549152212,ZOI HOSPITALS,17.363293,78.428498,,,private,Hyderabad
node/6811749070,ZOI Hospital,17.427774,78.457335,,,private,
way/357056659,apollo pharmacy,17.355573,78.521561,,,,
node/11690468635,appolo medical shop1,17.314745,78.600716,,,,
node/3943900977,ayurvedic clinic,17.398766,78.448595,,,,
node/9728614166,balaji hospital,17.502619,78.420765,general,,,
node/13673868798,childern hospital,17.50307,78.426263,,,,
node/13436972602,eyes specalist,17.412607,78.490154,,,,
way/1076262700,ground,17.400135,78.540756,,,,
node/1702266641,haritha hospitals,17.469602,78.366058,,,,
node/3384203436,hospital,17.352677,78.554258,,,,
node/10277927480,hs,17.435937,78.542695,,,,
node/9527080374,kamineni,17.35329,78.558974,,,,
way/362515707,khuteja hospitals,17.371496,78.443753,,,,
node/7244033607,konark diagonistic center,17.368592,78.518739,,,,
way/343606383,lahari dental hospital,17.503383,78.388436,general;stomatology,,,"Hyderabad, Nizampet Road"
node/7025820786,lifespan hospitals,17.44582,78.392417,gynaecology,yes,,"hyderabad, Near SBI Bank"
way/331633380,lucid diagnostics,17.476376,78.563116,,,,
node/4417145293,med plus,17.404583,78.48934,,,,
way/265036384,pananeeya dental hospital,17.364902,78.534101,dentistry,,,
node/2712623077,ramesh eye care,17.408909,78.489497,,,,
node/7246517948,saidatha homeo stores and clinic,17.486653,78.391272,,,,
node/6372428649,sri sai womens hospital,17.370979,78.542568,gynaecology,,private,Hyderabad
node/6866161636,srisri holistic,17.5029,78.388752,general,,,"hyderabad, Nizampet Road"
node/9369819271,vijaya diagonistics,17.463249,78.561564,,,,
node/8387157871,yashoda,17.391491,78.51139,,,,
