Amount,Time,Merchant_Category,Transaction_Type,Card_Present,Country_Match,V1,V2,V3,V4,V5,V6,V7,V8,V9,V10,V11,V12,V13,V14,V15,V16,V17,V18,V19,V20,V21,V22,Class
614.2379525607191,3855044,Electronics,Chip,0,0,0.2580655928558944,-0.2580692428498115,0.6641058991898949,0.0807913550526933,0.8426367210947165,-0.1337049690284354,-1.956918356993015,-0.160151623002476,0.786130131027922,1.2947103945391438,0.5454900674110336,-0.1411590564552856,-1.7126099096230718,-1.725405785564344,-0.5087709592300221,-0.8962029242321989,1.692985601595542,1.082348923020325,-0.5587492130035757,1.0496493623129324,-0.7054762458726943,-0.2526668527461241,1
81.66131726456437,4126075,Online,Contactless,1,1,-0.1267673118362959,0.5787943363306141,1.8148945725402932,1.418671478581777,0.0713879123006712,-0.0540812635999625,0.5006252891313449,0.3916564864482187,-1.0094201353446868,-0.2531205389358515,0.0270085359098205,-1.072210645505894,-2.041649207392945,-2.1174552746716797,-1.106852706030108,0.9882648945824376,1.3502342570095418,0.258353039161602,-1.779754601925056,-0.755563128525052,-1.818778710568448,0.0796174790864772,0
1.8906348667341464,399000,Online,Contactless,1,1,0.1572748622633635,-1.7797903156113803,-0.4642665795489319,1.1205395292229854,-0.456118537141335,0.0279154300152241,0.9265732210403008,-0.392533307412189,0.5510615744898264,1.448428681848782,0.4535187910623722,0.7472571975520157,-0.5710686837161558,-0.2731633982241042,-1.894861678280858,-0.8092096267612158,0.2929041771043961,1.1925830754766285,-0.0268707849607647,0.6556196259651275,-0.3627640908969394,-1.7067143125687685,0
156.63557343272282,6521597,Online,Chip,1,1,0.2045477921536929,-0.4217356880682311,1.2725637526985627,1.5843221363445383,0.0242118148729327,-1.385127302740331,-0.972395868872714,-0.2734410658840283,1.7483255011259913,-0.8646495919721174,-0.566060203582759,-0.187953588509739,0.2789528933971188,-0.9888211879186336,0.526304720024228,0.7577124790846054,-0.3486398726013248,-0.4050984887564881,0.5789490119688032,0.3752419060809716,0.3961250979035975,-0.6533259227425726,0
49.88838222536259,2449306,Electronics,Swipe,0,1,1.1599158936447973,-0.8070818492520689,1.7534846564523203,1.035277327110525,0.3968108608443738,0.7946593071763147,-2.1642224006721698,-0.8470876343534193,1.375413987271887,0.0183838444556619,0.1542027145854975,-1.4184086922601704,1.5472986351992386,-1.5042803913826803,1.6097316446164365,-1.5496335853556849,0.3319749433269953,-1.4262022829531344,-0.1366591857744571,0.8417212431239094,0.0172953688293648,-1.719330205113326,1
21.162751353954683,2726456,Fuel,Swipe,1,1,-0.1183843304083051,1.0175269276445664,0.3830567629462392,0.8701261860248969,0.5649846221970617,-0.0014147334100681,-0.5955414157108218,-2.623462524339264,-1.2059916410891054,0.7060855913842713,0.1490574828347852,-0.0496794104120505,-0.0731835772251145,-0.6039151860441796,0.4195314339849792,0.3587956932420311,-1.2568838479310491,0.8664108598150122,0.477332438613009,-0.8210020190581175,-0.6826636933534537,-0.0011518247187692,0
101.62386116071156,6218919,Electronics,Swipe,0,0,0.00653585447624,-1.2219720155053682,-0.3590717305200936,2.5906557724422035,-0.2182194512939138,1.0879837621209203,-1.8619320587147188,1.731016417743358,-0.3404544902483121,3.224782781010142,0.2941511904448298,0.0691367096558909,-0.4044060337739716,0.5259767852379498,2.2517579736357733,0.5498708832429456,0.6290442015614497,0.6126876342961948,1.140446932011581,-0.4263746834298128,0.0317453496599172,-1.075903184100791,1
720.548803636184,3006044,Travel,Online,0,1,-0.527329968675122,-0.4404761418224636,2.5241691930742465,-1.4851140270642558,1.2103076517570626,-1.071352576392697,-3.312733780703002,0.2656011631454258,-1.794289248834788,1.5149491026722388,0.3216151593870552,0.4003054794755701,-0.8918214278843124,-0.0711661743307624,1.987727143526928,0.6468690701148564,0.8241416235733796,0.7004519801680724,1.2997239396257632,-0.1829247306291236,-0.0547411388414377,-0.4165642752873613,1
195.80567200960516,171514,Restaurant,Chip,1,1,-1.5283350538689118,0.7503783676515976,-0.861405486941501,-1.0599302508057664,0.6560413217218731,0.0301391613659435,-1.0623014533380912,0.909919962197962,0.7094664877442308,-0.2389240056358348,-1.178123298040006,0.8626042125318426,-0.5346860284026619,0.9216076493248884,0.4389502845136275,-0.7291392226869683,0.4959211190848103,-0.3941985112650898,0.4563269846502998,0.8274715279966257,-0.5051334346308672,-1.7253810352296324,0
114.30742163839864,3412176,Travel,Chip,1,1,-0.4957436702118294,-1.9300090119639504,1.5463600680071417,1.1087733677651177,1.160323360819515,0.0584563895544631,-1.6329206836604515,-0.1662307175435936,-0.2495892182335586,1.0019735847845326,-0.0288911644957555,-1.2126812512040723,1.0610363342213565,-2.0280466058383597,0.3744075764390101,-0.200010139133887,3.0287278599710463,-0.9247467801875332,0.7233745213071325,0.8296128566902317,-1.0806410435194334,-0.2017949684237484,1
88.7445439423422,4295015,Fuel,Contactless,1,1,-0.0551316507115332,-1.070969884325904,0.0240409638176601,1.1371865819701652,-2.7746576279957864,-2.0695019360601066,1.471433819210159,0.6944570829471848,-0.2188779488104772,-0.6197830906438357,-0.6401617741633787,0.9517711148656456,-0.0124010766694248,0.6515978124166827,-1.8213252297746936,-0.7560477798622165,0.7371383650934279,0.4535608345265183,-0.3705027187151741,0.7032138385002544,-0.4311466937554254,0.903901220968834,0
289.666972910154,5453649,Electronics,Online,0,1,-1.045538981868241,-0.0472975922565511,-0.4234990104623205,-0.1065017475311572,0.9203771058913448,1.180584158959585,-1.591921852925494,0.5089161994697571,0.8630543214210625,1.6540983671445926,-0.8161586665718638,1.034732020447812,1.55774552549107,-0.0440943983920122,1.397094373893545,-2.477705886648631,1.2529115184999906,0.2425358929205587,0.1959438593529922,-0.558365747825617,-1.321499021991178,1.0622697595991666,1
363.37378244781326,3505911,Travel,Online,0,1,0.401933072793619,-0.4511164263996228,-0.081140501919539,1.4063863580861349,-1.430911279957717,0.5629797060925682,-1.97403001553729,-1.0263218999150523,-1.4705424153618225,-0.3838863773805951,-1.4729345067066284,0.192093368102895,0.399898506412724,-0.4739372771689328,0.6195550079907673,-0.9523448254694048,-0.7950579217510783,0.7929930232514752,1.0634424239061442,0.1753838359245143,0.4405104316891675,-1.296837976985698,1
120.5206779776745,4582091,Online,Online,0,1,-0.0552915797175046,-0.0475472030686564,1.1769649266563722,0.4537288552051332,1.94521590056409,2.193203195146194,-1.6242235593308272,-0.6212675233686878,-0.2532522038688841,-0.4488632556090847,0.1587564069113016,-0.4363254751915229,0.544440155029984,0.4070629415895471,1.4378191435042271,-1.5542087398644302,2.266027168571581,1.000529495952522,0.8711229214671834,-0.8727183395073583,-0.3146224381465197,-2.028338860434127,1
65.9122257877106,4198790,Grocery,Chip,0,1,-0.0920764904669545,-0.0662684640866376,-1.9569733194505743,-1.0489807062981222,-1.0367232077859996,0.8737875910753259,0.6489499244542182,0.5124058639817911,-0.307049734066027,0.6470444386116705,-1.331256312565759,2.132500710591515,0.6390221716501836,2.227016098774236,-0.8665419301295035,-1.8529460080796487,0.6031269208072728,-0.3081089531614226,-0.1029276085456947,0.4903810598741092,-0.1095057679469228,-1.7180289788487595,0
120.73979154454597,304276,Electronics,Contactless,1,1,-1.240974690435441,0.6675053490463346,0.695714156337204,0.0665662441858845,0.6021427693669725,-0.4714421999259107,0.4162041382808993,0.3898621057893746,-1.945180708608588,-2.569000415487668,-1.2988050546991052,1.46895028062674,-0.3087181423794163,-1.234717279284432,-1.2774412471592829,2.0743012358493678,0.2408903881836595,-1.0736106273190211,0.5446025643142365,-0.6091789196274869,-0.0295207524226372,0.2309341284104445,0
134.24389695801557,5914103,Electronics,Online,0,1,-0.4603791179659361,-1.5280616056324692,1.9093049074997008,0.4173549549918346,-1.5745564777429069,0.9076397969731402,0.002784200499388,-0.1011532473733076,2.146368456098409,0.106432076287577,0.7872162305007089,-0.8856138690208175,0.3235753693543914,-1.147243308428854,0.5228852194392675,1.06544969691774,0.6448432187057832,-0.308420869452789,0.799483271245058,1.3333447986409923,-1.0196498993552083,-1.3441587003999014,0
88.76789845741689,179543,Travel,Online,0,1,0.5537152636779521,0.4585946281516951,1.42349704617095,-0.5171755947596637,0.5696478611493673,-0.7718211807989991,0.948095785946252,-0.6536276500204354,-0.5989484914111124,1.4441221977567804,1.4683643536903326,1.0685571762484372,-1.6721720237382447,-0.1955788765087834,-1.687048989471247,0.5496208616518298,-1.0630301240559248,1.2072995313201342,-0.1334848198351429,1.882756794296333,-0.9382034716961016,1.7147088312913426,0
551.6302564882344,7406175,Grocery,Chip,0,1,-0.3665818637791598,0.2397626132868408,3.539749153743017,0.5056113479905671,-0.8149678906961588,0.7476883067974724,-0.3313347101861408,1.6475254042840723,1.929119608308515,1.1360197114293715,-0.2353077193666908,0.4891520286419017,0.4984707146752395,-2.110869905066273,-1.203349219134768,-0.5453802390953418,1.0078811577061215,-0.3307473287353042,0.7397674273606681,1.5109925805482187,0.1254778122127721,-1.6280103691990255,1
626.4957873528813,2787724,Online,Online,0,1,0.7033765634633878,-0.2148796684904414,2.0917180796433543,-0.0539152579879079,-1.191602444361684,-0.3083294308726247,-0.5771642857653355,-1.24693717067186,-0.7302780608798428,1.788076456291328,-0.907427406225766,-0.6859387341526562,-1.330257469347816,-2.113474457775971,0.2432967364171993,0.6599777402986975,0.1993736331761348,2.1222383284199484,-0.5169580032091949,1.8096634360991843,0.4068548027524386,-0.5615686482640939,1
