meter_id,date,type
M1002,2026-09-20,night_flow
M1002,2026-09-21,night_flow
M1002,2026-09-22,night_flow
M1002,2026-09-23,night_flow
M1002,2026-09-24,night_flow
M1002,2026-09-25,night_flow
M1002,2026-09-26,night_flow
M1002,2026-09-27,night_flow
M1004,2026-09-10,night_flow
M1004,2026-09-11,night_flow
M1004,2026-09-12,night_flow
M1004,2026-09-13,night_flow
M1004,2026-09-14,night_flow
M1004,2026-09-15,night_flow
M1004,2026-09-16,night_flow
M1004,2026-09-17,night_flow
M1004,2026-09-18,night_flow
M1004,2026-09-19,night_flow
M1004,2026-09-20,night_flow
M1004,2026-09-21,night_flow
M1004,2026-09-22,night_flow
M1004,2026-09-23,night_flow
M1004,2026-09-24,night_flow
M1004,2026-09-25,night_flow
M1004,2026-09-26,night_flow
M1004,2026-09-27,night_flow
M1021,2026-09-13,theft
M1021,2026-09-14,theft
M1021,2026-09-15,theft
M1021,2026-09-16,theft
M1021,2026-09-17,theft
M1021,2026-09-18,theft
M1021,2026-09-19,theft
M1021,2026-09-20,theft
M1021,2026-09-21,theft
M1021,2026-09-22,theft
M1021,2026-09-23,theft
M1021,2026-09-24,theft
M1021,2026-09-25,theft
M1021,2026-09-26,theft
M1021,2026-09-27,theft
M1041,2026-09-14,burst
M1048,2026-09-10,night_flow
M1048,2026-09-11,night_flow
M1048,2026-09-12,night_flow
M1048,2026-09-13,night_flow
M1048,2026-09-14,night_flow
M1048,2026-09-15,night_flow
M1048,2026-09-16,night_flow
M1048,2026-09-17,night_flow
M1048,2026-09-18,night_flow
M1048,2026-09-19,night_flow
M1048,2026-09-20,night_flow
M1048,2026-09-21,night_flow
M1048,2026-09-22,night_flow
M1048,2026-09-23,night_flow
M1048,2026-09-24,night_flow
M1048,2026-09-25,night_flow
M1048,2026-09-26,night_flow
M1048,2026-09-27,night_flow
M1052,2026-09-22,night_flow
M1052,2026-09-23,night_flow
M1052,2026-09-24,night_flow
M1052,2026-09-25,night_flow
M1052,2026-09-26,night_flow
M1052,2026-09-27,night_flow
M1066,2026-09-12,burst
M1086,2026-09-24,theft
M1086,2026-09-25,theft
M1086,2026-09-26,theft
M1086,2026-09-27,theft
M1091,2026-09-21,burst
M1099,2026-09-16,night_flow
M1099,2026-09-17,night_flow
M1099,2026-09-18,night_flow
M1099,2026-09-19,night_flow
M1099,2026-09-20,night_flow
M1099,2026-09-21,night_flow
M1099,2026-09-22,night_flow
M1099,2026-09-23,night_flow
M1099,2026-09-24,night_flow
M1099,2026-09-25,night_flow
M1099,2026-09-26,night_flow
M1099,2026-09-27,night_flow
M1114,2026-09-12,theft
M1114,2026-09-13,theft
M1114,2026-09-14,theft
M1114,2026-09-15,theft
M1114,2026-09-16,theft
M1114,2026-09-17,theft
M1114,2026-09-18,theft
M1114,2026-09-19,theft
M1114,2026-09-20,theft
M1114,2026-09-21,theft
M1114,2026-09-22,theft
M1114,2026-09-23,theft
M1114,2026-09-24,theft
M1114,2026-09-25,theft
M1114,2026-09-26,theft
M1114,2026-09-27,theft
M1121,2026-09-21,theft
M1121,2026-09-22,theft
M1121,2026-09-23,theft
M1121,2026-09-24,theft
M1121,2026-09-25,theft
M1121,2026-09-26,theft
M1121,2026-09-27,theft
M1126,2026-09-08,theft
M1126,2026-09-09,theft
M1126,2026-09-10,theft
M1126,2026-09-11,theft
M1126,2026-09-12,theft
M1126,2026-09-13,theft
M1126,2026-09-14,theft
M1126,2026-09-15,theft
M1126,2026-09-16,theft
M1126,2026-09-17,theft
M1126,2026-09-18,theft
M1126,2026-09-19,theft
M1126,2026-09-20,theft
M1126,2026-09-21,theft
M1126,2026-09-22,theft
M1126,2026-09-23,theft
M1126,2026-09-24,theft
M1126,2026-09-25,theft
M1126,2026-09-26,theft
M1126,2026-09-27,theft
M1131,2026-09-12,burst
M1141,2026-09-14,burst
