meter_id,zone,type,base_m3_day
M1001,Z1,residential,0.632
M1002,Z2,residential,1.28
M1003,Z3,residential,0.599
M1004,Z4,residential,0.856
M1005,Z5,residential,0.875
M1006,Z1,commercial,3.199
M1007,Z2,residential,1.166
M1008,Z3,residential,0.929
M1009,Z4,residential,1.24
M1010,Z5,residential,1.16
M1011,Z1,residential,0.861
M1012,Z2,residential,0.685
M1013,Z3,residential,0.525
M1014,Z4,residential,0.635
M1015,Z5,commercial,3.019
M1016,Z1,residential,0.951
M1017,Z2,residential,0.707
M1018,Z3,residential,1.249
M1019,Z4,commercial,5.076
M1020,Z5,residential,1.073
M1021,Z1,residential,1.084
M1022,Z2,commercial,4.659
M1023,Z3,residential,0.982
M1024,Z4,residential,0.49
M1025,Z5,residential,0.491
M1026,Z1,residential,0.454
M1027,Z2,residential,0.899
M1028,Z3,residential,0.777
M1029,Z4,commercial,6.369
M1030,Z5,commercial,7.331
M1031,Z1,commercial,5.652
M1032,Z2,residential,0.937
M1033,Z3,residential,1.029
M1034,Z4,commercial,6.375
M1035,Z5,residential,1.278
M1036,Z1,residential,0.743
M1037,Z2,residential,0.911
M1038,Z3,residential,0.596
M1039,Z4,residential,0.84
M1040,Z5,residential,0.467
M1041,Z1,commercial,7.649
M1042,Z2,commercial,3.366
M1043,Z3,residential,0.658
M1044,Z4,residential,1.224
M1045,Z5,residential,0.831
M1046,Z1,residential,0.482
M1047,Z2,residential,0.554
M1048,Z3,commercial,5.804
M1049,Z4,commercial,3.515
M1050,Z5,residential,0.826
M1051,Z1,commercial,3.022
M1052,Z2,residential,0.651
M1053,Z3,residential,1.228
M1054,Z4,residential,0.794
M1055,Z5,residential,0.983
M1056,Z1,residential,0.542
M1057,Z2,residential,0.93
M1058,Z3,commercial,4.466
M1059,Z4,residential,0.672
M1060,Z5,residential,1.005
M1061,Z1,residential,0.621
M1062,Z2,commercial,7.109
M1063,Z3,residential,0.503
M1064,Z4,residential,1.133
M1065,Z5,residential,1.194
M1066,Z1,residential,0.809
M1067,Z2,residential,0.615
M1068,Z3,residential,0.947
M1069,Z4,residential,1.203
M1070,Z5,residential,0.492
M1071,Z1,residential,1.189
M1072,Z2,residential,0.867
M1073,Z3,residential,1.194
M1074,Z4,residential,1.181
M1075,Z5,residential,1.093
M1076,Z1,residential,1.062
M1077,Z2,residential,1.072
M1078,Z3,residential,0.707
M1079,Z4,residential,0.772
M1080,Z5,residential,0.545
M1081,Z1,residential,0.922
M1082,Z2,residential,0.967
M1083,Z3,residential,0.831
M1084,Z4,residential,1.018
M1085,Z5,residential,0.946
M1086,Z1,residential,0.655
M1087,Z2,residential,0.529
M1088,Z3,residential,0.971
M1089,Z4,residential,0.735
M1090,Z5,commercial,6.161
M1091,Z1,residential,0.7
M1092,Z2,residential,0.69
M1093,Z3,residential,0.663
M1094,Z4,residential,0.992
M1095,Z5,residential,0.787
M1096,Z1,commercial,7.59
M1097,Z2,residential,0.729
M1098,Z3,commercial,6.171
M1099,Z4,residential,0.485
M1100,Z5,commercial,3.732
M1101,Z1,residential,1.233
M1102,Z2,residential,0.742
M1103,Z3,residential,1.081
M1104,Z4,residential,0.587
M1105,Z5,residential,1.109
M1106,Z1,residential,1.016
M1107,Z2,residential,0.686
M1108,Z3,residential,0.486
M1109,Z4,residential,0.945
M1110,Z5,residential,0.509
M1111,Z1,residential,1.086
M1112,Z2,residential,0.623
M1113,Z3,residential,1.09
M1114,Z4,residential,1.003
M1115,Z5,residential,1.239
M1116,Z1,residential,0.804
M1117,Z2,residential,1.146
M1118,Z3,residential,0.516
M1119,Z4,commercial,7.501
M1120,Z5,residential,1.259
M1121,Z1,residential,1.116
M1122,Z2,residential,0.718
M1123,Z3,commercial,7.985
M1124,Z4,commercial,5.987
M1125,Z5,residential,1.03
M1126,Z1,residential,1.063
M1127,Z2,residential,1.155
M1128,Z3,residential,1.042
M1129,Z4,residential,0.611
M1130,Z5,residential,1.112
M1131,Z1,commercial,3.954
M1132,Z2,residential,1.241
M1133,Z3,residential,0.78
M1134,Z4,residential,0.844
M1135,Z5,residential,0.8
M1136,Z1,residential,0.727
M1137,Z2,residential,0.485
M1138,Z3,residential,0.621
M1139,Z4,residential,0.575
M1140,Z5,residential,1.07
M1141,Z1,residential,0.589
M1142,Z2,residential,1.145
M1143,Z3,residential,1.108
M1144,Z4,residential,0.61
M1145,Z5,residential,0.848
M1146,Z1,commercial,7.8
M1147,Z2,commercial,4.767
M1148,Z3,residential,0.866
M1149,Z4,residential,0.455
M1150,Z5,residential,0.999
