date,tmax,tmin,precip
2024-01-01,27.7,14.7,0.0
2024-01-02,27.3,14.6,0.0
2024-01-03,27.1,17.1,0.0
2024-01-04,27.7,18.2,0.0
2024-01-05,27.6,17.0,0.0
2024-01-06,27.9,16.9,0.0
2024-01-07,27.0,17.5,0.0
2024-01-08,27.4,16.5,0.0
2024-01-09,28.3,17.0,0.0
2024-01-10,26.0,17.6,0.5
2024-01-11,29.5,17.7,0.0
2024-01-12,30.0,18.6,0.0
2024-01-13,30.0,17.6,0.0
2024-01-14,30.3,17.6,0.0
2024-01-15,29.2,17.3,0.0
2024-01-16,29.8,18.3,0.0
2024-01-17,29.8,17.7,0.0
2024-01-18,28.6,18.1,0.0
2024-01-19,29.9,17.0,0.0
2024-01-20,29.0,18.9,0.0
2024-01-21,30.1,18.2,0.0
2024-01-22,31.0,20.3,0.0
2024-01-23,30.7,19.0,0.0
2024-01-24,29.6,19.2,0.0
2024-01-25,28.3,18.1,0.0
2024-01-26,29.6,17.8,0.0
2024-01-27,29.0,17.5,0.0
2024-01-28,29.1,16.4,0.0
2024-01-29,29.2,15.9,0.0
2024-01-30,29.3,16.6,0.0
2024-01-31,30.8,16.8,0.0
2024-02-01,31.1,18.3,0.0
2024-02-02,30.8,17.1,0.0
2024-02-03,29.9,19.4,0.2
2024-02-04,31.3,20.4,0.0
2024-02-05,32.4,19.0,0.0
2024-02-06,32.8,20.2,0.0
2024-02-07,33.4,20.3,0.0
2024-02-08,33.1,20.6,0.0
2024-02-09,32.4,19.3,0.0
2024-02-10,32.3,20.5,0.0
2024-02-11,32.7,19.8,0.0
2024-02-12,32.0,19.0,0.0
2024-02-13,32.3,18.0,0.0
2024-02-14,32.6,18.9,0.0
2024-02-15,32.3,18.2,0.0
2024-02-16,32.0,16.7,0.0
2024-02-17,33.0,17.2,0.0
2024-02-18,33.5,17.7,0.0
2024-02-19,33.6,18.5,0.0
2024-02-20,33.4,19.7,0.0
2024-02-21,33.3,19.9,0.0
2024-02-22,33.0,19.0,0.0
2024-02-23,32.6,19.3,0.0
2024-02-24,33.7,18.7,0.1
2024-02-25,32.0,22.3,0.4
2024-02-26,32.3,20.7,0.1
2024-02-27,33.4,19.6,0.0
2024-02-28,32.9,20.3,0.0
2024-02-29,33.7,19.7,0.0
2024-03-01,34.3,20.3,0.0
2024-03-02,35.4,20.7,0.0
2024-03-03,35.1,21.4,0.0
2024-03-04,34.8,21.1,0.0
2024-03-05,34.6,20.9,0.0
2024-03-06,36.3,23.0,0.0
2024-03-07,36.1,22.6,0.0
2024-03-08,35.8,20.8,0.0
2024-03-09,36.3,21.7,0.0
2024-03-10,34.8,23.0,0.2
2024-03-11,35.6,23.0,0.0
2024-03-12,36.3,22.7,0.0
2024-03-13,37.4,25.9,0.0
2024-03-14,35.4,23.0,0.0
2024-03-15,37.8,22.3,0.0
2024-03-16,35.1,22.3,0.4
2024-03-17,34.9,22.8,5.7
2024-03-18,34.3,23.4,0.9
2024-03-19,34.9,22.3,0.2
2024-03-20,30.8,21.8,0.2
2024-03-21,33.1,20.4,0.0
2024-03-22,35.1,19.8,0.0
2024-03-23,35.4,20.9,0.0
2024-03-24,35.4,23.0,0.0
2024-03-25,35.5,23.0,0.0
2024-03-26,36.9,22.6,0.0
2024-03-27,37.2,22.4,0.0
2024-03-28,38.3,21.9,0.0
2024-03-29,38.7,23.7,0.0
2024-03-30,38.4,23.1,0.0
2024-03-31,37.6,23.0,0.0
2024-04-01,38.0,22.7,0.0
2024-04-02,37.7,23.9,0.0
2024-04-03,38.4,24.5,0.0
2024-04-04,38.8,23.6,0.0
2024-04-05,39.2,25.8,0.0
2024-04-06,38.7,26.4,0.0
2024-04-07,39.5,25.0,0.0
2024-04-08,37.3,25.8,0.0
2024-04-09,35.0,23.8,0.0
2024-04-10,35.6,24.2,0.0
2024-04-11,35.4,24.4,0.0
2024-04-12,31.2,23.7,6.3
2024-04-13,33.1,22.5,1.8
2024-04-14,36.6,23.8,0.0
2024-04-15,37.7,23.8,0.0
2024-04-16,37.8,24.4,0.0
2024-04-17,37.8,24.9,0.1
2024-04-18,38.6,26.4,0.0
2024-04-19,37.8,26.1,0.1
2024-04-20,36.4,25.8,0.5
2024-04-21,36.9,26.2,1.7
2024-04-22,37.0,25.7,0.0
2024-04-23,39.0,23.4,0.0
2024-04-24,38.7,22.9,0.0
2024-04-25,39.0,25.5,0.0
2024-04-26,40.4,23.8,0.0
2024-04-27,38.7,24.7,0.0
2024-04-28,40.5,25.8,0.0
2024-04-29,39.6,25.5,0.0
2024-04-30,39.9,25.8,0.0
2024-05-01,40.5,28.0,0.0
2024-05-02,39.6,25.2,0.0
2024-05-03,40.4,24.0,0.0
2024-05-04,41.4,24.9,0.0
2024-05-05,40.0,26.0,0.0
2024-05-06,40.8,25.9,0.0
2024-05-07,35.1,23.9,1.6
2024-05-08,36.5,23.4,0.8
2024-05-09,36.2,23.6,0.8
2024-05-10,34.8,22.0,22.9
2024-05-11,37.3,24.2,0.0
2024-05-12,35.8,24.2,5.1
2024-05-13,34.9,24.9,1.6
2024-05-14,35.0,24.4,0.5
2024-05-15,36.1,24.6,1.0
2024-05-16,32.9,23.7,13.5
2024-05-17,32.6,23.1,2.3
2024-05-18,33.1,24.2,10.7
2024-05-19,32.8,23.7,10.3
2024-05-20,32.7,23.1,9.2
2024-05-21,34.6,24.7,0.2
2024-05-22,35.2,24.4,5.5
2024-05-23,36.3,25.0,0.0
2024-05-24,38.6,26.4,0.0
2024-05-25,37.0,27.3,0.5
2024-05-26,37.6,28.2,0.2
2024-05-27,38.0,27.9,0.0
2024-05-28,37.0,26.8,0.0
2024-05-29,38.6,27.0,0.0
2024-05-30,38.4,27.9,0.0
2024-05-31,39.5,28.0,0.0
2024-06-01,39.2,27.6,0.0
2024-06-02,37.2,26.1,25.2
2024-06-03,33.6,22.7,11.9
2024-06-04,33.5,25.2,7.4
2024-06-05,32.3,24.2,34.1
2024-06-06,34.1,23.6,38.3
2024-06-07,32.0,23.3,4.5
2024-06-08,31.3,24.0,6.3
2024-06-09,30.9,23.3,1.6
2024-06-10,29.2,23.4,10.6
2024-06-11,31.1,23.1,6.0
2024-06-12,31.1,22.6,6.2
2024-06-13,32.1,23.4,32.4
2024-06-14,30.4,23.2,8.7
2024-06-15,31.6,23.5,0.8
2024-06-16,31.2,23.9,2.1
2024-06-17,32.4,23.6,2.8
2024-06-18,32.6,23.8,0.4
2024-06-19,30.3,23.8,6.5
2024-06-20,32.1,24.5,0.6
2024-06-21,32.3,24.5,2.8
2024-06-22,29.0,23.9,15.8
2024-06-23,31.9,23.2,2.5
2024-06-24,31.5,23.8,0.1
2024-06-25,32.5,24.1,7.9
2024-06-26,31.7,24.0,7.4
2024-06-27,27.5,23.5,28.0
2024-06-28,28.9,23.0,8.9
2024-06-29,30.0,23.4,2.2
2024-06-30,28.6,23.7,11.8
2024-07-01,28.9,23.4,1.0
2024-07-02,30.9,23.6,1.8
2024-07-03,30.7,23.5,0.0
2024-07-04,31.3,24.0,0.1
2024-07-05,30.8,23.7,2.4
2024-07-06,29.6,23.2,9.9
2024-07-07,28.9,22.8,9.3
2024-07-08,29.1,22.7,25.9
2024-07-09,29.3,23.1,8.6
2024-07-10,31.2,22.6,2.1
2024-07-11,31.0,23.1,12.0
2024-07-12,30.9,23.3,3.3
2024-07-13,30.5,23.1,3.6
2024-07-14,26.2,23.0,17.7
2024-07-15,29.1,23.3,5.4
2024-07-16,29.8,23.0,8.8
2024-07-17,28.7,22.9,3.6
2024-07-18,27.6,23.1,10.8
2024-07-19,27.5,22.4,28.3
2024-07-20,25.9,22.7,20.6
2024-07-21,27.7,22.4,13.5
2024-07-22,25.8,22.8,10.2
2024-07-23,26.6,23.0,11.9
2024-07-24,24.6,22.4,25.7
2024-07-25,24.9,22.4,18.2
2024-07-26,27.2,22.0,13.5
2024-07-27,25.5,22.9,10.5
2024-07-28,28.7,22.7,4.8
2024-07-29,29.3,23.3,3.8
2024-07-30,29.9,23.4,0.0
2024-07-31,29.6,23.4,1.5
2024-08-01,29.0,23.7,3.7
2024-08-02,27.4,22.9,11.5
2024-08-03,28.2,23.1,0.4
2024-08-04,29.0,22.9,4.9
2024-08-05,30.2,22.7,0.5
2024-08-06,29.1,22.5,5.5
2024-08-07,25.1,22.6,22.2
2024-08-08,29.0,22.0,7.9
2024-08-09,30.3,21.9,3.6
2024-08-10,30.3,22.8,0.4
2024-08-11,29.4,22.9,0.2
2024-08-12,28.2,23.1,39.0
2024-08-13,30.4,22.6,2.2
2024-08-14,30.8,23.6,0.2
2024-08-15,31.0,23.3,1.1
2024-08-16,31.2,23.1,26.6
2024-08-17,30.4,22.8,3.2
2024-08-18,31.2,23.6,7.8
2024-08-19,28.8,23.6,17.3
2024-08-20,29.9,23.1,8.2
2024-08-21,31.2,23.0,7.4
2024-08-22,30.1,22.7,6.9
2024-08-23,28.4,23.2,0.2
2024-08-24,27.3,22.9,12.7
2024-08-25,27.0,22.1,9.1
2024-08-26,29.2,22.4,1.8
2024-08-27,29.7,22.4,4.0
2024-08-28,29.3,22.4,3.3
2024-08-29,29.2,22.3,1.0
2024-08-30,24.8,22.9,15.9
2024-08-31,25.1,21.9,25.0
2024-09-01,23.1,21.7,72.0
2024-09-02,25.1,22.0,19.6
2024-09-03,27.6,22.8,8.8
2024-09-04,28.1,22.6,7.9
2024-09-05,29.4,22.6,3.7
2024-09-06,29.0,22.6,2.9
2024-09-07,26.5,22.8,10.3
2024-09-08,26.4,22.7,16.1
2024-09-09,25.0,22.7,12.9
2024-09-10,29.3,22.4,2.5
2024-09-11,29.4,22.0,0.1
2024-09-12,28.7,22.1,0.0
2024-09-13,28.7,21.9,0.0
2024-09-14,29.2,21.7,0.0
2024-09-15,29.4,21.8,0.0
2024-09-16,27.8,22.2,0.8
2024-09-17,29.8,22.1,0.0
2024-09-18,29.5,21.0,0.1
2024-09-19,30.4,21.1,0.0
2024-09-20,30.9,22.1,0.4
2024-09-21,29.5,22.3,6.1
2024-09-22,29.3,22.2,2.4
2024-09-23,29.2,22.2,20.0
2024-09-24,29.3,22.5,13.6
2024-09-25,28.7,22.7,14.6
2024-09-26,27.8,22.9,8.6
2024-09-27,29.0,22.8,0.0
2024-09-28,29.6,22.2,0.0
2024-09-29,30.7,22.1,0.8
2024-09-30,29.9,22.5,3.7
2024-10-01,31.2,22.7,2.7
2024-10-02,31.8,22.4,3.1
2024-10-03,31.5,22.5,1.1
2024-10-04,30.7,22.4,0.1
2024-10-05,30.4,22.3,2.2
2024-10-06,30.7,22.3,1.4
2024-10-07,30.0,21.7,2.1
2024-10-08,29.7,21.6,0.2
2024-10-09,30.2,22.4,2.7
2024-10-10,29.2,22.5,1.4
2024-10-11,29.7,22.6,1.7
2024-10-12,29.5,22.3,4.4
2024-10-13,29.7,22.2,2.7
2024-10-14,28.6,21.0,0.2
2024-10-15,29.4,22.1,11.0
2024-10-16,29.4,21.9,6.6
2024-10-17,29.0,22.7,7.8
2024-10-18,28.8,23.0,2.6
2024-10-19,30.3,22.0,0.9
2024-10-20,29.4,21.4,5.9
2024-10-21,29.6,20.8,1.2
2024-10-22,29.5,20.9,6.1
2024-10-23,30.5,21.0,0.0
2024-10-24,30.7,19.5,0.0
2024-10-25,30.1,19.9,0.0
2024-10-26,30.2,20.3,0.4
2024-10-27,30.5,18.7,0.0
2024-10-28,30.3,19.5,0.0
2024-10-29,30.5,20.0,0.1
2024-10-30,30.2,21.5,6.5
2024-10-31,28.7,21.1,11.3
2024-11-01,30.1,21.3,6.1
2024-11-02,29.2,20.7,1.6
2024-11-03,28.4,20.6,1.2
2024-11-04,29.5,20.4,0.0
2024-11-05,29.7,18.5,0.0
2024-11-06,30.2,18.1,0.0
2024-11-07,29.8,17.8,0.0
2024-11-08,29.6,17.6,0.0
2024-11-09,29.8,18.2,0.0
2024-11-10,29.9,18.5,0.0
2024-11-11,29.3,18.8,0.0
2024-11-12,29.9,20.5,0.0
2024-11-13,30.3,22.5,0.0
2024-11-14,29.5,21.9,1.0
2024-11-15,30.7,21.6,1.4
2024-11-16,30.6,21.9,0.0
2024-11-17,29.5,20.8,0.0
2024-11-18,28.6,19.9,0.0
2024-11-19,28.3,19.6,0.0
2024-11-20,28.1,18.8,0.0
2024-11-21,28.3,19.2,0.0
2024-11-22,28.6,19.1,0.0
2024-11-23,28.3,19.0,0.0
2024-11-24,28.4,19.4,0.0
2024-11-25,27.5,18.6,0.0
2024-11-26,28.8,18.6,0.0
2024-11-27,27.5,18.9,0.0
2024-11-28,26.9,18.0,0.0
2024-11-29,29.0,17.9,0.0
2024-11-30,29.1,21.1,0.0
2024-12-01,28.1,22.1,0.7
2024-12-02,27.3,21.7,4.2
2024-12-03,27.4,21.3,3.5
2024-12-04,28.3,21.8,0.8
2024-12-05,27.4,21.1,12.2
2024-12-06,29.1,21.6,3.1
2024-12-07,30.0,21.1,1.4
2024-12-08,28.7,21.8,1.1
2024-12-09,27.8,21.4,1.0
2024-12-10,28.2,21.0,0.6
2024-12-11,27.2,18.6,0.0
2024-12-12,27.4,17.5,0.0
2024-12-13,26.9,18.0,0.0
2024-12-14,26.6,17.5,0.0
2024-12-15,26.6,16.9,0.0
2024-12-16,27.0,15.5,0.0
2024-12-17,27.5,15.3,0.0
2024-12-18,28.0,16.7,0.0
2024-12-19,28.9,18.5,0.0
2024-12-20,29.4,20.9,0.0
2024-12-21,29.9,20.0,0.0
2024-12-22,28.5,20.2,0.0
2024-12-23,28.6,19.8,0.0
2024-12-24,28.5,21.0,0.0
2024-12-25,27.7,20.0,0.1
2024-12-26,25.9,20.6,0.5
2024-12-27,26.4,20.6,1.9
2024-12-28,27.9,18.8,0.0
2024-12-29,28.9,19.3,0.0
2024-12-30,30.0,19.4,0.0
2024-12-31,28.7,19.9,0.0
2025-01-01,28.6,20.5,0.0
2025-01-02,28.2,18.6,0.0
2025-01-03,28.9,18.2,0.0
2025-01-04,28.9,18.5,0.0
2025-01-05,28.2,16.4,0.0
2025-01-06,27.5,17.7,0.0
2025-01-07,28.6,18.0,0.0
2025-01-08,27.2,18.7,0.0
2025-01-09,25.8,17.0,0.0
2025-01-10,26.4,17.3,0.0
2025-01-11,26.8,17.8,0.0
2025-01-12,27.7,18.0,0.0
2025-01-13,28.7,19.0,0.0
2025-01-14,28.5,18.4,0.0
2025-01-15,28.1,18.7,0.0
2025-01-16,28.2,18.9,0.0
2025-01-17,28.4,18.9,0.0
2025-01-18,26.9,18.5,0.0
2025-01-19,29.3,19.0,0.0
2025-01-20,29.5,19.2,0.0
2025-01-21,30.5,18.2,0.0
2025-01-22,30.1,18.6,0.0
2025-01-23,29.6,18.5,0.0
2025-01-24,30.6,19.0,0.0
2025-01-25,31.3,18.3,0.0
2025-01-26,30.1,19.6,0.0
2025-01-27,31.2,19.2,0.0
2025-01-28,31.0,19.3,0.0
2025-01-29,30.5,19.8,0.0
2025-01-30,31.0,19.3,0.0
2025-01-31,32.4,19.6,0.0
2025-02-01,32.2,21.0,0.0
2025-02-02,32.3,21.3,0.0
2025-02-03,32.2,20.9,0.0
2025-02-04,33.1,20.0,0.0
2025-02-05,33.4,22.1,0.0
2025-02-06,32.4,21.6,0.0
2025-02-07,32.1,21.9,0.0
2025-02-08,32.3,22.2,0.0
2025-02-09,31.6,22.1,0.0
2025-02-10,32.3,21.4,0.0
2025-02-11,33.7,21.5,0.0
2025-02-12,34.4,22.0,0.0
2025-02-13,33.6,21.5,0.0
2025-02-14,32.8,22.4,0.0
2025-02-15,32.9,20.6,0.0
2025-02-16,33.5,20.4,0.0
2025-02-17,34.3,21.4,0.0
2025-02-18,34.7,21.9,0.0
2025-02-19,34.0,23.0,0.0
2025-02-20,33.9,23.4,0.5
2025-02-21,32.8,23.3,0.0
2025-02-22,33.9,22.3,0.0
2025-02-23,33.2,23.0,0.0
2025-02-24,32.3,22.7,0.0
2025-02-25,31.8,21.1,0.0
2025-02-26,31.8,21.7,0.0
2025-02-27,32.4,21.6,0.0
2025-02-28,32.5,21.7,0.0
2025-03-01,32.8,21.6,0.0
2025-03-02,34.5,22.5,0.0
2025-03-03,35.6,23.5,0.0
2025-03-04,36.0,22.8,0.0
2025-03-05,33.7,23.9,0.0
2025-03-06,32.5,21.1,0.0
2025-03-07,33.4,19.3,0.0
2025-03-08,35.8,19.8,0.0
2025-03-09,34.7,22.6,0.0
2025-03-10,32.6,20.7,0.0
2025-03-11,33.6,22.1,0.0
2025-03-12,35.8,22.4,0.0
2025-03-13,37.6,23.7,0.0
2025-03-14,37.4,25.5,0.0
2025-03-15,37.4,26.0,0.0
2025-03-16,37.2,25.8,0.0
2025-03-17,37.6,24.9,0.0
2025-03-18,37.0,26.2,0.0
2025-03-19,36.1,24.6,0.0
2025-03-20,35.3,22.1,0.0
2025-03-21,35.8,22.4,0.0
2025-03-22,33.8,23.0,0.5
2025-03-23,32.3,22.8,0.1
2025-03-24,33.3,22.8,0.0
2025-03-25,34.5,23.0,0.0
2025-03-26,36.2,24.0,0.0
2025-03-27,37.5,25.1,0.0
2025-03-28,37.8,26.1,0.0
2025-03-29,37.6,26.2,0.0
2025-03-30,38.1,26.8,0.0
2025-03-31,37.0,26.1,0.0
2025-04-01,35.2,23.8,0.0
2025-04-02,32.8,23.3,0.0
2025-04-03,30.3,21.6,9.4
2025-04-04,30.6,21.4,3.0
2025-04-05,32.5,23.6,0.0
2025-04-06,34.5,23.1,0.0
2025-04-07,36.1,23.8,0.0
2025-04-08,35.6,23.9,0.1
2025-04-09,36.8,23.8,0.0
2025-04-10,37.1,25.4,0.0
2025-04-11,37.0,24.3,0.0
2025-04-12,37.1,25.3,0.0
2025-04-13,37.0,25.1,0.0
2025-04-14,36.9,24.9,0.0
2025-04-15,36.2,25.6,0.0
2025-04-16,36.2,24.3,0.0
2025-04-17,35.9,25.1,0.3
2025-04-18,37.2,25.6,0.0
2025-04-19,35.3,26.7,1.7
2025-04-20,37.9,27.3,0.0
2025-04-21,37.8,26.7,0.1
2025-04-22,38.5,27.7,0.1
2025-04-23,38.3,28.0,0.0
2025-04-24,38.7,27.8,0.0
2025-04-25,38.4,28.9,0.0
2025-04-26,37.6,27.0,0.0
2025-04-27,32.9,24.7,8.2
2025-04-28,37.0,24.9,0.0
2025-04-29,36.9,25.0,0.0
2025-04-30,38.4,25.6,0.0
2025-05-01,37.9,25.2,0.0
2025-05-02,38.7,25.5,0.0
2025-05-03,38.6,26.2,0.0
2025-05-04,38.5,26.1,0.0
2025-05-05,37.5,23.9,0.0
2025-05-06,36.8,24.9,0.0
2025-05-07,36.0,24.8,0.8
2025-05-08,35.2,26.4,0.0
2025-05-09,35.6,25.1,0.0
2025-05-10,36.5,26.7,0.0
2025-05-11,37.6,27.4,0.2
2025-05-12,37.0,26.3,0.0
2025-05-13,36.5,26.1,0.0
2025-05-14,36.9,25.5,0.2
2025-05-15,33.6,22.8,11.5
2025-05-16,35.5,25.0,0.3
2025-05-17,34.9,26.1,0.6
2025-05-18,35.2,25.0,1.5
2025-05-19,34.0,23.6,8.8
2025-05-20,34.5,25.7,1.9
2025-05-21,30.2,24.1,24.5
2025-05-22,30.8,23.7,5.4
2025-05-23,31.5,24.0,1.0
2025-05-24,31.1,24.5,1.6
2025-05-25,30.4,23.2,2.6
2025-05-26,28.8,23.7,2.0
2025-05-27,30.7,23.4,1.5
2025-05-28,28.0,23.8,3.5
2025-05-29,30.9,23.5,4.5
2025-05-30,32.2,23.6,1.8
2025-05-31,33.6,24.5,0.0
2025-06-01,33.0,24.3,0.2
2025-06-02,31.9,24.0,1.1
2025-06-03,31.8,24.1,0.2
2025-06-04,33.0,23.9,0.1
2025-06-05,32.5,23.9,0.7
2025-06-06,33.8,23.8,0.2
2025-06-07,35.4,25.5,0.0
2025-06-08,35.1,25.5,0.6
2025-06-09,28.6,24.7,6.2
2025-06-10,31.5,24.6,1.6
2025-06-11,30.1,23.9,2.6
2025-06-12,31.1,22.6,10.0
2025-06-13,32.1,24.2,0.9
2025-06-14,31.4,24.6,1.6
2025-06-15,30.9,23.8,5.4
2025-06-16,30.2,23.8,1.6
2025-06-17,31.8,24.1,0.1
2025-06-18,31.4,23.7,0.2
2025-06-19,31.6,24.1,2.3
2025-06-20,31.6,24.1,0.2
2025-06-21,32.5,23.7,0.3
2025-06-22,33.0,23.6,1.0
2025-06-23,31.7,24.0,0.5
2025-06-24,29.4,23.4,12.4
2025-06-25,28.9,23.7,7.2
2025-06-26,30.0,22.8,9.8
2025-06-27,30.4,23.3,1.6
2025-06-28,32.0,23.4,0.3
2025-06-29,32.0,23.8,1.5
2025-06-30,30.6,23.1,8.7
2025-07-01,28.0,22.7,9.6
2025-07-02,27.8,22.7,4.9
2025-07-03,27.7,23.4,1.8
2025-07-04,29.9,23.5,11.5
2025-07-05,29.9,23.9,2.9
2025-07-06,30.8,23.4,2.4
2025-07-07,28.9,23.2,3.0
2025-07-08,29.8,23.3,1.7
2025-07-09,29.9,23.7,0.6
2025-07-10,31.4,22.9,0.7
2025-07-11,31.6,23.4,0.3
2025-07-12,32.2,23.7,1.3
2025-07-13,32.0,24.4,0.0
2025-07-14,32.3,24.2,1.2
2025-07-15,31.2,24.0,2.7
2025-07-16,32.2,23.8,4.3
2025-07-17,31.3,22.8,7.0
2025-07-18,31.1,22.7,12.5
2025-07-19,30.2,22.5,8.5
2025-07-20,29.5,23.7,2.1
2025-07-21,30.3,23.5,3.0
2025-07-22,29.0,23.0,5.5
2025-07-23,27.6,23.0,8.1
2025-07-24,25.7,22.8,8.5
2025-07-25,26.6,22.9,14.9
2025-07-26,24.5,22.6,23.5
2025-07-27,29.3,23.0,0.9
2025-07-28,29.9,22.6,0.0
2025-07-29,29.6,23.2,0.5
2025-07-30,28.5,23.2,2.9
2025-07-31,29.3,23.0,1.0
2025-08-01,30.3,23.3,0.0
2025-08-02,30.8,23.6,0.2
2025-08-03,30.7,23.4,0.6
2025-08-04,31.1,23.4,4.1
2025-08-05,29.6,23.6,6.6
2025-08-06,31.5,22.8,7.0
2025-08-07,30.0,24.1,23.7
2025-08-08,29.5,22.5,3.9
2025-08-09,28.1,21.8,5.4
2025-08-10,28.5,22.8,15.0
2025-08-11,28.6,22.3,9.7
2025-08-12,28.5,22.2,4.4
2025-08-13,26.3,22.2,11.8
2025-08-14,27.4,21.9,8.8
2025-08-15,27.6,22.3,4.8
2025-08-16,26.9,22.5,2.0
2025-08-17,26.6,22.5,7.5
2025-08-18,25.7,22.4,15.6
2025-08-19,26.9,22.1,7.4
2025-08-20,27.5,22.7,2.8
2025-08-21,29.4,22.4,0.1
2025-08-22,28.9,22.7,0.1
2025-08-23,28.8,22.4,0.1
2025-08-24,29.2,22.2,0.1
2025-08-25,29.4,21.9,0.1
2025-08-26,26.7,22.7,19.8
2025-08-27,26.7,22.2,25.8
2025-08-28,26.5,21.8,17.6
2025-08-29,28.6,21.8,1.7
2025-08-30,29.6,22.5,0.4
2025-08-31,28.0,22.9,2.9
2025-09-01,27.9,22.7,8.7
2025-09-02,27.0,22.7,4.5
2025-09-03,28.8,22.2,0.2
2025-09-04,29.4,22.1,0.3
2025-09-05,29.1,22.2,0.6
2025-09-06,28.9,22.8,0.2
2025-09-07,29.3,22.6,0.0
2025-09-08,30.0,22.7,0.5
2025-09-09,31.8,22.2,0.9
2025-09-10,30.7,22.6,12.2
2025-09-11,26.7,22.7,20.5
2025-09-12,25.7,21.9,6.6
2025-09-13,27.2,22.5,11.5
2025-09-14,29.3,21.7,7.2
2025-09-15,28.9,22.6,4.5
2025-09-16,29.4,22.9,7.6
2025-09-17,28.8,22.5,1.2
2025-09-18,30.0,21.9,6.3
2025-09-19,30.3,22.0,16.2
2025-09-20,30.0,21.9,2.2
2025-09-21,29.7,22.4,9.3
2025-09-22,28.4,22.4,6.8
2025-09-23,28.7,22.7,10.2
2025-09-24,28.3,22.5,0.0
2025-09-25,25.7,22.2,6.0
2025-09-26,27.7,21.7,16.9
2025-09-27,25.1,22.0,10.5
2025-09-28,27.1,21.7,3.3
2025-09-29,29.2,21.6,0.0
2025-09-30,28.4,22.1,0.1
2025-10-01,29.2,22.4,0.2
2025-10-02,27.9,23.0,0.0
2025-10-03,29.7,23.0,0.0
2025-10-04,29.7,23.6,0.8
2025-10-05,29.6,22.3,2.3
2025-10-06,29.6,21.5,10.2
2025-10-07,28.5,21.8,3.4
2025-10-08,30.4,22.7,0.7
2025-10-09,29.2,22.0,1.1
2025-10-10,30.7,22.8,0.0
2025-10-11,30.8,21.8,0.0
2025-10-12,31.4,22.3,0.0
2025-10-13,28.1,23.7,0.2
2025-10-14,28.9,22.5,2.1
2025-10-15,29.7,22.3,0.7
2025-10-16,31.0,22.6,0.0
2025-10-17,31.2,22.7,0.7
2025-10-18,31.7,22.6,0.0
2025-10-19,31.1,22.5,1.3
2025-10-20,29.8,22.6,10.8
2025-10-21,30.4,22.8,2.2
2025-10-22,29.8,22.6,5.1
2025-10-23,26.7,22.5,5.5
2025-10-24,25.7,21.9,12.0
2025-10-25,27.0,21.6,20.4
2025-10-26,28.0,21.6,1.0
2025-10-27,28.8,21.3,2.3
2025-10-28,27.8,22.0,16.8
2025-10-29,23.8,21.7,26.7
2025-10-30,28.4,22.3,0.2
2025-10-31,28.5,20.9,0.0
2025-11-01,28.7,22.0,0.1
2025-11-02,29.1,22.5,0.4
2025-11-03,28.8,22.4,1.0
2025-11-04,28.2,22.3,1.6
2025-11-05,29.7,21.7,0.0
2025-11-06,28.7,21.7,0.0
2025-11-07,29.5,21.6,0.0
2025-11-08,28.9,20.3,0.0
2025-11-09,28.0,18.3,0.0
2025-11-10,28.8,18.0,0.0
2025-11-11,29.3,19.2,0.0
2025-11-12,29.5,19.3,0.0
2025-11-13,29.0,18.7,0.0
2025-11-14,28.2,16.4,0.0
2025-11-15,27.8,16.7,0.0
2025-11-16,27.9,17.1,0.0
2025-11-17,27.7,17.4,0.0
2025-11-18,29.1,17.3,0.0
2025-11-19,29.0,17.4,0.0
2025-11-20,28.9,16.6,0.0
2025-11-21,29.7,18.5,0.0
2025-11-22,30.5,20.8,0.0
2025-11-23,31.2,21.0,0.0
2025-11-24,30.2,21.3,0.0
2025-11-25,29.3,19.6,0.0
2025-11-26,29.0,19.1,0.0
2025-11-27,28.5,18.7,0.0
2025-11-28,28.1,19.2,0.0
2025-11-29,27.0,17.2,0.0
2025-11-30,26.9,19.2,0.0
2025-12-01,28.3,19.5,0.2
2025-12-02,28.8,19.0,0.0
2025-12-03,28.5,20.3,0.0
2025-12-04,28.4,20.8,0.1
2025-12-05,28.2,19.7,0.0
2025-12-06,28.3,17.9,0.0
2025-12-07,29.1,18.8,0.0
2025-12-08,28.9,17.3,0.0
2025-12-09,28.8,17.5,0.0
2025-12-10,28.6,17.6,0.0
2025-12-11,28.3,16.8,0.0
2025-12-12,28.2,15.2,0.0
2025-12-13,28.3,15.1,0.0
2025-12-14,28.3,16.4,0.0
2025-12-15,27.7,16.7,0.0
2025-12-16,27.9,17.0,0.0
2025-12-17,29.2,17.7,0.0
2025-12-18,29.0,17.2,0.0
2025-12-19,27.5,17.4,0.0
2025-12-20,27.3,15.9,0.0
2025-12-21,27.0,14.8,0.0
2025-12-22,27.5,17.0,0.0
2025-12-23,27.5,15.6,0.0
2025-12-24,27.1,17.1,0.0
2025-12-25,26.8,16.7,0.0
2025-12-26,26.6,16.2,0.0
2025-12-27,26.9,16.2,0.0
2025-12-28,26.8,16.2,0.0
2025-12-29,26.6,16.5,0.0
2025-12-30,28.0,16.1,0.0
2025-12-31,28.3,16.7,0.0
2026-01-01,29.1,18.2,0.0
2026-01-02,28.9,18.8,0.0
2026-01-03,27.6,18.6,0.0
2026-01-04,26.7,18.2,0.0
2026-01-05,26.8,17.5,0.0
2026-01-06,26.6,17.0,0.0
2026-01-07,26.6,16.5,0.0
2026-01-08,26.0,16.2,0.0
2026-01-09,25.3,16.3,0.0
2026-01-10,25.5,17.1,0.0
2026-01-11,25.6,16.7,0.0
2026-01-12,26.6,18.8,0.0
2026-01-13,29.5,19.0,0.0
2026-01-14,29.6,19.7,0.2
2026-01-15,28.8,20.0,0.0
2026-01-16,28.7,19.0,0.0
2026-01-17,29.6,18.0,0.0
2026-01-18,30.2,17.0,0.0
2026-01-19,29.7,17.7,0.0
2026-01-20,28.4,18.7,0.0
2026-01-21,27.2,17.7,0.0
2026-01-22,27.0,17.4,0.0
2026-01-23,26.8,17.8,0.0
2026-01-24,28.2,17.6,0.0
2026-01-25,28.6,19.2,0.0
2026-01-26,28.7,19.6,0.0
2026-01-27,28.7,19.5,0.0
2026-01-28,30.1,19.1,0.0
2026-01-29,29.2,19.4,0.0
2026-01-30,28.6,19.6,0.0
2026-01-31,27.7,18.7,0.0
2026-02-01,27.7,17.8,0.0
2026-02-02,28.2,18.2,0.0
2026-02-03,28.1,18.3,0.0
2026-02-04,28.2,18.4,0.0
2026-02-05,28.4,18.5,0.0
2026-02-06,28.8,18.9,0.0
2026-02-07,29.4,18.6,0.0
2026-02-08,29.6,20.3,0.0
2026-02-09,30.1,18.9,0.0
2026-02-10,30.0,18.7,0.0
2026-02-11,29.5,18.3,0.0
2026-02-12,29.6,18.3,0.0
2026-02-13,30.2,18.6,0.0
2026-02-14,30.5,19.2,0.0
2026-02-15,31.2,18.8,0.0
2026-02-16,30.7,20.8,0.0
2026-02-17,30.0,19.8,0.0
2026-02-18,29.4,18.8,0.0
2026-02-19,30.0,20.2,0.0
2026-02-20,31.0,19.5,0.0
2026-02-21,31.5,20.9,0.0
2026-02-22,31.9,21.8,0.0
2026-02-23,31.4,21.7,1.9
2026-02-24,28.9,19.5,3.7
2026-02-25,29.0,20.8,0.0
2026-02-26,29.7,20.4,0.0
2026-02-27,30.4,21.5,0.0
2026-02-28,31.6,20.8,0.0
2026-03-01,32.7,21.8,0.0
2026-03-02,34.1,22.9,0.0
2026-03-03,34.1,22.8,0.0
2026-03-04,33.6,20.9,0.0
2026-03-05,34.5,21.0,0.0
2026-03-06,35.1,21.9,0.0
2026-03-07,35.3,21.6,0.0
2026-03-08,34.5,23.0,0.0
2026-03-09,33.7,22.5,0.0
2026-03-10,32.5,22.4,0.0
2026-03-11,34.3,22.8,0.0
2026-03-12,35.3,21.1,0.0
2026-03-13,36.1,23.6,0.0
2026-03-14,35.5,23.9,0.0
2026-03-15,33.9,22.8,0.0
2026-03-16,33.4,23.6,0.3
2026-03-17,31.0,22.3,0.4
2026-03-18,27.8,20.4,3.8
2026-03-19,30.4,19.8,0.0
2026-03-20,30.8,20.0,0.0
2026-03-21,32.5,22.0,0.1
2026-03-22,31.4,22.5,0.4
2026-03-23,34.0,23.3,0.2
2026-03-24,33.7,23.7,0.7
2026-03-25,33.5,24.1,0.1
2026-03-26,35.1,24.1,0.0
2026-03-27,35.5,23.9,0.0
2026-03-28,35.2,25.2,0.0
2026-03-29,36.6,25.2,0.0
2026-03-30,36.3,26.2,0.3
2026-03-31,32.0,23.2,1.5
2026-04-01,33.5,23.9,0.0
2026-04-02,33.5,23.7,0.0
2026-04-03,34.9,24.4,0.0
2026-04-04,34.6,26.1,0.1
2026-04-05,33.9,27.1,2.3
2026-04-06,34.7,25.1,0.0
2026-04-07,34.6,24.7,0.0
2026-04-08,35.6,25.2,0.0
2026-04-09,36.3,25.9,0.0
2026-04-10,36.8,25.7,0.0
2026-04-11,37.9,26.2,0.0
2026-04-12,38.3,27.3,0.0
2026-04-13,37.4,27.4,0.0
2026-04-14,38.4,27.5,0.0
2026-04-15,38.6,27.7,0.0
2026-04-16,38.4,27.4,0.0
2026-04-17,39.5,27.9,0.0
2026-04-18,39.0,27.4,0.0
2026-04-19,38.3,26.6,0.0
2026-04-20,37.1,26.6,0.0
2026-04-21,36.6,27.3,0.2
2026-04-22,37.8,26.3,0.0
2026-04-23,37.3,26.9,0.0
2026-04-24,37.7,26.4,0.0
2026-04-25,38.2,26.9,0.0
2026-04-26,37.7,27.9,0.0
2026-04-27,39.1,27.6,0.0
2026-04-28,39.3,27.3,0.0
2026-04-29,39.4,28.0,0.0
2026-04-30,38.9,29.1,0.0
2026-05-01,37.9,27.3,0.0
2026-05-02,38.9,28.2,0.0
2026-05-03,38.8,28.7,0.0
2026-05-04,38.8,26.1,0.0
2026-05-05,38.2,26.1,0.0
2026-05-06,35.8,25.5,0.0
2026-05-07,35.2,25.7,0.2
2026-05-08,34.8,25.4,0.0
2026-05-09,34.7,24.7,0.0
2026-05-10,36.3,24.7,0.2
2026-05-11,36.7,25.1,0.0
2026-05-12,36.6,26.2,2.0
2026-05-13,36.9,26.5,1.5
2026-05-14,36.9,28.5,0.3
2026-05-15,37.4,27.5,0.2
2026-05-16,37.7,29.4,1.0
2026-05-17,36.6,27.6,0.4
2026-05-18,36.7,27.8,0.6
2026-05-19,37.9,28.0,0.3
2026-05-20,38.5,28.2,0.3
2026-05-21,40.0,29.3,0.0
2026-05-22,36.8,29.3,0.2
2026-05-23,37.2,28.0,0.8
2026-05-24,37.7,26.5,0.0
2026-05-25,37.1,29.1,1.8
2026-05-26,36.9,25.1,4.1
2026-05-27,32.5,23.2,2.5
2026-05-28,36.2,26.0,0.3
2026-05-29,36.8,27.5,0.0
2026-05-30,37.0,28.2,0.0
2026-05-31,35.8,28.2,0.5
2026-06-01,35.8,27.4,0.0
2026-06-02,35.5,27.7,0.6
2026-06-03,34.4,26.8,0.2
2026-06-04,35.0,26.9,0.9
2026-06-05,33.5,25.3,0.1
2026-06-06,35.2,23.7,7.8
2026-06-07,35.0,24.8,0.8
2026-06-08,31.6,24.9,0.3
2026-06-09,32.2,25.6,1.3
2026-06-10,34.0,25.0,1.0
2026-06-11,34.5,25.8,0.0
2026-06-12,34.1,25.9,0.0
2026-06-13,32.9,24.5,2.8
2026-06-14,33.0,25.7,0.7
2026-06-15,34.0,26.4,0.0
2026-06-16,35.2,26.9,0.0
2026-06-17,36.2,27.3,1.2
2026-06-18,35.2,27.3,0.2
2026-06-19,34.9,26.1,0.2
2026-06-20,36.9,26.9,1.1
2026-06-21,32.6,25.9,2.3
2026-06-22,33.2,26.6,0.0
2026-06-23,31.9,23.6,2.7
2026-06-24,31.0,24.6,0.4
2026-06-25,30.5,23.8,1.8
2026-06-26,30.8,24.4,1.2
2026-06-27,28.7,24.1,4.2
2026-06-28,32.6,23.2,14.6
2026-06-29,29.6,24.3,0.9
2026-06-30,29.8,23.8,1.8
2026-07-01,29.1,23.7,4.0
2026-07-02,28.6,23.5,6.9
2026-07-03,28.3,23.5,7.1
2026-07-04,25.2,22.8,10.7
2026-07-05,27.9,23.2,4.5
2026-07-06,31.1,23.7,1.8
2026-07-07,31.6,24.6,2.2
2026-07-08,32.4,24.4,0.8
2026-07-09,31.6,24.1,0.6
2026-07-10,32.7,24.5,0.0
2026-07-11,33.3,25.2,0.8
2026-07-12,33.2,24.8,0.0
2026-07-13,33.9,24.4,0.9
2026-07-14,32.8,24.9,0.0
2026-07-15,32.9,25.7,0.7
2026-07-16,32.6,25.4,1.0
2026-07-17,29.3,23.3,13.6
2026-07-18,28.6,23.2,8.2
2026-07-19,30.6,23.7,2.4
2026-07-20,29.8,22.9,5.0
2026-07-21,26.7,22.8,13.9
2026-07-22,26.3,22.5,12.3
2026-07-23,28.6,22.7,1.2
2026-07-24,29.2,23.7,0.2
2026-07-25,29.7,23.1,0.0
2026-07-26,30.0,23.8,6.2
2026-07-27,29.0,23.0,16.5
2026-07-28,30.3,23.2,8.0
2026-07-29,25.5,22.7,24.9
2026-07-30,25.0,23.3,15.1
2026-07-31,29.4,23.3,2.7
2026-08-01,30.3,23.9,2.0
2026-08-02,30.6,23.9,1.3
2026-08-03,30.6,23.5,2.7
2026-08-04,28.8,23.2,9.0
2026-08-05,29.9,23.4,4.5
2026-08-06,29.4,23.9,1.8
2026-08-07,28.4,23.3,1.3
2026-08-08,28.8,22.5,1.0
2026-08-09,30.2,23.8,0.2
2026-08-10,30.8,23.9,2.4
2026-08-11,30.0,23.5,0.6
2026-08-12,29.0,23.2,3.6
2026-08-13,30.0,23.5,0.6
2026-08-14,30.1,23.4,3.4
2026-08-15,30.3,23.8,1.0
2026-08-16,28.6,23.8,1.0
2026-08-17,30.2,23.7,0.9
2026-08-18,31.2,23.9,1.6
2026-08-19,29.3,23.9,3.0
2026-08-20,30.3,23.0,1.1
2026-08-21,30.9,23.9,0.2
2026-08-22,31.5,24.2,0.4
2026-08-23,28.2,23.9,11.0
2026-08-24,27.4,23.2,2.9
2026-08-25,29.0,23.3,3.2
2026-08-26,30.1,23.5,0.7
2026-08-27,29.3,23.9,0.0
2026-08-28,30.4,23.5,0.5
2026-08-29,30.1,23.7,0.6
2026-08-30,27.9,23.4,2.5
2026-08-31,28.0,23.3,0.1
2026-09-01,29.8,23.5,0.3
2026-09-02,31.3,24.4,0.5
2026-09-03,28.4,23.7,0.4
2026-09-04,30.9,24.3,0.0
2026-09-05,31.2,24.5,2.2
2026-09-06,32.0,24.7,5.3
2026-09-07,31.8,22.0,11.7
2026-09-08,32.1,24.9,0.3
2026-09-09,32.2,25.1,2.6
2026-09-10,31.5,25.2,3.2
2026-09-11,30.6,25.6,1.5
2026-09-12,29.9,23.5,2.4
2026-09-13,29.3,22.7,4.6
2026-09-14,27.1,22.9,5.5
2026-09-15,32.2,23.3,3.1
2026-09-16,33.4,24.8,2.0
2026-09-17,33.4,26.0,2.1
2026-09-18,32.3,24.3,8.6
2026-09-19,32.1,24.9,1.1
2026-09-20,31.3,24.6,3.1
2026-09-21,31.3,24.7,2.3
2026-09-22,31.0,24.4,0.5
2026-09-23,29.7,22.8,5.0
2026-09-24,28.7,22.4,7.3
2026-09-25,30.2,24.7,0.0
2026-09-26,30.4,23.2,0.7
2026-09-27,31.5,23.0,0.0
