roll_no,full_name,department_code,course_codes,needs_accessible_seat,email,date_of_birth
ACF24001,Camila Kaur,ACF,ACF-201;ACF-202;ACF-203,no,camila.kaur1@example.com,2004-08-22
ACF24002,Gabriel Rao,ACF,ACF-201;ACF-202;ACF-204,no,gabriel.rao2@example.com,2003-02-05
ACF24003,Emma Hansen,ACF,ACF-201;ACF-202;ACF-204,no,emma.hansen3@example.com,2004-02-13
ACF24004,Kavya Mahmoud,ACF,ACF-201;ACF-202;ACF-203,no,kavya.mahmoud4@example.com,2004-02-23
ACF24005,David Haddad,ACF,ACF-201;ACF-202;ACF-203,no,david.haddad5@example.com,2004-06-19
ACF24006,Ishaan Marino,ACF,ACF-201;ACF-202;ACF-203,no,ishaan.marino6@example.com,2004-08-30
ACF24007,Emma Wang,ACF,ACF-201;ACF-202;ACF-204,no,emma.wang7@example.com,2005-03-17
ACF24008,Fatima Nwosu,ACF,ACF-201;ACF-202;ACF-204,no,fatima.nwosu8@example.com,2004-01-02
ACF24009,Farah Barros,ACF,ACF-201;ACF-202;ACF-204,no,farah.barros9@example.com,2003-06-06
ACF24010,David Osei,ACF,ACF-201;ACF-202;ACF-204,no,david.osei10@example.com,2003-12-22
ACF24011,Leila Kamau,ACF,ACF-201;ACF-202;ACF-203,no,leila.kamau11@example.com,2004-11-08
ACF24012,Jasmine Walsh,ACF,ACF-201;ACF-202;ACF-203,no,jasmine.walsh12@example.com,2004-01-15
ACF24013,Rosa Reyes,ACF,ACF-201;ACF-202;ACF-203,no,rosa.reyes13@example.com,2004-03-04
ACF24015,Tessa Garcia,ACF,ACF-201;ACF-202;ACF-204,no,tessa.garcia15@example.com,2004-09-25
ACF24016,Farah Eriksen,ACF,ACF-201;ACF-202;ACF-204,no,farah.eriksen16@example.com,2005-12-12
ACF24017,Tariq Castillo,ACF,ACF-201;ACF-202;ACF-203,no,tariq.castillo17@example.com,2005-01-14
ACF24018,Emma Banerjee,ACF,ACF-201;ACF-202;ACF-203,no,emma.banerjee18@example.com,2004-05-11
ACF24019,Abena Nair,ACF,ACF-201;ACF-202;ACF-204,no,abena.nair19@example.com,2004-07-27
ACF24020,Tariq Garcia,ACF,ACF-201;ACF-202;ACF-204,no,tariq.garcia20@example.com,2005-08-01
ACF24021,Mira Sen,ACF,ACF-201;ACF-202;ACF-203,no,mira.sen21@example.com,2005-10-08
ACF24022,Lucia Sen,ACF,ACF-201;ACF-202;ACF-203,no,lucia.sen22@example.com,2004-02-22
ACF24023,Rania Nwosu,ACF,ACF-201;ACF-202;ACF-204,no,rania.nwosu23@example.com,2005-12-11
ACF24024,Farah Nair,ACF,ACF-201;ACF-202;ACF-203,no,farah.nair24@example.com,2005-06-22
ACF24025,Elif Wagner,ACF,ACF-201;ACF-202;ACF-203,no,elif.wagner25@example.com,2004-12-08
ACF24026,Kavya Rossi,ACF,ACF-201;ACF-202;ACF-203,no,kavya.rossi26@example.com,2004-11-09
ACF24027,Farah Hansen,ACF,ACF-201;ACF-202;ACF-203,no,farah.hansen27@example.com,2005-05-03
ACF24028,Leila Mwangi,ACF,ACF-201;ACF-202;ACF-204,no,leila.mwangi28@example.com,2005-01-25
ACF24029,Dara Walsh,ACF,ACF-201;ACF-202;ACF-203,no,dara.walsh29@example.com,2005-09-11
ACF24030,Nia Chowdhury,ACF,ACF-201;ACF-202;ACF-203,no,nia.chowdhury30@example.com,2003-05-16
ACF24031,Yara Patel,ACF,ACF-201;ACF-202;ACF-203,no,yara.patel31@example.com,2004-10-05
ACF24032,Elena Andersen,ACF,ACF-201;ACF-202;ACF-203,no,elena.andersen32@example.com,2004-09-03
ACF24033,Naveen Haddad,ACF,ACF-201;ACF-202;ACF-203,no,naveen.haddad33@example.com,2004-08-31
ACF24034,Rahul Dimitrov,ACF,ACF-201;ACF-202;ACF-204,no,rahul.dimitrov34@example.com,2003-04-05
ACF24035,Hana Novak,ACF,ACF-201;ACF-202;ACF-203,no,hana.novak35@example.com,2003-09-10
ACF24036,Jasmine Lopez,ACF,ACF-201;ACF-202;ACF-204,no,jasmine.lopez36@example.com,2004-01-12
ACF24037,Victor Hansen,ACF,ACF-201;ACF-202;ACF-204,no,victor.hansen37@example.com,2003-12-02
ACF24038,Emeka Fonseca,ACF,ACF-201;ACF-202;ACF-204,no,emeka.fonseca38@example.com,2005-09-21
ACF24039,Elif Petrov,ACF,ACF-201;ACF-202;ACF-204,no,elif.petrov39@example.com,2003-05-29
ACF24040,Felix Abara,ACF,ACF-201;ACF-202;ACF-204,no,felix.abara40@example.com,2004-07-04
ACF24041,Mira Nwosu,ACF,ACF-201;ACF-202;ACF-203,no,mira.nwosu41@example.com,2003-12-30
ACF24042,Gabriel Adeyemi,ACF,ACF-201;ACF-202;ACF-204,no,gabriel.adeyemi42@example.com,2003-06-18
ACF24043,Rania Kumar,ACF,ACF-201;ACF-202;ACF-204,no,rania.kumar43@example.com,2003-03-16
ACF24044,Sofia Gallagher,ACF,ACF-201;ACF-202;ACF-203,no,sofia.gallagher44@example.com,2003-09-12
ACF24045,Abena Kowalski,ACF,ACF-201;ACF-202;ACF-204,no,abena.kowalski45@example.com,2005-10-16
ACF24046,Caleb Chandra,ACF,ACF-201;ACF-202;ACF-203,no,caleb.chandra46@example.com,2004-11-23
ACF24047,Irene Castillo,ACF,ACF-201;ACF-202;ACF-204,no,irene.castillo47@example.com,2005-04-24
ACF24048,Tariq Sokolov,ACF,ACF-201;ACF-202;ACF-204,no,tariq.sokolov48@example.com,2005-08-25
ACF24049,Javier Rossi,ACF,ACF-201;ACF-202;ACF-203,no,javier.rossi49@example.com,2005-05-25
ACF24050,Isaac Torres,ACF,ACF-201;ACF-202;ACF-203,no,isaac.torres50@example.com,2005-07-19
ACF24051,Astrid Ibrahim,ACF,ACF-201;ACF-202;ACF-203,no,astrid.ibrahim51@example.com,2003-03-26
ACF24052,David Iyer,ACF,ACF-201;ACF-202;ACF-204,no,david.iyer52@example.com,2003-03-23
ACF24053,Mei Andersen,ACF,ACF-201;ACF-202;ACF-204,no,mei.andersen53@example.com,2005-05-27
ACF24054,Leila Fonseca,ACF,ACF-201;ACF-202;ACF-204,no,leila.fonseca54@example.com,2004-04-18
ACF24055,Mohammed Farouk,ACF,ACF-201;ACF-202;ACF-204,no,mohammed.farouk55@example.com,2003-01-24
ACF24056,Lara Mensah,ACF,ACF-201;ACF-202;ACF-204,no,lara.mensah56@example.com,2005-02-08
ACF24058,Isaac Oliveira,ACF,ACF-201;ACF-202;ACF-203,no,isaac.oliveira58@example.com,2003-12-05
ACF24059,Imani Larsen,ACF,ACF-201;ACF-202;ACF-204,no,imani.larsen59@example.com,2003-02-21
ACF24060,Tariq Hansen,ACF,ACF-201;ACF-202;ACF-203,no,tariq.hansen60@example.com,2005-09-14
ACF24061,Rhea Iyer,ACF,ACF-201;ACF-202;ACF-203,no,rhea.iyer61@example.com,2005-02-24
ACF24062,Paulo Garcia,ACF,ACF-201;ACF-202;ACF-203,no,paulo.garcia62@example.com,2003-08-02
ACF24063,Nora Torres,ACF,ACF-201;ACF-202;ACF-203,no,nora.torres63@example.com,2003-06-29
ACF24064,Camila Nair,ACF,ACF-201;ACF-202;ACF-203,no,camila.nair64@example.com,2004-01-27
ACF24065,Aiko Yilmaz,ACF,ACF-201;ACF-202;ACF-204,no,aiko.yilmaz65@example.com,2004-08-20
ACF24066,Sipho Sen,ACF,ACF-201;ACF-202;ACF-203,no,sipho.sen66@example.com,2004-02-16
ACF24067,Ananya Hoang,ACF,ACF-201;ACF-202;ACF-204,no,ananya.hoang67@example.com,2004-09-08
ACF24068,Kavya Reyes,ACF,ACF-201;ACF-202;ACF-204,no,kavya.reyes68@example.com,2004-05-24
ACF24069,Sakura Ibrahim,ACF,ACF-201;ACF-202;ACF-204,no,sakura.ibrahim69@example.com,2004-07-02
ACF24070,Nora Zhang,ACF,ACF-201;ACF-202;ACF-204,no,nora.zhang70@example.com,2004-12-09
ACF24071,Victor Singh,ACF,ACF-201;ACF-202;ACF-204,no,victor.singh71@example.com,2003-03-31
ACF24072,Paulo Novak,ACF,ACF-201;ACF-202;ACF-203,no,paulo.novak72@example.com,2003-08-15
ACF24073,Rhea Costa,ACF,ACF-201;ACF-202;ACF-203,no,rhea.costa73@example.com,2003-07-01
ACF24074,Adele Jansen,ACF,ACF-201;ACF-202;ACF-203,no,adele.jansen74@example.com,2004-04-24
ACF25001,Farah Schmidt,ACF,ACF-101;ACF-102;ACF-103,no,farah.schmidt1@example.com,2006-10-13
ACF25002,Lina Torres,ACF,ACF-101;ACF-102;ACF-103,no,lina.torres2@example.com,2005-02-04
ACF25003,Tariq Kaur,ACF,ACF-101;ACF-102;ACF-103,no,tariq.kaur3@example.com,2004-02-04
ACF25004,Divya Yilmaz,ACF,ACF-101;ACF-102;ACF-103,no,divya.yilmaz4@example.com,2006-02-22
ACF25005,Rohan Gallagher,ACF,ACF-101;ACF-102;ACF-103,no,rohan.gallagher5@example.com,2006-08-28
ACF25006,Yara Marino,ACF,ACF-101;ACF-102;ACF-103,no,yara.marino6@example.com,2004-01-18
ACF25007,Mei Gallagher,ACF,ACF-101;ACF-102;ACF-103,no,mei.gallagher7@example.com,2004-12-05
ACF25008,Liam Sato,ACF,ACF-101;ACF-102;ACF-103,no,liam.sato8@example.com,2004-05-14
ACF25009,Alejandro Osei,ACF,ACF-101;ACF-102;ACF-103,no,alejandro.osei9@example.com,2004-09-05
ACF25010,Leila Oliveira,ACF,ACF-101;ACF-102;ACF-103,no,leila.oliveira10@example.com,2006-08-09
ACF25011,Leila Kowalski,ACF,ACF-101;ACF-102;ACF-103,no,leila.kowalski11@example.com,2006-01-13
ACF25012,Diego Ibrahim,ACF,ACF-101;ACF-102;ACF-103,no,diego.ibrahim12@example.com,2006-09-20
ACF25013,Sipho Fischer,ACF,ACF-101;ACF-102;ACF-103,no,sipho.fischer13@example.com,2005-11-14
ACF25014,Isaac Kowalski,ACF,ACF-101;ACF-102;ACF-103,no,isaac.kowalski14@example.com,2005-01-10
ACF25015,Yara Barros,ACF,ACF-101;ACF-102;ACF-103,yes,yara.barros15@example.com,2005-07-28
ACF25016,Samir Oliveira,ACF,ACF-101;ACF-102;ACF-103,no,samir.oliveira16@example.com,2004-10-19
ACF25017,Liam Iyer,ACF,ACF-101;ACF-102;ACF-103,no,liam.iyer17@example.com,2006-01-22
ACF25018,Naveen Okafor,ACF,ACF-101;ACF-102;ACF-103,no,naveen.okafor18@example.com,2006-01-28
ACF25019,Ishaan Chandra,ACF,ACF-101;ACF-102;ACF-103,no,ishaan.chandra19@example.com,2004-02-23
ACF25020,Nadia Kumar,ACF,ACF-101;ACF-102;ACF-103,no,nadia.kumar20@example.com,2004-05-29
ACF25021,Mateo Singh,ACF,ACF-101;ACF-102;ACF-103,no,mateo.singh21@example.com,2004-06-30
ACF25022,Adele Sato,ACF,ACF-101;ACF-102;ACF-103,no,adele.sato22@example.com,2006-03-22
ACF25023,Gabriel Yilmaz,ACF,ACF-101;ACF-102;ACF-103,no,gabriel.yilmaz23@example.com,2004-02-02
ACF25024,Felix Iyer,ACF,ACF-101;ACF-102;ACF-103,no,felix.iyer24@example.com,2005-02-16
ACF25025,Lina Fonseca,ACF,ACF-101;ACF-102;ACF-103,no,lina.fonseca25@example.com,2006-02-04
ACF25026,Sakura Wagner,ACF,ACF-101;ACF-102;ACF-103,no,sakura.wagner26@example.com,2004-07-07
ACF25027,Fatima Lambert,ACF,ACF-101;ACF-102;ACF-103,yes,fatima.lambert27@example.com,2004-09-06
ACF25028,Sofia Kumar,ACF,ACF-101;ACF-102;ACF-103,no,sofia.kumar28@example.com,2005-09-02
ACF25029,Tariq Iyer,ACF,ACF-101;ACF-102;ACF-103,no,tariq.iyer29@example.com,2006-10-29
ACF25030,Sofia Garcia,ACF,ACF-101;ACF-102;ACF-103,no,sofia.garcia30@example.com,2005-11-03
ACF25031,Anika Dubois,ACF,ACF-101;ACF-102;ACF-103,no,anika.dubois31@example.com,2006-06-26
ACF25032,Yara Abara,ACF,ACF-101;ACF-102;ACF-103,no,yara.abara32@example.com,2004-06-30
ACF25033,Abena Nwosu,ACF,ACF-101;ACF-102;ACF-103,no,abena.nwosu33@example.com,2005-07-13
ACF25034,Zara Sokolov,ACF,ACF-101;ACF-102;ACF-103,no,zara.sokolov34@example.com,2004-10-16
ACF25035,Gabriel Castillo,ACF,ACF-101;ACF-102;ACF-103,no,gabriel.castillo35@example.com,2005-03-01
ACF25036,Liam Varga,ACF,ACF-101;ACF-102;ACF-103,no,liam.varga36@example.com,2006-04-22
ACF25037,Gabriel Kim,ACF,ACF-101;ACF-102;ACF-103,no,gabriel.kim37@example.com,2004-02-07
ACF25038,Dara Kumar,ACF,ACF-101;ACF-102;ACF-103,no,dara.kumar38@example.com,2004-06-29
ACF25039,Noah Nakamura,ACF,ACF-101;ACF-102;ACF-103,no,noah.nakamura39@example.com,2006-12-27
ACF25040,Theo Nakamura,ACF,ACF-101;ACF-102;ACF-103,no,theo.nakamura40@example.com,2005-02-12
ACF25041,Mohammed Wagner,ACF,ACF-101;ACF-102;ACF-103,no,mohammed.wagner41@example.com,2004-08-02
ACF25042,Ishaan Wang,ACF,ACF-101;ACF-102;ACF-103,no,ishaan.wang42@example.com,2005-12-24
ACF25043,Amara Reyes,ACF,ACF-101;ACF-102;ACF-103,no,amara.reyes43@example.com,2005-11-15
ACF25044,Ayesha Sato,ACF,ACF-101;ACF-102;ACF-103,no,ayesha.sato44@example.com,2004-03-01
ACF25045,Ahmed Reyes,ACF,ACF-101;ACF-102;ACF-103,no,ahmed.reyes45@example.com,2004-08-05
ACF25046,Anika Schmidt,ACF,ACF-101;ACF-102;ACF-103,no,anika.schmidt46@example.com,2005-02-03
ACF25047,Bianca Eriksen,ACF,ACF-101;ACF-102;ACF-103,no,bianca.eriksen47@example.com,2004-05-06
ACF25048,Ahmed Tran,ACF,ACF-101;ACF-102;ACF-103,no,ahmed.tran48@example.com,2004-02-07
ACF25049,Alejandro Okafor,ACF,ACF-101;ACF-102;ACF-103,no,alejandro.okafor49@example.com,2006-11-09
ACF25050,Tariq Mensah,ACF,ACF-101;ACF-102;ACF-103,no,tariq.mensah50@example.com,2005-07-08
ACF25051,Lucia Fonseca,ACF,ACF-101;ACF-102;ACF-103,no,lucia.fonseca51@example.com,2005-10-01
ACF25052,Amara Zhang,ACF,ACF-101;ACF-102;ACF-103,no,amara.zhang52@example.com,2006-09-04
ACF25053,Ananya Rao,ACF,ACF-101;ACF-102;ACF-103,no,ananya.rao53@example.com,2005-12-15
ACF25054,Mateo Hansen,ACF,ACF-101;ACF-102;ACF-103,no,mateo.hansen54@example.com,2005-03-26
ACF25056,Zara Dubois,ACF,ACF-101;ACF-102;ACF-103,no,zara.dubois56@example.com,2005-09-16
ACF25058,Sofia Dimitrov,ACF,ACF-101;ACF-102;ACF-103,no,sofia.dimitrov58@example.com,2004-08-13
ACF25059,Sofia Chowdhury,ACF,ACF-101;ACF-102;ACF-103,no,sofia.chowdhury59@example.com,2005-11-11
ACF25060,Ananya Lopez,ACF,ACF-101;ACF-102;ACF-103,no,ananya.lopez60@example.com,2006-08-05
ACF25061,Zara Dimitrov,ACF,ACF-101;ACF-102;ACF-103,no,zara.dimitrov61@example.com,2006-02-23
ACF25062,Elena Wagner,ACF,ACF-101;ACF-102;ACF-103,no,elena.wagner62@example.com,2005-01-25
ACF25063,Kavya Mensah,ACF,ACF-101;ACF-102;ACF-103,no,kavya.mensah63@example.com,2006-05-29
ACF25064,Isaac Verma,ACF,ACF-101;ACF-102;ACF-103,no,isaac.verma64@example.com,2004-03-28
ACF25065,Caleb Verma,ACF,ACF-101;ACF-102;ACF-103,no,caleb.verma65@example.com,2006-02-04
ACF25066,Rohan Tanaka,ACF,ACF-101;ACF-102;ACF-103,no,rohan.tanaka66@example.com,2005-08-11
ACF25067,Gabriel Hansen,ACF,ACF-101;ACF-102;ACF-103,no,gabriel.hansen67@example.com,2006-01-21
SWE24001,Sakura Iyer,SWE,SWE-201;SWE-202;SWE-204,no,sakura.iyer1@example.com,2004-05-17
SWE24002,Nora Barros,SWE,SWE-201;SWE-202;SWE-203,no,nora.barros2@example.com,2005-08-27
SWE24003,Elena Barros,SWE,SWE-201;SWE-202;SWE-204,no,elena.barros3@example.com,2004-05-30
SWE24004,Uma Okafor,SWE,SWE-201;SWE-202;SWE-203,no,uma.okafor4@example.com,2003-01-12
SWE24005,Sakura Sato,SWE,SWE-201;SWE-202;SWE-203,no,sakura.sato5@example.com,2003-01-29
SWE24006,Liam Zhang,SWE,SWE-201;SWE-202;SWE-203,no,liam.zhang6@example.com,2005-01-29
SWE24007,Samir Sokolov,SWE,SWE-201;SWE-202;SWE-204,no,samir.sokolov7@example.com,2004-03-28
SWE24008,David Adeyemi,SWE,SWE-201;SWE-202;SWE-204,no,david.adeyemi8@example.com,2005-09-09
SWE24009,Kofi Barros,SWE,SWE-201;SWE-202;SWE-204,no,kofi.barros9@example.com,2003-11-04
SWE24010,Adele Nwosu,SWE,SWE-201;SWE-202;SWE-203,no,adele.nwosu10@example.com,2005-11-03
SWE24011,Zoe Dubois,SWE,SWE-201;SWE-202;SWE-203,no,zoe.dubois11@example.com,2004-04-10
SWE24012,Aarav Rao,SWE,SWE-201;SWE-202;SWE-203,no,aarav.rao12@example.com,2003-05-10
SWE24013,Elena Park,SWE,SWE-201;SWE-202;SWE-203,no,elena.park13@example.com,2004-10-10
SWE24014,Rosa Petrov,SWE,SWE-201;SWE-202;SWE-204,no,rosa.petrov14@example.com,2004-01-25
SWE24015,Amara Park,SWE,SWE-201;SWE-202;SWE-204,no,amara.park15@example.com,2004-06-28
SWE24016,Sara Wang,SWE,SWE-201;SWE-202;SWE-204,no,sara.wang16@example.com,2005-04-17
SWE24017,Hiro Suzuki,SWE,SWE-201;SWE-202;SWE-203,no,hiro.suzuki17@example.com,2004-03-06
SWE24018,Divya Zhou,SWE,SWE-201;SWE-202;SWE-203,no,divya.zhou18@example.com,2004-09-02
SWE24020,Amara Tran,SWE,SWE-201;SWE-202;SWE-203,no,amara.tran20@example.com,2005-02-07
SWE24021,Julia Singh,SWE,SWE-201;SWE-202;SWE-203,no,julia.singh21@example.com,2005-09-25
SWE24022,Sipho Kamau,SWE,SWE-201;SWE-202;SWE-204,no,sipho.kamau22@example.com,2005-10-02
SWE24023,Rohan Barros,SWE,SWE-201;SWE-202;SWE-203,no,rohan.barros23@example.com,2004-09-26
SWE24024,Kavya Petrov,SWE,SWE-201;SWE-202;SWE-203,no,kavya.petrov24@example.com,2003-09-10
SWE24025,Irene Kowalski,SWE,SWE-201;SWE-202;SWE-203,no,irene.kowalski25@example.com,2005-02-28
SWE24026,Sakura Costa,SWE,SWE-201;SWE-202;SWE-204,no,sakura.costa26@example.com,2003-08-21
SWE24027,Kavya Ibrahim,SWE,SWE-201;SWE-202;SWE-204,no,kavya.ibrahim27@example.com,2004-12-18
SWE24028,Noah Yilmaz,SWE,SWE-201;SWE-202;SWE-203,no,noah.yilmaz28@example.com,2003-12-14
SWE24029,Ananya Banerjee,SWE,SWE-201;SWE-202;SWE-204,no,ananya.banerjee29@example.com,2005-02-15
SWE24030,Tessa Petrov,SWE,SWE-201;SWE-202;SWE-204,no,tessa.petrov30@example.com,2004-08-07
SWE24031,Kavya Moreau,SWE,SWE-201;SWE-202;SWE-204,no,kavya.moreau31@example.com,2003-02-21
SWE24032,Victor Novak,SWE,SWE-201;SWE-202;SWE-203,no,victor.novak32@example.com,2004-06-13
SWE24033,Leon Lopez,SWE,SWE-201;SWE-202;SWE-204,no,leon.lopez33@example.com,2005-07-18
SWE24034,Mira Wagner,SWE,SWE-201;SWE-202;SWE-203,no,mira.wagner34@example.com,2004-06-26
SWE24035,Rosa Costa,SWE,SWE-201;SWE-202;SWE-203,no,rosa.costa35@example.com,2003-07-09
SWE24036,Alejandro Nair,SWE,SWE-201;SWE-202;SWE-204,no,alejandro.nair36@example.com,2003-05-11
SWE24037,Paulo Ibrahim,SWE,SWE-201;SWE-202;SWE-203,no,paulo.ibrahim37@example.com,2003-03-18
SWE24038,Rhea Tanaka,SWE,SWE-201;SWE-202;SWE-203,no,rhea.tanaka38@example.com,2004-09-20
SWE24039,Tessa Verma,SWE,SWE-201;SWE-202;SWE-203,no,tessa.verma39@example.com,2005-08-06
SWE24040,Sara Kowalski,SWE,SWE-201;SWE-202;SWE-203,no,sara.kowalski40@example.com,2003-10-20
SWE24041,Rhea Tran,SWE,SWE-201;SWE-202;SWE-203,no,rhea.tran41@example.com,2005-02-12
SWE24042,Oscar Hoang,SWE,SWE-201;SWE-202;SWE-204,no,oscar.hoang42@example.com,2003-07-08
SWE24043,Gabriel Petrov,SWE,SWE-201;SWE-202;SWE-204,no,gabriel.petrov43@example.com,2003-05-01
SWE24044,Ishaan Kowalski,SWE,SWE-201;SWE-202;SWE-203,yes,ishaan.kowalski44@example.com,2003-10-28
SWE24045,Sebastian Novak,SWE,SWE-201;SWE-202;SWE-204,no,sebastian.novak45@example.com,2004-10-04
SWE24046,Jae Castillo,SWE,SWE-201;SWE-202;SWE-204,no,jae.castillo46@example.com,2005-04-24
SWE24047,Javier Gallagher,SWE,SWE-201;SWE-202;SWE-204,no,javier.gallagher47@example.com,2003-06-13
SWE24048,Yusuf Zhou,SWE,SWE-201;SWE-202;SWE-204,no,yusuf.zhou48@example.com,2004-10-10
SWE24049,Tariq Schmidt,SWE,SWE-201;SWE-202;SWE-204,no,tariq.schmidt49@example.com,2004-12-11
SWE24050,Mei Haddad,SWE,SWE-201;SWE-202;SWE-203,no,mei.haddad50@example.com,2005-08-25
SWE24051,Rhea Walsh,SWE,SWE-201;SWE-202;SWE-204,no,rhea.walsh51@example.com,2004-10-22
SWE24052,Mateo Abara,SWE,SWE-201;SWE-202;SWE-203,no,mateo.abara52@example.com,2004-01-08
SWE24053,Abena Garcia,SWE,SWE-201;SWE-202;SWE-203,no,abena.garcia53@example.com,2004-02-27
SWE24054,Nia Sokolov,SWE,SWE-201;SWE-202;SWE-203,no,nia.sokolov54@example.com,2003-04-15
SWE24055,Irene Novak,SWE,SWE-201;SWE-202;SWE-203,no,irene.novak55@example.com,2004-04-21
SWE24056,Lucia Varga,SWE,SWE-201;SWE-202;SWE-204,no,lucia.varga56@example.com,2005-10-15
SWE24057,Zoe Mensah,SWE,SWE-201;SWE-202;SWE-204,no,zoe.mensah57@example.com,2005-08-04
SWE24058,Yara Andersen,SWE,SWE-201;SWE-202;SWE-204,no,yara.andersen58@example.com,2003-05-31
SWE24059,Amara Kamau,SWE,SWE-201;SWE-202;SWE-203,no,amara.kamau59@example.com,2005-09-03
SWE24060,Diego Okafor,SWE,SWE-201;SWE-202;SWE-203,no,diego.okafor60@example.com,2004-10-04
SWE24061,Bianca Petrov,SWE,SWE-201;SWE-202;SWE-203,no,bianca.petrov61@example.com,2005-09-26
SWE24062,Javier Andersen,SWE,SWE-201;SWE-202;SWE-204,no,javier.andersen62@example.com,2004-03-31
SWE24063,Amara Castillo,SWE,SWE-201;SWE-202;SWE-203,no,amara.castillo63@example.com,2004-09-01
SWE24064,Nora Kowalski,SWE,SWE-201;SWE-202;SWE-204,no,nora.kowalski64@example.com,2003-08-06
SWE24065,Joao Patel,SWE,SWE-201;SWE-202;SWE-204,no,joao.patel65@example.com,2004-04-08
SWE24067,Yara Zhang,SWE,SWE-201;SWE-202;SWE-203,no,yara.zhang67@example.com,2003-01-29
SWE24068,Gabriel Kowalski,SWE,SWE-201;SWE-202;SWE-203,no,gabriel.kowalski68@example.com,2003-07-25
SWE24069,Astrid Petrov,SWE,SWE-201;SWE-202;SWE-203,no,astrid.petrov69@example.com,2004-08-24
SWE24070,Paulo Kaur,SWE,SWE-201;SWE-202;SWE-204,no,paulo.kaur70@example.com,2003-12-03
SWE24072,Jae Osei,SWE,SWE-201;SWE-202;SWE-204,no,jae.osei72@example.com,2005-10-12
SWE25001,Hannah Kim,SWE,SWE-101;SWE-102;SWE-103,no,hannah.kim1@example.com,2004-04-29
SWE25002,Julia Adeyemi,SWE,SWE-101;SWE-102;SWE-103,no,julia.adeyemi2@example.com,2004-07-19
SWE25003,Zara Hoang,SWE,SWE-101;SWE-102;SWE-103,no,zara.hoang3@example.com,2004-08-28
SWE25004,Yara Nair,SWE,SWE-101;SWE-102;SWE-103,no,yara.nair4@example.com,2006-02-14
SWE25005,Oscar Chowdhury,SWE,SWE-101;SWE-102;SWE-103,no,oscar.chowdhury5@example.com,2006-12-10
SWE25006,Julia Hoang,SWE,SWE-101;SWE-102;SWE-103,no,julia.hoang6@example.com,2004-12-03
SWE25007,Yara Costa,SWE,SWE-101;SWE-102;SWE-103,no,yara.costa7@example.com,2006-08-11
SWE25008,Naveen Garcia,SWE,SWE-101;SWE-102;SWE-103,no,naveen.garcia8@example.com,2005-06-13
SWE25009,Nia Quinn,SWE,SWE-101;SWE-102;SWE-103,no,nia.quinn9@example.com,2004-07-29
SWE25010,Andrei Yilmaz,SWE,SWE-101;SWE-102;SWE-103,no,andrei.yilmaz10@example.com,2006-02-26
SWE25012,Nadia Rao,SWE,SWE-101;SWE-102;SWE-103,no,nadia.rao12@example.com,2005-04-22
SWE25013,Chloe Kowalski,SWE,SWE-101;SWE-102;SWE-103,no,chloe.kowalski13@example.com,2005-07-14
SWE25015,Abena Petrov,SWE,SWE-101;SWE-102;SWE-103,no,abena.petrov15@example.com,2006-12-13
SWE25016,Anika Fonseca,SWE,SWE-101;SWE-102;SWE-103,no,anika.fonseca16@example.com,2005-07-19
SWE25017,Emma Osei,SWE,SWE-101;SWE-102;SWE-103,no,emma.osei17@example.com,2004-01-11
SWE25018,Ibrahim Haddad,SWE,SWE-101;SWE-102;SWE-103,no,ibrahim.haddad18@example.com,2005-08-09
SWE25019,Theo Suzuki,SWE,SWE-101;SWE-102;SWE-103,no,theo.suzuki19@example.com,2006-10-22
SWE25020,Ishaan Patel,SWE,SWE-101;SWE-102;SWE-103,no,ishaan.patel20@example.com,2005-04-15
SWE25021,Anika Nair,SWE,SWE-101;SWE-102;SWE-103,no,anika.nair21@example.com,2006-10-05
SWE25022,Theo Nair,SWE,SWE-101;SWE-102;SWE-103,no,theo.nair22@example.com,2006-01-29
SWE25023,Leila Andersen,SWE,SWE-101;SWE-102;SWE-103,no,leila.andersen23@example.com,2006-05-09
SWE25024,Emma Iyer,SWE,SWE-101;SWE-102;SWE-103,no,emma.iyer24@example.com,2005-05-09
SWE25025,Anika Lopez,SWE,SWE-101;SWE-102;SWE-103,no,anika.lopez25@example.com,2006-11-01
SWE25026,Nia Singh,SWE,SWE-101;SWE-102;SWE-103,no,nia.singh26@example.com,2004-09-07
SWE25027,Leon Barros,SWE,SWE-101;SWE-102;SWE-103,no,leon.barros27@example.com,2004-02-04
SWE25029,Sara Suzuki,SWE,SWE-101;SWE-102;SWE-103,no,sara.suzuki29@example.com,2004-03-10
SWE25030,Rohan Castillo,SWE,SWE-101;SWE-102;SWE-103,yes,rohan.castillo30@example.com,2006-05-15
SWE25031,Aarav Costa,SWE,SWE-101;SWE-102;SWE-103,no,aarav.costa31@example.com,2005-12-23
SWE25032,Bianca Banerjee,SWE,SWE-101;SWE-102;SWE-103,no,bianca.banerjee32@example.com,2004-01-22
SWE25033,Mei Dimitrov,SWE,SWE-101;SWE-102;SWE-103,no,mei.dimitrov33@example.com,2004-10-03
SWE25034,Rania Kim,SWE,SWE-101;SWE-102;SWE-103,no,rania.kim34@example.com,2004-04-16
SWE25035,Ibrahim Sokolov,SWE,SWE-101;SWE-102;SWE-103,no,ibrahim.sokolov35@example.com,2005-01-31
SWE25037,Julia Mwangi,SWE,SWE-101;SWE-102;SWE-103,no,julia.mwangi37@example.com,2004-10-06
SWE25038,Wei Sato,SWE,SWE-101;SWE-102;SWE-103,no,wei.sato38@example.com,2005-08-23
SWE25039,Jae Nwosu,SWE,SWE-101;SWE-102;SWE-103,no,jae.nwosu39@example.com,2006-03-16
SWE25040,Rosa Mehta,SWE,SWE-101;SWE-102;SWE-103,no,rosa.mehta40@example.com,2006-09-09
SWE25041,Abena Dimitrov,SWE,SWE-101;SWE-102;SWE-103,no,abena.dimitrov41@example.com,2006-06-06
SWE25042,Victor Petrov,SWE,SWE-101;SWE-102;SWE-103,no,victor.petrov42@example.com,2004-01-21
SWE25043,Sebastian Fonseca,SWE,SWE-101;SWE-102;SWE-103,no,sebastian.fonseca43@example.com,2006-02-02
SWE25044,Mei Patel,SWE,SWE-101;SWE-102;SWE-103,no,mei.patel44@example.com,2006-06-29
SWE25045,Sipho Nair,SWE,SWE-101;SWE-102;SWE-103,no,sipho.nair45@example.com,2005-10-17
SWE25047,Emeka Nwosu,SWE,SWE-101;SWE-102;SWE-103,no,emeka.nwosu47@example.com,2005-09-09
SWE25048,Lara Haddad,SWE,SWE-101;SWE-102;SWE-103,no,lara.haddad48@example.com,2005-11-20
SWE25049,Theo Rossi,SWE,SWE-101;SWE-102;SWE-103,no,theo.rossi49@example.com,2005-09-13
SWE25050,Liam Rao,SWE,SWE-101;SWE-102;SWE-103,no,liam.rao50@example.com,2006-06-15
SWE25051,Hana Zhang,SWE,SWE-101;SWE-102;SWE-103,no,hana.zhang51@example.com,2006-09-07
SWE25052,Rahul Nwosu,SWE,SWE-101;SWE-102;SWE-103,no,rahul.nwosu52@example.com,2006-01-10
SWE25053,Nia Dubois,SWE,SWE-101;SWE-102;SWE-103,no,nia.dubois53@example.com,2004-01-17
SWE25054,Nia Walsh,SWE,SWE-101;SWE-102;SWE-103,no,nia.walsh54@example.com,2006-04-30
SWE25055,Aiko Okafor,SWE,SWE-101;SWE-102;SWE-103,no,aiko.okafor55@example.com,2005-07-13
SWE25056,Oscar Kowalski,SWE,SWE-101;SWE-102;SWE-103,no,oscar.kowalski56@example.com,2006-08-31
SWE25057,Ayesha Mwangi,SWE,SWE-101;SWE-102;SWE-103,no,ayesha.mwangi57@example.com,2006-01-30
SWE25058,Lucia Rossi,SWE,SWE-101;SWE-102;SWE-103,no,lucia.rossi58@example.com,2004-05-27
SWE25059,Emma Kaur,SWE,SWE-101;SWE-102;SWE-103,no,emma.kaur59@example.com,2006-12-26
SWE25060,Hiro Costa,SWE,SWE-101;SWE-102;SWE-103,no,hiro.costa60@example.com,2006-05-16
SWE25061,Caleb Barros,SWE,SWE-101;SWE-102;SWE-103,no,caleb.barros61@example.com,2005-02-21
SWE25062,Jasmine Castillo,SWE,SWE-101;SWE-102;SWE-103,no,jasmine.castillo62@example.com,2006-01-31
SWE25063,Mei Yilmaz,SWE,SWE-101;SWE-102;SWE-103,no,mei.yilmaz63@example.com,2006-08-31
SWE25064,Wei Abara,SWE,SWE-101;SWE-102;SWE-103,no,wei.abara64@example.com,2006-09-29
SWE25065,Sakura Wang,SWE,SWE-101;SWE-102;SWE-103,no,sakura.wang65@example.com,2005-12-28
SWE25066,Divya Banerjee,SWE,SWE-101;SWE-102;SWE-103,no,divya.banerjee66@example.com,2006-04-10
SWE25067,Victor Tran,SWE,SWE-101;SWE-102;SWE-103,no,victor.tran67@example.com,2005-04-23
SWE25068,Sipho Sato,SWE,SWE-101;SWE-102;SWE-103,no,sipho.sato68@example.com,2005-04-28
SWE25069,Ibrahim Reyes,SWE,SWE-101;SWE-102;SWE-103,no,ibrahim.reyes69@example.com,2004-02-18
SWE25070,Astrid Nwosu,SWE,SWE-101;SWE-102;SWE-103,no,astrid.nwosu70@example.com,2006-12-11
DAN24001,Rhea Nair,DAN,DAN-201;DAN-202;DAN-203,no,rhea.nair1@example.com,2003-03-01
DAN24002,Chen Mehta,DAN,DAN-201;DAN-202;DAN-204,no,chen.mehta2@example.com,2005-11-28
DAN24003,Tariq Varga,DAN,DAN-201;DAN-202;DAN-203,no,tariq.varga3@example.com,2005-01-08
DAN24004,Leon Marino,DAN,DAN-201;DAN-202;DAN-204,no,leon.marino4@example.com,2003-06-25
DAN24005,Mohammed Tran,DAN,DAN-201;DAN-202;DAN-203,no,mohammed.tran5@example.com,2004-11-23
DAN24006,Nia Lambert,DAN,DAN-201;DAN-202;DAN-203,no,nia.lambert6@example.com,2003-07-31
DAN24007,Anika Chandra,DAN,DAN-201;DAN-202;DAN-204,no,anika.chandra7@example.com,2004-05-03
DAN24008,Farah Adeyemi,DAN,DAN-201;DAN-202;DAN-203,no,farah.adeyemi8@example.com,2003-05-10
DAN24009,Uma Garcia,DAN,DAN-201;DAN-202;DAN-203,no,uma.garcia9@example.com,2003-01-27
DAN24010,Mira Kowalski,DAN,DAN-201;DAN-202;DAN-203,no,mira.kowalski10@example.com,2005-08-13
DAN24011,Rhea Yilmaz,DAN,DAN-201;DAN-202;DAN-204,no,rhea.yilmaz11@example.com,2003-05-17
DAN24012,David Rao,DAN,DAN-201;DAN-202;DAN-203,no,david.rao12@example.com,2004-05-27
DAN24013,Lucia Zhou,DAN,DAN-201;DAN-202;DAN-204,no,lucia.zhou13@example.com,2005-10-23
DAN24014,Yara Walsh,DAN,DAN-201;DAN-202;DAN-204,no,yara.walsh14@example.com,2005-09-02
DAN24015,Astrid Pereira,DAN,DAN-201;DAN-202;DAN-203,no,astrid.pereira15@example.com,2005-03-10
DAN24016,Sipho Suzuki,DAN,DAN-201;DAN-202;DAN-204,no,sipho.suzuki16@example.com,2003-11-25
DAN24017,Sara Mwangi,DAN,DAN-201;DAN-202;DAN-204,no,sara.mwangi17@example.com,2005-04-14
DAN24018,Gabriel Tran,DAN,DAN-201;DAN-202;DAN-204,no,gabriel.tran18@example.com,2005-01-20
DAN24019,Leila Park,DAN,DAN-201;DAN-202;DAN-203,no,leila.park19@example.com,2004-01-06
DAN24020,Uma Mwangi,DAN,DAN-201;DAN-202;DAN-203,no,uma.mwangi20@example.com,2004-06-23
DAN24021,Lucia Ibrahim,DAN,DAN-201;DAN-202;DAN-203,no,lucia.ibrahim21@example.com,2003-05-23
DAN24022,Elena Okafor,DAN,DAN-201;DAN-202;DAN-204,no,elena.okafor22@example.com,2004-10-15
DAN24023,Kavya Nwosu,DAN,DAN-201;DAN-202;DAN-203,no,kavya.nwosu23@example.com,2003-03-07
DAN24024,Ayesha Adeyemi,DAN,DAN-201;DAN-202;DAN-203,no,ayesha.adeyemi24@example.com,2003-11-26
DAN24025,Rhea Kumar,DAN,DAN-201;DAN-202;DAN-204,no,rhea.kumar25@example.com,2005-07-08
DAN24026,Omar Rossi,DAN,DAN-201;DAN-202;DAN-204,no,omar.rossi26@example.com,2005-02-11
DAN24027,Victor Dimitrov,DAN,DAN-201;DAN-202;DAN-203,no,victor.dimitrov27@example.com,2005-11-16
DAN24028,Yara Moreau,DAN,DAN-201;DAN-202;DAN-203,no,yara.moreau28@example.com,2004-05-14
DAN24029,Sakura Reyes,DAN,DAN-201;DAN-202;DAN-203,no,sakura.reyes29@example.com,2003-06-23
DAN24030,Imani Mensah,DAN,DAN-201;DAN-202;DAN-203,no,imani.mensah30@example.com,2003-12-17
DAN24031,Tariq Oliveira,DAN,DAN-201;DAN-202;DAN-204,no,tariq.oliveira31@example.com,2005-11-29
DAN24033,Anika Andersen,DAN,DAN-201;DAN-202;DAN-204,no,anika.andersen33@example.com,2003-09-07
DAN24034,Rohan Wang,DAN,DAN-201;DAN-202;DAN-204,no,rohan.wang34@example.com,2005-08-19
DAN24035,Oscar Nwosu,DAN,DAN-201;DAN-202;DAN-203,no,oscar.nwosu35@example.com,2003-01-05
DAN24036,Elif Dubois,DAN,DAN-201;DAN-202;DAN-204,no,elif.dubois36@example.com,2003-07-07
DAN24037,Aiko Rao,DAN,DAN-201;DAN-202;DAN-203,no,aiko.rao37@example.com,2003-04-29
DAN24039,Fatima Farouk,DAN,DAN-201;DAN-202;DAN-203,no,fatima.farouk39@example.com,2003-04-18
DAN24040,Nora Okafor,DAN,DAN-201;DAN-202;DAN-204,no,nora.okafor40@example.com,2005-11-10
DAN24041,Yara Iyer,DAN,DAN-201;DAN-202;DAN-204,no,yara.iyer41@example.com,2003-05-22
DAN24042,Nadia Andersen,DAN,DAN-201;DAN-202;DAN-203,no,nadia.andersen42@example.com,2003-10-10
DAN24043,Alejandro Kaur,DAN,DAN-201;DAN-202;DAN-203,no,alejandro.kaur43@example.com,2003-06-09
DAN24044,Ananya Nakamura,DAN,DAN-201;DAN-202;DAN-204,no,ananya.nakamura44@example.com,2004-09-19
DAN24045,Leila Eriksen,DAN,DAN-201;DAN-202;DAN-204,no,leila.eriksen45@example.com,2004-10-31
DAN24047,Isaac Alvarez,DAN,DAN-201;DAN-202;DAN-203,no,isaac.alvarez47@example.com,2005-03-31
DAN24048,Sara Novak,DAN,DAN-201;DAN-202;DAN-203,no,sara.novak48@example.com,2004-11-16
DAN24049,Omar Kaur,DAN,DAN-201;DAN-202;DAN-203,no,omar.kaur49@example.com,2003-03-01
DAN24050,Arjun Schmidt,DAN,DAN-201;DAN-202;DAN-203,no,arjun.schmidt50@example.com,2004-12-19
DAN24051,Dara Gallagher,DAN,DAN-201;DAN-202;DAN-204,no,dara.gallagher51@example.com,2004-11-03
DAN24052,Samir Dubois,DAN,DAN-201;DAN-202;DAN-203,no,samir.dubois52@example.com,2004-11-28
DAN24053,Sebastian Park,DAN,DAN-201;DAN-202;DAN-203,no,sebastian.park53@example.com,2003-08-11
DAN24054,Yara Larsen,DAN,DAN-201;DAN-202;DAN-203,no,yara.larsen54@example.com,2005-06-30
DAN24056,Sebastian Okafor,DAN,DAN-201;DAN-202;DAN-203,no,sebastian.okafor56@example.com,2004-08-20
DAN24057,Hiro Abara,DAN,DAN-201;DAN-202;DAN-204,no,hiro.abara57@example.com,2003-07-26
DAN24058,Jasmine Mahmoud,DAN,DAN-201;DAN-202;DAN-204,no,jasmine.mahmoud58@example.com,2003-09-03
DAN24059,Ayesha Park,DAN,DAN-201;DAN-202;DAN-204,no,ayesha.park59@example.com,2003-04-15
DAN24060,Sipho Rao,DAN,DAN-201;DAN-202;DAN-203,no,sipho.rao60@example.com,2003-03-24
DAN24061,Gabriel Larsen,DAN,DAN-201;DAN-202;DAN-203,no,gabriel.larsen61@example.com,2003-04-19
DAN24062,Sipho Bauer,DAN,DAN-201;DAN-202;DAN-203,no,sipho.bauer62@example.com,2005-10-25
DAN24063,Nadia Marino,DAN,DAN-201;DAN-202;DAN-204,no,nadia.marino63@example.com,2004-01-16
DAN24064,Paulo Varga,DAN,DAN-201;DAN-202;DAN-203,no,paulo.varga64@example.com,2003-05-05
DAN25002,Elif Ibrahim,DAN,DAN-101;DAN-102;DAN-103,no,elif.ibrahim2@example.com,2006-05-22
DAN25003,Joao Fonseca,DAN,DAN-101;DAN-102;DAN-103,no,joao.fonseca3@example.com,2005-08-04
DAN25004,Felix Dubois,DAN,DAN-101;DAN-102;DAN-103,no,felix.dubois4@example.com,2005-03-24
DAN25005,Julia Hansen,DAN,DAN-101;DAN-102;DAN-103,no,julia.hansen5@example.com,2004-09-13
DAN25007,Bianca Farouk,DAN,DAN-101;DAN-102;DAN-103,no,bianca.farouk7@example.com,2004-04-01
DAN25008,Rosa Bauer,DAN,DAN-101;DAN-102;DAN-103,no,rosa.bauer8@example.com,2004-08-19
DAN25009,Sara Dubois,DAN,DAN-101;DAN-102;DAN-103,no,sara.dubois9@example.com,2005-08-19
DAN25010,Diego Quinn,DAN,DAN-101;DAN-102;DAN-103,no,diego.quinn10@example.com,2005-01-02
DAN25011,Zara Fischer,DAN,DAN-101;DAN-102;DAN-103,no,zara.fischer11@example.com,2005-06-26
DAN25012,Farah Okafor,DAN,DAN-101;DAN-102;DAN-103,no,farah.okafor12@example.com,2004-01-11
DAN25013,Zoe Pereira,DAN,DAN-101;DAN-102;DAN-103,no,zoe.pereira13@example.com,2006-08-17
DAN25014,Oscar Walsh,DAN,DAN-101;DAN-102;DAN-103,no,oscar.walsh14@example.com,2004-02-07
DAN25015,Mohammed Ibrahim,DAN,DAN-101;DAN-102;DAN-103,no,mohammed.ibrahim15@example.com,2006-10-29
DAN25016,Nadia Eriksen,DAN,DAN-101;DAN-102;DAN-103,no,nadia.eriksen16@example.com,2005-09-28
DAN25017,Naveen Rao,DAN,DAN-101;DAN-102;DAN-103,no,naveen.rao17@example.com,2005-02-09
DAN25018,Hannah Sen,DAN,DAN-101;DAN-102;DAN-103,no,hannah.sen18@example.com,2004-02-05
DAN25019,Leon Costa,DAN,DAN-101;DAN-102;DAN-103,no,leon.costa19@example.com,2006-09-25
DAN25020,Chen Banerjee,DAN,DAN-101;DAN-102;DAN-103,no,chen.banerjee20@example.com,2005-09-26
DAN25021,Nia Kaur,DAN,DAN-101;DAN-102;DAN-103,no,nia.kaur21@example.com,2006-12-19
DAN25022,Noah Haddad,DAN,DAN-101;DAN-102;DAN-103,no,noah.haddad22@example.com,2006-10-02
DAN25023,Emma Kim,DAN,DAN-101;DAN-102;DAN-103,no,emma.kim23@example.com,2006-12-24
DAN25024,Mohammed Yilmaz,DAN,DAN-101;DAN-102;DAN-103,no,mohammed.yilmaz24@example.com,2004-08-14
DAN25025,Diego Zhou,DAN,DAN-101;DAN-102;DAN-103,no,diego.zhou25@example.com,2004-12-05
DAN25026,Emma Haddad,DAN,DAN-101;DAN-102;DAN-103,no,emma.haddad26@example.com,2004-03-20
DAN25027,Yusuf Sen,DAN,DAN-101;DAN-102;DAN-103,no,yusuf.sen27@example.com,2006-07-12
DAN25028,Leon Larsen,DAN,DAN-101;DAN-102;DAN-103,no,leon.larsen28@example.com,2006-02-26
DAN25030,Anika Adeyemi,DAN,DAN-101;DAN-102;DAN-103,no,anika.adeyemi30@example.com,2005-10-12
DAN25031,Kavya Lopez,DAN,DAN-101;DAN-102;DAN-103,no,kavya.lopez31@example.com,2006-12-29
DAN25032,Theo Quinn,DAN,DAN-101;DAN-102;DAN-103,no,theo.quinn32@example.com,2005-12-30
DAN25033,Andrei Chandra,DAN,DAN-101;DAN-102;DAN-103,no,andrei.chandra33@example.com,2004-12-27
DAN25034,Elena Nakamura,DAN,DAN-101;DAN-102;DAN-103,no,elena.nakamura34@example.com,2005-11-19
DAN25036,Diego Osei,DAN,DAN-101;DAN-102;DAN-103,no,diego.osei36@example.com,2005-06-24
DAN25037,Imani Lambert,DAN,DAN-101;DAN-102;DAN-103,no,imani.lambert37@example.com,2006-01-05
DAN25038,Irene Dubois,DAN,DAN-101;DAN-102;DAN-103,no,irene.dubois38@example.com,2006-10-17
DAN25039,Adele Novak,DAN,DAN-101;DAN-102;DAN-103,no,adele.novak39@example.com,2004-03-06
DAN25040,Rhea Larsen,DAN,DAN-101;DAN-102;DAN-103,no,rhea.larsen40@example.com,2006-12-18
DAN25041,Anika Mwangi,DAN,DAN-101;DAN-102;DAN-103,no,anika.mwangi41@example.com,2004-10-22
DAN25042,Mateo Farouk,DAN,DAN-101;DAN-102;DAN-103,no,mateo.farouk42@example.com,2004-05-01
DAN25043,Sipho Rossi,DAN,DAN-101;DAN-102;DAN-103,no,sipho.rossi43@example.com,2006-04-23
DAN25044,Sofia Alvarez,DAN,DAN-101;DAN-102;DAN-103,no,sofia.alvarez44@example.com,2005-09-20
DAN25045,Javier Larsen,DAN,DAN-101;DAN-102;DAN-103,no,javier.larsen45@example.com,2004-01-16
DAN25046,Ananya Okafor,DAN,DAN-101;DAN-102;DAN-103,no,ananya.okafor46@example.com,2006-04-04
DAN25047,Arjun Lambert,DAN,DAN-101;DAN-102;DAN-103,no,arjun.lambert47@example.com,2005-07-11
DAN25048,Sebastian Zhou,DAN,DAN-101;DAN-102;DAN-103,no,sebastian.zhou48@example.com,2004-10-21
DAN25049,Irene Tran,DAN,DAN-101;DAN-102;DAN-103,no,irene.tran49@example.com,2004-09-26
DAN25050,Lucia Novak,DAN,DAN-101;DAN-102;DAN-103,no,lucia.novak50@example.com,2005-07-04
DAN25051,Ibrahim Park,DAN,DAN-101;DAN-102;DAN-103,no,ibrahim.park51@example.com,2005-02-18
DAN25052,Naveen Rossi,DAN,DAN-101;DAN-102;DAN-103,no,naveen.rossi52@example.com,2005-05-21
DAN25053,Naveen Lambert,DAN,DAN-101;DAN-102;DAN-103,no,naveen.lambert53@example.com,2005-02-15
DAN25054,Hana Sato,DAN,DAN-101;DAN-102;DAN-103,no,hana.sato54@example.com,2005-09-10
DAN25055,Wei Silva,DAN,DAN-101;DAN-102;DAN-103,no,wei.silva55@example.com,2004-10-17
DAN25056,Hiro Banerjee,DAN,DAN-101;DAN-102;DAN-103,no,hiro.banerjee56@example.com,2006-02-02
DAN25057,Bianca Wang,DAN,DAN-101;DAN-102;DAN-103,no,bianca.wang57@example.com,2004-06-22
DAN25058,Irene Mahmoud,DAN,DAN-101;DAN-102;DAN-103,no,irene.mahmoud58@example.com,2005-03-07
DAN25059,Imani Verma,DAN,DAN-101;DAN-102;DAN-103,no,imani.verma59@example.com,2006-11-08
DAN25060,Chloe Singh,DAN,DAN-101;DAN-102;DAN-103,yes,chloe.singh60@example.com,2005-01-09
DAN25061,Farah Walsh,DAN,DAN-101;DAN-102;DAN-103,no,farah.walsh61@example.com,2004-06-24
DAN25062,Paulo Chowdhury,DAN,DAN-101;DAN-102;DAN-103,no,paulo.chowdhury62@example.com,2005-07-29
DAN25063,Rosa Zhang,DAN,DAN-101;DAN-102;DAN-103,no,rosa.zhang63@example.com,2006-08-14
DAN25064,Samir Hansen,DAN,DAN-101;DAN-102;DAN-103,no,samir.hansen64@example.com,2004-06-24
DAN25066,Aiko Sen,DAN,DAN-101;DAN-102;DAN-103,no,aiko.sen66@example.com,2005-07-24
DAN25067,Tariq Fonseca,DAN,DAN-101;DAN-102;DAN-103,no,tariq.fonseca67@example.com,2005-08-10
DAN25068,Rosa Tanaka,DAN,DAN-101;DAN-102;DAN-103,no,rosa.tanaka68@example.com,2005-12-21
DAN25069,Zoe Nwosu,DAN,DAN-101;DAN-102;DAN-103,no,zoe.nwosu69@example.com,2006-04-02
DAN25070,Nora Costa,DAN,DAN-101;DAN-102;DAN-103,no,nora.costa70@example.com,2004-12-24
MCD24001,Hannah Suzuki,MCD,MCD-201;MCD-202;MCD-203,no,hannah.suzuki1@example.com,2004-11-11
MCD24002,Elena Castillo,MCD,MCD-201;MCD-202;MCD-204,no,elena.castillo2@example.com,2005-05-27
MCD24003,Noah Pereira,MCD,MCD-201;MCD-202;MCD-204,no,noah.pereira3@example.com,2003-01-26
MCD24004,Hiro Castillo,MCD,MCD-201;MCD-202;MCD-203,no,hiro.castillo4@example.com,2003-02-28
MCD24005,Gabriel Sato,MCD,MCD-201;MCD-202;MCD-203,no,gabriel.sato5@example.com,2004-01-08
MCD24006,Hannah Rossi,MCD,MCD-201;MCD-202;MCD-203,no,hannah.rossi6@example.com,2005-07-01
MCD24007,Camila Larsen,MCD,MCD-201;MCD-202;MCD-203,no,camila.larsen7@example.com,2004-03-07
MCD24008,Lina Osei,MCD,MCD-201;MCD-202;MCD-204,no,lina.osei8@example.com,2003-01-20
MCD24009,Adele Quinn,MCD,MCD-201;MCD-202;MCD-203,no,adele.quinn9@example.com,2004-04-03
MCD24010,Nora Bauer,MCD,MCD-201;MCD-202;MCD-204,no,nora.bauer10@example.com,2003-09-02
MCD24011,Hiro Gallagher,MCD,MCD-201;MCD-202;MCD-204,no,hiro.gallagher11@example.com,2004-08-14
MCD24012,Gabriel Park,MCD,MCD-201;MCD-202;MCD-203,no,gabriel.park12@example.com,2004-01-08
MCD24013,Alejandro Wang,MCD,MCD-201;MCD-202;MCD-203,no,alejandro.wang13@example.com,2005-03-01
MCD24014,Hannah Haddad,MCD,MCD-201;MCD-202;MCD-203,no,hannah.haddad14@example.com,2005-09-04
MCD24016,Theo Wagner,MCD,MCD-201;MCD-202;MCD-204,yes,theo.wagner16@example.com,2004-08-07
MCD24017,Ishaan Dimitrov,MCD,MCD-201;MCD-202;MCD-203,no,ishaan.dimitrov17@example.com,2003-08-26
MCD24018,Nia Nair,MCD,MCD-201;MCD-202;MCD-204,no,nia.nair18@example.com,2003-11-16
MCD24019,Hiro Larsen,MCD,MCD-201;MCD-202;MCD-204,no,hiro.larsen19@example.com,2005-01-25
MCD24020,Bianca Lopez,MCD,MCD-201;MCD-202;MCD-204,no,bianca.lopez20@example.com,2005-11-04
MCD24021,Mohammed Novak,MCD,MCD-201;MCD-202;MCD-204,no,mohammed.novak21@example.com,2004-10-23
MCD24022,Hiro Nakamura,MCD,MCD-201;MCD-202;MCD-203,no,hiro.nakamura22@example.com,2003-04-09
MCD24023,Aarav Verma,MCD,MCD-201;MCD-202;MCD-204,no,aarav.verma23@example.com,2003-08-05
MCD24024,Diego Banerjee,MCD,MCD-201;MCD-202;MCD-204,no,diego.banerjee24@example.com,2004-02-23
MCD24025,Liam Haddad,MCD,MCD-201;MCD-202;MCD-203,no,liam.haddad25@example.com,2005-08-10
MCD24026,Lucia Iyer,MCD,MCD-201;MCD-202;MCD-203,no,lucia.iyer26@example.com,2003-06-29
MCD24027,Hannah Adeyemi,MCD,MCD-201;MCD-202;MCD-203,no,hannah.adeyemi27@example.com,2003-01-20
MCD24028,Felix Osei,MCD,MCD-201;MCD-202;MCD-203,no,felix.osei28@example.com,2004-05-02
MCD24029,Camila Verma,MCD,MCD-201;MCD-202;MCD-204,no,camila.verma29@example.com,2003-11-25
MCD24030,Ayesha Kumar,MCD,MCD-201;MCD-202;MCD-203,no,ayesha.kumar30@example.com,2004-07-11
MCD24031,Theo Abara,MCD,MCD-201;MCD-202;MCD-203,no,theo.abara31@example.com,2004-12-27
MCD24032,Fatima Adeyemi,MCD,MCD-201;MCD-202;MCD-204,no,fatima.adeyemi32@example.com,2005-06-26
MCD24033,Oscar Alvarez,MCD,MCD-201;MCD-202;MCD-204,no,oscar.alvarez33@example.com,2003-08-17
MCD24035,Divya Sen,MCD,MCD-201;MCD-202;MCD-204,no,divya.sen35@example.com,2004-10-02
MCD24036,Leon Chowdhury,MCD,MCD-201;MCD-202;MCD-204,no,leon.chowdhury36@example.com,2005-05-22
MCD24037,Yusuf Andersen,MCD,MCD-201;MCD-202;MCD-204,no,yusuf.andersen37@example.com,2003-02-10
MCD24038,Dara Haddad,MCD,MCD-201;MCD-202;MCD-203,no,dara.haddad38@example.com,2005-10-14
MCD24039,Victor Fischer,MCD,MCD-201;MCD-202;MCD-204,no,victor.fischer39@example.com,2003-10-25
MCD24040,Amara Quinn,MCD,MCD-201;MCD-202;MCD-204,no,amara.quinn40@example.com,2003-11-07
MCD24041,Mira Lambert,MCD,MCD-201;MCD-202;MCD-204,no,mira.lambert41@example.com,2005-12-07
MCD24042,Zara Verma,MCD,MCD-201;MCD-202;MCD-204,no,zara.verma42@example.com,2005-08-07
MCD24043,Irene Dimitrov,MCD,MCD-201;MCD-202;MCD-203,no,irene.dimitrov43@example.com,2005-02-20
MCD24044,Rahul Petrov,MCD,MCD-201;MCD-202;MCD-203,no,rahul.petrov44@example.com,2004-03-14
MCD24045,Elif Mehta,MCD,MCD-201;MCD-202;MCD-204,no,elif.mehta45@example.com,2005-02-27
MCD24046,Divya Costa,MCD,MCD-201;MCD-202;MCD-203,no,divya.costa46@example.com,2005-05-09
MCD24047,Ahmed Barros,MCD,MCD-201;MCD-202;MCD-204,no,ahmed.barros47@example.com,2003-11-24
MCD24048,Farah Mehta,MCD,MCD-201;MCD-202;MCD-203,no,farah.mehta48@example.com,2003-11-20
MCD24049,Gabriel Walsh,MCD,MCD-201;MCD-202;MCD-204,no,gabriel.walsh49@example.com,2004-06-13
MCD24051,David Nakamura,MCD,MCD-201;MCD-202;MCD-203,no,david.nakamura51@example.com,2004-05-29
MCD24052,Nia Dimitrov,MCD,MCD-201;MCD-202;MCD-203,no,nia.dimitrov52@example.com,2005-03-09
MCD24053,Lina Alvarez,MCD,MCD-201;MCD-202;MCD-203,no,lina.alvarez53@example.com,2003-08-10
MCD24054,Rahul Ibrahim,MCD,MCD-201;MCD-202;MCD-204,no,rahul.ibrahim54@example.com,2005-08-30
MCD24055,Bianca Larsen,MCD,MCD-201;MCD-202;MCD-203,no,bianca.larsen55@example.com,2005-03-13
MCD24056,Wei Gallagher,MCD,MCD-201;MCD-202;MCD-203,no,wei.gallagher56@example.com,2004-06-17
MCD24057,Aarav Farouk,MCD,MCD-201;MCD-202;MCD-204,no,aarav.farouk57@example.com,2005-11-26
MCD24058,Ishaan Hoang,MCD,MCD-201;MCD-202;MCD-203,no,ishaan.hoang58@example.com,2004-03-03
MCD25002,Nora Nakamura,MCD,MCD-101;MCD-102;MCD-103,no,nora.nakamura2@example.com,2006-07-27
MCD25003,Mei Costa,MCD,MCD-101;MCD-102;MCD-103,no,mei.costa3@example.com,2005-07-30
MCD25004,Ishaan Schmidt,MCD,MCD-101;MCD-102;MCD-103,no,ishaan.schmidt4@example.com,2005-07-05
MCD25005,Samir Kamau,MCD,MCD-101;MCD-102;MCD-103,no,samir.kamau5@example.com,2005-03-05
MCD25006,Tessa Kaur,MCD,MCD-101;MCD-102;MCD-103,yes,tessa.kaur6@example.com,2006-07-19
MCD25007,Rania Gallagher,MCD,MCD-101;MCD-102;MCD-103,no,rania.gallagher7@example.com,2005-07-29
MCD25008,Mohammed Verma,MCD,MCD-101;MCD-102;MCD-103,no,mohammed.verma8@example.com,2004-10-11
MCD25009,Mohammed Silva,MCD,MCD-101;MCD-102;MCD-103,no,mohammed.silva9@example.com,2005-02-03
MCD25010,Victor Andersen,MCD,MCD-101;MCD-102;MCD-103,no,victor.andersen10@example.com,2006-05-14
MCD25011,Camila Hansen,MCD,MCD-101;MCD-102;MCD-103,no,camila.hansen11@example.com,2004-05-05
MCD25012,Theo Mahmoud,MCD,MCD-101;MCD-102;MCD-103,no,theo.mahmoud12@example.com,2006-11-15
MCD25013,Tariq Barros,MCD,MCD-101;MCD-102;MCD-103,no,tariq.barros13@example.com,2006-03-04
MCD25014,Victor Osei,MCD,MCD-101;MCD-102;MCD-103,no,victor.osei14@example.com,2006-06-13
MCD25015,Victor Castillo,MCD,MCD-101;MCD-102;MCD-103,no,victor.castillo15@example.com,2005-07-08
MCD25016,Kofi Gallagher,MCD,MCD-101;MCD-102;MCD-103,no,kofi.gallagher16@example.com,2005-09-25
MCD25017,Victor Varga,MCD,MCD-101;MCD-102;MCD-103,no,victor.varga17@example.com,2004-02-10
MCD25018,Liam Kamau,MCD,MCD-101;MCD-102;MCD-103,no,liam.kamau18@example.com,2004-07-27
MCD25019,Anika Ibrahim,MCD,MCD-101;MCD-102;MCD-103,no,anika.ibrahim19@example.com,2004-07-05
MCD25020,Yusuf Kim,MCD,MCD-101;MCD-102;MCD-103,no,yusuf.kim20@example.com,2004-10-27
MCD25021,Jae Nakamura,MCD,MCD-101;MCD-102;MCD-103,no,jae.nakamura21@example.com,2004-02-19
MCD25022,Camila Andersen,MCD,MCD-101;MCD-102;MCD-103,no,camila.andersen22@example.com,2005-01-31
MCD25023,Wei Bauer,MCD,MCD-101;MCD-102;MCD-103,no,wei.bauer23@example.com,2004-10-02
MCD25024,Samir Lopez,MCD,MCD-101;MCD-102;MCD-103,no,samir.lopez24@example.com,2006-09-27
MCD25025,Elif Kamau,MCD,MCD-101;MCD-102;MCD-103,no,elif.kamau25@example.com,2005-08-29
MCD25026,Tessa Costa,MCD,MCD-101;MCD-102;MCD-103,no,tessa.costa26@example.com,2006-04-14
MCD25027,Javier Walsh,MCD,MCD-101;MCD-102;MCD-103,no,javier.walsh27@example.com,2005-04-16
MCD25028,Ibrahim Wang,MCD,MCD-101;MCD-102;MCD-103,no,ibrahim.wang28@example.com,2005-12-19
MCD25029,Elif Suzuki,MCD,MCD-101;MCD-102;MCD-103,no,elif.suzuki29@example.com,2006-01-09
MCD25030,Jae Varga,MCD,MCD-101;MCD-102;MCD-103,no,jae.varga30@example.com,2006-01-08
MCD25031,Arjun Silva,MCD,MCD-101;MCD-102;MCD-103,no,arjun.silva31@example.com,2005-05-30
MCD25032,Arjun Hoang,MCD,MCD-101;MCD-102;MCD-103,no,arjun.hoang32@example.com,2006-10-21
MCD25033,Caleb Mensah,MCD,MCD-101;MCD-102;MCD-103,no,caleb.mensah33@example.com,2006-02-21
MCD25034,Naveen Sen,MCD,MCD-101;MCD-102;MCD-103,no,naveen.sen34@example.com,2004-10-13
MCD25035,Paulo Adeyemi,MCD,MCD-101;MCD-102;MCD-103,no,paulo.adeyemi35@example.com,2004-01-29
MCD25036,Noah Chandra,MCD,MCD-101;MCD-102;MCD-103,no,noah.chandra36@example.com,2004-12-04
MCD25037,Alejandro Fonseca,MCD,MCD-101;MCD-102;MCD-103,no,alejandro.fonseca37@example.com,2004-07-30
MCD25038,Lucia Wagner,MCD,MCD-101;MCD-102;MCD-103,no,lucia.wagner38@example.com,2006-01-22
MCD25039,Jae Alvarez,MCD,MCD-101;MCD-102;MCD-103,no,jae.alvarez39@example.com,2006-02-06
MCD25040,Fatima Zhang,MCD,MCD-101;MCD-102;MCD-103,no,fatima.zhang40@example.com,2004-05-05
MCD25041,Imani Iyer,MCD,MCD-101;MCD-102;MCD-103,no,imani.iyer41@example.com,2006-08-03
MCD25042,Leila Schmidt,MCD,MCD-101;MCD-102;MCD-103,no,leila.schmidt42@example.com,2005-08-12
MCD25043,Mateo Lopez,MCD,MCD-101;MCD-102;MCD-103,no,mateo.lopez43@example.com,2006-02-17
MCD25044,Liam Kumar,MCD,MCD-101;MCD-102;MCD-103,no,liam.kumar44@example.com,2004-04-01
MCD25045,Rahul Castillo,MCD,MCD-101;MCD-102;MCD-103,no,rahul.castillo45@example.com,2004-09-29
MCD25046,Emeka Kumar,MCD,MCD-101;MCD-102;MCD-103,no,emeka.kumar46@example.com,2006-11-25
MCD25047,Tariq Rao,MCD,MCD-101;MCD-102;MCD-103,no,tariq.rao47@example.com,2006-08-07
MCD25048,Fatima Castillo,MCD,MCD-101;MCD-102;MCD-103,no,fatima.castillo48@example.com,2006-12-27
MCD25049,Jae Walsh,MCD,MCD-101;MCD-102;MCD-103,no,jae.walsh49@example.com,2004-11-28
MCD25051,Hiro Kumar,MCD,MCD-101;MCD-102;MCD-103,no,hiro.kumar51@example.com,2004-10-30
MCD25052,Aiko Sokolov,MCD,MCD-101;MCD-102;MCD-103,no,aiko.sokolov52@example.com,2006-09-04
MCD25053,Diego Walsh,MCD,MCD-101;MCD-102;MCD-103,no,diego.walsh53@example.com,2005-06-05
MCD25054,Hannah Jansen,MCD,MCD-101;MCD-102;MCD-103,no,hannah.jansen54@example.com,2006-05-17
MCD25055,David Tanaka,MCD,MCD-101;MCD-102;MCD-103,no,david.tanaka55@example.com,2005-01-02
MCD25056,Ibrahim Okafor,MCD,MCD-101;MCD-102;MCD-103,no,ibrahim.okafor56@example.com,2005-12-12
MCD25057,Javier Park,MCD,MCD-101;MCD-102;MCD-103,no,javier.park57@example.com,2006-03-17
MCD25058,Leon Nakamura,MCD,MCD-101;MCD-102;MCD-103,no,leon.nakamura58@example.com,2004-07-25
MCD25059,Naveen Zhou,MCD,MCD-101;MCD-102;MCD-103,no,naveen.zhou59@example.com,2006-07-02
MCD25061,Javier Sato,MCD,MCD-101;MCD-102;MCD-103,no,javier.sato61@example.com,2004-09-12
ELS24002,Arjun Sokolov,ELS,ELS-201;ELS-202;ELS-204,no,arjun.sokolov2@example.com,2004-07-26
ELS24004,Amara Dimitrov,ELS,ELS-201;ELS-202;ELS-204,no,amara.dimitrov4@example.com,2003-02-24
ELS24005,Mohammed Dubois,ELS,ELS-201;ELS-202;ELS-204,no,mohammed.dubois5@example.com,2005-05-22
ELS24006,Liam Verma,ELS,ELS-201;ELS-202;ELS-203,no,liam.verma6@example.com,2003-12-22
ELS24007,Mei Zhang,ELS,ELS-201;ELS-202;ELS-203,yes,mei.zhang7@example.com,2005-06-07
ELS24008,Nadia Wagner,ELS,ELS-201;ELS-202;ELS-203,no,nadia.wagner8@example.com,2003-02-12
ELS24009,Adele Hoang,ELS,ELS-201;ELS-202;ELS-204,no,adele.hoang9@example.com,2005-09-14
ELS24010,Tessa Mwangi,ELS,ELS-201;ELS-202;ELS-203,no,tessa.mwangi10@example.com,2004-12-30
ELS24011,Rania Larsen,ELS,ELS-201;ELS-202;ELS-204,no,rania.larsen11@example.com,2003-03-30
ELS24012,Bianca Kamau,ELS,ELS-201;ELS-202;ELS-203,no,bianca.kamau12@example.com,2003-01-06
ELS24013,Hannah Larsen,ELS,ELS-201;ELS-202;ELS-203,no,hannah.larsen13@example.com,2005-02-22
ELS24014,Noah Rao,ELS,ELS-201;ELS-202;ELS-204,no,noah.rao14@example.com,2005-06-27
ELS24015,Lucia Lambert,ELS,ELS-201;ELS-202;ELS-203,no,lucia.lambert15@example.com,2005-10-31
ELS24016,Irene Verma,ELS,ELS-201;ELS-202;ELS-204,no,irene.verma16@example.com,2005-10-03
ELS24017,Wei Wagner,ELS,ELS-201;ELS-202;ELS-203,no,wei.wagner17@example.com,2003-01-25
ELS24018,Kavya Nakamura,ELS,ELS-201;ELS-202;ELS-204,no,kavya.nakamura18@example.com,2004-10-27
ELS24019,Chloe Rao,ELS,ELS-201;ELS-202;ELS-203,no,chloe.rao19@example.com,2004-01-29
ELS24020,Sipho Singh,ELS,ELS-201;ELS-202;ELS-204,no,sipho.singh20@example.com,2004-12-05
ELS24021,Kofi Wang,ELS,ELS-201;ELS-202;ELS-203,no,kofi.wang21@example.com,2005-07-14
ELS24022,Imani Sato,ELS,ELS-201;ELS-202;ELS-203,no,imani.sato22@example.com,2004-07-12
ELS24023,Hiro Alvarez,ELS,ELS-201;ELS-202;ELS-204,no,hiro.alvarez23@example.com,2005-09-28
ELS24024,Paulo Lopez,ELS,ELS-201;ELS-202;ELS-203,no,paulo.lopez24@example.com,2003-02-25
ELS24025,Andrei Barros,ELS,ELS-201;ELS-202;ELS-204,no,andrei.barros25@example.com,2004-07-13
ELS24026,Hiro Garcia,ELS,ELS-201;ELS-202;ELS-204,no,hiro.garcia26@example.com,2003-03-14
ELS24027,Rania Barros,ELS,ELS-201;ELS-202;ELS-204,no,rania.barros27@example.com,2004-02-27
ELS24028,Caleb Nwosu,ELS,ELS-201;ELS-202;ELS-203,no,caleb.nwosu28@example.com,2005-04-29
ELS24029,Javier Kowalski,ELS,ELS-201;ELS-202;ELS-203,no,javier.kowalski29@example.com,2005-08-14
ELS24030,Elena Pereira,ELS,ELS-201;ELS-202;ELS-203,no,elena.pereira30@example.com,2005-02-04
ELS24031,Mateo Andersen,ELS,ELS-201;ELS-202;ELS-203,no,mateo.andersen31@example.com,2003-04-24
ELS24032,Fatima Patel,ELS,ELS-201;ELS-202;ELS-204,no,fatima.patel32@example.com,2003-10-14
ELS24033,Hana Sokolov,ELS,ELS-201;ELS-202;ELS-203,no,hana.sokolov33@example.com,2005-07-12
ELS24034,Lucia Suzuki,ELS,ELS-201;ELS-202;ELS-203,no,lucia.suzuki34@example.com,2004-06-12
ELS24035,Javier Torres,ELS,ELS-201;ELS-202;ELS-203,no,javier.torres35@example.com,2003-10-05
ELS24036,Ananya Moreau,ELS,ELS-201;ELS-202;ELS-203,no,ananya.moreau36@example.com,2005-03-28
ELS24037,Hiro Pereira,ELS,ELS-201;ELS-202;ELS-203,no,hiro.pereira37@example.com,2005-10-01
ELS24038,Yara Singh,ELS,ELS-201;ELS-202;ELS-203,no,yara.singh38@example.com,2003-06-23
ELS24039,Chen Sen,ELS,ELS-201;ELS-202;ELS-204,no,chen.sen39@example.com,2004-10-01
ELS24040,Ibrahim Castillo,ELS,ELS-201;ELS-202;ELS-204,no,ibrahim.castillo40@example.com,2003-11-10
ELS24041,Rahul Lopez,ELS,ELS-201;ELS-202;ELS-203,no,rahul.lopez41@example.com,2004-03-30
ELS24042,Zara Pereira,ELS,ELS-201;ELS-202;ELS-203,no,zara.pereira42@example.com,2003-06-15
ELS24043,Bianca Alvarez,ELS,ELS-201;ELS-202;ELS-204,no,bianca.alvarez43@example.com,2004-03-23
ELS24044,Ananya Haddad,ELS,ELS-201;ELS-202;ELS-203,no,ananya.haddad44@example.com,2003-03-12
ELS24045,Mohammed Varga,ELS,ELS-201;ELS-202;ELS-203,no,mohammed.varga45@example.com,2004-03-21
ELS24046,Sebastian Nwosu,ELS,ELS-201;ELS-202;ELS-204,no,sebastian.nwosu46@example.com,2005-06-29
ELS24047,Julia Kumar,ELS,ELS-201;ELS-202;ELS-203,no,julia.kumar47@example.com,2005-04-10
ELS24048,Ibrahim Chowdhury,ELS,ELS-201;ELS-202;ELS-203,no,ibrahim.chowdhury48@example.com,2004-06-18
ELS24049,Divya Larsen,ELS,ELS-201;ELS-202;ELS-203,no,divya.larsen49@example.com,2003-05-17
ELS24050,Rania Ibrahim,ELS,ELS-201;ELS-202;ELS-204,no,rania.ibrahim50@example.com,2003-03-16
ELS24051,Lucia Reyes,ELS,ELS-201;ELS-202;ELS-203,no,lucia.reyes51@example.com,2004-03-02
ELS24052,Omar Dubois,ELS,ELS-201;ELS-202;ELS-203,no,omar.dubois52@example.com,2004-05-11
ELS24053,Aarav Banerjee,ELS,ELS-201;ELS-202;ELS-204,no,aarav.banerjee53@example.com,2003-08-07
ELS24054,Arjun Walsh,ELS,ELS-201;ELS-202;ELS-204,no,arjun.walsh54@example.com,2003-01-25
ELS24055,Omar Alvarez,ELS,ELS-201;ELS-202;ELS-204,no,omar.alvarez55@example.com,2003-02-15
ELS24057,Imani Gallagher,ELS,ELS-201;ELS-202;ELS-204,no,imani.gallagher57@example.com,2003-07-25
ELS24058,Hiro Yilmaz,ELS,ELS-201;ELS-202;ELS-203,no,hiro.yilmaz58@example.com,2004-04-15
ELS24059,David Kim,ELS,ELS-201;ELS-202;ELS-204,no,david.kim59@example.com,2004-08-09
ELS24060,Paulo Yilmaz,ELS,ELS-201;ELS-202;ELS-203,no,paulo.yilmaz60@example.com,2004-09-25
ELS24061,Jasmine Costa,ELS,ELS-201;ELS-202;ELS-203,no,jasmine.costa61@example.com,2005-01-15
ELS24062,Julia Mensah,ELS,ELS-201;ELS-202;ELS-204,no,julia.mensah62@example.com,2003-02-20
ELS24063,Hana Chandra,ELS,ELS-201;ELS-202;ELS-203,no,hana.chandra63@example.com,2004-04-01
ELS24064,Emma Tran,ELS,ELS-201;ELS-202;ELS-203,no,emma.tran64@example.com,2003-07-09
ELS24065,Mohammed Garcia,ELS,ELS-201;ELS-202;ELS-203,no,mohammed.garcia65@example.com,2004-03-25
ELS24066,Ibrahim Gallagher,ELS,ELS-201;ELS-202;ELS-204,no,ibrahim.gallagher66@example.com,2004-07-29
ELS24067,Nora Dubois,ELS,ELS-201;ELS-202;ELS-204,no,nora.dubois67@example.com,2003-09-24
ELS24068,Gabriel Alvarez,ELS,ELS-201;ELS-202;ELS-204,no,gabriel.alvarez68@example.com,2004-04-03
ELS24069,Lucia Garcia,ELS,ELS-201;ELS-202;ELS-203,no,lucia.garcia69@example.com,2004-03-23
ELS24070,Mateo Iyer,ELS,ELS-201;ELS-202;ELS-204,no,mateo.iyer70@example.com,2005-07-08
ELS24071,Arjun Gallagher,ELS,ELS-201;ELS-202;ELS-203,no,arjun.gallagher71@example.com,2004-05-08
ELS24072,Dara Verma,ELS,ELS-201;ELS-202;ELS-203,no,dara.verma72@example.com,2003-07-13
ELS24073,Mira Iyer,ELS,ELS-201;ELS-202;ELS-204,no,mira.iyer73@example.com,2003-12-20
ELS24074,Felix Suzuki,ELS,ELS-201;ELS-202;ELS-203,no,felix.suzuki74@example.com,2005-11-30
ELS24075,Bianca Haddad,ELS,ELS-201;ELS-202;ELS-204,no,bianca.haddad75@example.com,2004-08-18
ELS24076,Zoe Varga,ELS,ELS-201;ELS-202;ELS-203,no,zoe.varga76@example.com,2003-08-07
ELS25001,Sofia Pereira,ELS,ELS-101;ELS-102;ELS-103,no,sofia.pereira1@example.com,2006-07-28
ELS25002,Nadia Banerjee,ELS,ELS-101;ELS-102;ELS-103,no,nadia.banerjee2@example.com,2006-12-27
ELS25004,Wei Chandra,ELS,ELS-101;ELS-102;ELS-103,no,wei.chandra4@example.com,2004-05-17
ELS25005,Yara Gallagher,ELS,ELS-101;ELS-102;ELS-103,no,yara.gallagher5@example.com,2005-07-11
ELS25006,Lara Wang,ELS,ELS-101;ELS-102;ELS-103,no,lara.wang6@example.com,2004-03-23
ELS25007,Aarav Zhou,ELS,ELS-101;ELS-102;ELS-103,yes,aarav.zhou7@example.com,2004-01-01
ELS25008,Oscar Okafor,ELS,ELS-101;ELS-102;ELS-103,no,oscar.okafor8@example.com,2005-07-12
ELS25009,Sebastian Lopez,ELS,ELS-101;ELS-102;ELS-103,no,sebastian.lopez9@example.com,2004-10-15
ELS25010,Hana Farouk,ELS,ELS-101;ELS-102;ELS-103,no,hana.farouk10@example.com,2006-05-31
ELS25011,Gabriel Sokolov,ELS,ELS-101;ELS-102;ELS-103,no,gabriel.sokolov11@example.com,2005-01-22
ELS25012,Rosa Dubois,ELS,ELS-101;ELS-102;ELS-103,no,rosa.dubois12@example.com,2006-02-04
ELS25013,Amara Larsen,ELS,ELS-101;ELS-102;ELS-103,no,amara.larsen13@example.com,2005-11-18
ELS25014,Kofi Larsen,ELS,ELS-101;ELS-102;ELS-103,no,kofi.larsen14@example.com,2004-03-21
ELS25015,Mei Osei,ELS,ELS-101;ELS-102;ELS-103,no,mei.osei15@example.com,2004-01-12
ELS25016,Arjun Reyes,ELS,ELS-101;ELS-102;ELS-103,no,arjun.reyes16@example.com,2005-01-31
ELS25017,Theo Castillo,ELS,ELS-101;ELS-102;ELS-103,no,theo.castillo17@example.com,2006-03-25
ELS25018,Isaac Suzuki,ELS,ELS-101;ELS-102;ELS-103,no,isaac.suzuki18@example.com,2004-08-26
ELS25019,Farah Gallagher,ELS,ELS-101;ELS-102;ELS-103,no,farah.gallagher19@example.com,2006-01-13
ELS25020,Dara Yilmaz,ELS,ELS-101;ELS-102;ELS-103,no,dara.yilmaz20@example.com,2004-12-26
ELS25021,Theo Kowalski,ELS,ELS-101;ELS-102;ELS-103,no,theo.kowalski21@example.com,2004-09-13
ELS25022,Kofi Lopez,ELS,ELS-101;ELS-102;ELS-103,no,kofi.lopez22@example.com,2004-01-14
ELS25023,Hiro Park,ELS,ELS-101;ELS-102;ELS-103,no,hiro.park23@example.com,2004-11-19
ELS25024,Imani Yilmaz,ELS,ELS-101;ELS-102;ELS-103,no,imani.yilmaz24@example.com,2005-05-03
ELS25025,Mohammed Fischer,ELS,ELS-101;ELS-102;ELS-103,no,mohammed.fischer25@example.com,2004-06-08
ELS25026,Leon Andersen,ELS,ELS-101;ELS-102;ELS-103,no,leon.andersen26@example.com,2006-04-30
ELS25027,Gabriel Iyer,ELS,ELS-101;ELS-102;ELS-103,no,gabriel.iyer27@example.com,2004-10-19
ELS25028,Caleb Mwangi,ELS,ELS-101;ELS-102;ELS-103,no,caleb.mwangi28@example.com,2005-03-04
ELS25029,Anika Novak,ELS,ELS-101;ELS-102;ELS-103,no,anika.novak29@example.com,2004-10-10
ELS25030,Omar Andersen,ELS,ELS-101;ELS-102;ELS-103,no,omar.andersen30@example.com,2004-11-09
ELS25031,Leon Ibrahim,ELS,ELS-101;ELS-102;ELS-103,no,leon.ibrahim31@example.com,2005-04-17
ELS25032,Samir Walsh,ELS,ELS-101;ELS-102;ELS-103,no,samir.walsh32@example.com,2005-04-13
ELS25033,Wei Mahmoud,ELS,ELS-101;ELS-102;ELS-103,no,wei.mahmoud33@example.com,2006-09-29
ELS25034,Ishaan Kamau,ELS,ELS-101;ELS-102;ELS-103,no,ishaan.kamau34@example.com,2004-06-22
ELS25035,Omar Zhou,ELS,ELS-101;ELS-102;ELS-103,no,omar.zhou35@example.com,2004-08-05
ELS25036,Yusuf Oliveira,ELS,ELS-101;ELS-102;ELS-103,no,yusuf.oliveira36@example.com,2004-04-03
ELS25037,Chen Schmidt,ELS,ELS-101;ELS-102;ELS-103,no,chen.schmidt37@example.com,2006-06-07
ELS25038,Mohammed Quinn,ELS,ELS-101;ELS-102;ELS-103,no,mohammed.quinn38@example.com,2004-04-16
ELS25039,Javier Pereira,ELS,ELS-101;ELS-102;ELS-103,no,javier.pereira39@example.com,2005-03-15
ELS25040,Aiko Kaur,ELS,ELS-101;ELS-102;ELS-103,no,aiko.kaur40@example.com,2004-02-29
ELS25041,Bianca Dimitrov,ELS,ELS-101;ELS-102;ELS-103,no,bianca.dimitrov41@example.com,2004-12-08
ELS25042,Ishaan Castillo,ELS,ELS-101;ELS-102;ELS-103,no,ishaan.castillo42@example.com,2004-06-10
ELS25043,Caleb Quinn,ELS,ELS-101;ELS-102;ELS-103,no,caleb.quinn43@example.com,2004-01-10
ELS25044,Javier Kim,ELS,ELS-101;ELS-102;ELS-103,no,javier.kim44@example.com,2004-05-20
ELS25045,Rohan Fischer,ELS,ELS-101;ELS-102;ELS-103,no,rohan.fischer45@example.com,2006-05-19
ELS25046,Jae Andersen,ELS,ELS-101;ELS-102;ELS-103,no,jae.andersen46@example.com,2005-03-10
ELS25047,Sara Nwosu,ELS,ELS-101;ELS-102;ELS-103,no,sara.nwosu47@example.com,2005-09-05
ELS25048,Chloe Wang,ELS,ELS-101;ELS-102;ELS-103,no,chloe.wang48@example.com,2006-04-04
ELS25049,Amara Jansen,ELS,ELS-101;ELS-102;ELS-103,no,amara.jansen49@example.com,2004-11-15
ELS25050,Isaac Petrov,ELS,ELS-101;ELS-102;ELS-103,no,isaac.petrov50@example.com,2005-01-20
ELS25051,Wei Kumar,ELS,ELS-101;ELS-102;ELS-103,no,wei.kumar51@example.com,2004-12-30
ELS25052,Lara Banerjee,ELS,ELS-101;ELS-102;ELS-103,no,lara.banerjee52@example.com,2006-11-03
ELS25054,Adele Bauer,ELS,ELS-101;ELS-102;ELS-103,no,adele.bauer54@example.com,2004-09-19
ELS25055,Samir Rossi,ELS,ELS-101;ELS-102;ELS-103,no,samir.rossi55@example.com,2005-08-29
ELS25056,Joao Mahmoud,ELS,ELS-101;ELS-102;ELS-103,no,joao.mahmoud56@example.com,2006-11-18
ELS25057,Sebastian Kowalski,ELS,ELS-101;ELS-102;ELS-103,no,sebastian.kowalski57@example.com,2006-03-19
ELS25058,David Bauer,ELS,ELS-101;ELS-102;ELS-103,no,david.bauer58@example.com,2004-10-24
ELS25059,Chen Ibrahim,ELS,ELS-101;ELS-102;ELS-103,no,chen.ibrahim59@example.com,2004-03-18
ELS25060,Sipho Jansen,ELS,ELS-101;ELS-102;ELS-103,no,sipho.jansen60@example.com,2004-03-13
ELS25061,Dara Kamau,ELS,ELS-101;ELS-102;ELS-103,no,dara.kamau61@example.com,2005-03-25
ELS25062,Nora Sokolov,ELS,ELS-101;ELS-102;ELS-103,no,nora.sokolov62@example.com,2006-08-12
ELS25063,Naveen Fischer,ELS,ELS-101;ELS-102;ELS-103,no,naveen.fischer63@example.com,2005-05-08
BMG24001,Zoe Iyer,BMG,BMG-201;BMG-202;BMG-204,no,zoe.iyer1@example.com,2003-12-30
BMG24002,Arjun Banerjee,BMG,BMG-201;BMG-202;BMG-203,no,arjun.banerjee2@example.com,2004-08-13
BMG24003,Julia Marino,BMG,BMG-201;BMG-202;BMG-203,no,julia.marino3@example.com,2004-11-21
BMG24004,Mateo Varga,BMG,BMG-201;BMG-202;BMG-204,no,mateo.varga4@example.com,2005-04-23
BMG24005,Paulo Mehta,BMG,BMG-201;BMG-202;BMG-203,no,paulo.mehta5@example.com,2003-08-15
BMG24006,Mei Kaur,BMG,BMG-201;BMG-202;BMG-203,no,mei.kaur6@example.com,2004-05-30
BMG24007,Sakura Fischer,BMG,BMG-201;BMG-202;BMG-203,no,sakura.fischer7@example.com,2004-02-15
BMG24008,Kavya Sen,BMG,BMG-201;BMG-202;BMG-203,no,kavya.sen8@example.com,2004-06-06
BMG24009,Paulo Moreau,BMG,BMG-201;BMG-202;BMG-204,no,paulo.moreau9@example.com,2003-02-02
BMG24010,Uma Petrov,BMG,BMG-201;BMG-202;BMG-204,no,uma.petrov10@example.com,2004-02-08
BMG24011,Julia Chowdhury,BMG,BMG-201;BMG-202;BMG-203,no,julia.chowdhury11@example.com,2004-01-28
BMG24012,Divya Walsh,BMG,BMG-201;BMG-202;BMG-203,no,divya.walsh12@example.com,2005-09-04
BMG24013,Amara Zhou,BMG,BMG-201;BMG-202;BMG-203,no,amara.zhou13@example.com,2004-01-18
BMG24014,Camila Oliveira,BMG,BMG-201;BMG-202;BMG-204,no,camila.oliveira14@example.com,2004-11-12
BMG24015,Paulo Sen,BMG,BMG-201;BMG-202;BMG-203,no,paulo.sen15@example.com,2004-05-31
BMG24016,Zoe Chowdhury,BMG,BMG-201;BMG-202;BMG-204,no,zoe.chowdhury16@example.com,2003-01-31
BMG24017,Victor Costa,BMG,BMG-201;BMG-202;BMG-203,no,victor.costa17@example.com,2005-08-19
BMG24018,Ananya Mwangi,BMG,BMG-201;BMG-202;BMG-203,no,ananya.mwangi18@example.com,2005-09-17
BMG24019,Rhea Pereira,BMG,BMG-201;BMG-202;BMG-204,no,rhea.pereira19@example.com,2005-07-05
BMG24020,Tariq Nair,BMG,BMG-201;BMG-202;BMG-203,no,tariq.nair20@example.com,2004-11-02
BMG24022,Mateo Wagner,BMG,BMG-201;BMG-202;BMG-203,no,mateo.wagner22@example.com,2005-11-27
BMG24023,Sipho Dubois,BMG,BMG-201;BMG-202;BMG-204,no,sipho.dubois23@example.com,2003-03-01
BMG24024,Chen Nair,BMG,BMG-201;BMG-202;BMG-204,no,chen.nair24@example.com,2004-12-11
BMG24025,David Walsh,BMG,BMG-201;BMG-202;BMG-203,no,david.walsh25@example.com,2003-08-30
BMG24026,Fatima Varga,BMG,BMG-201;BMG-202;BMG-203,no,fatima.varga26@example.com,2003-11-15
BMG24027,Yara Adeyemi,BMG,BMG-201;BMG-202;BMG-203,no,yara.adeyemi27@example.com,2003-01-08
BMG24028,Ananya Singh,BMG,BMG-201;BMG-202;BMG-203,no,ananya.singh28@example.com,2005-09-23
BMG24029,Kofi Haddad,BMG,BMG-201;BMG-202;BMG-203,no,kofi.haddad29@example.com,2005-04-09
BMG24030,Felix Hansen,BMG,BMG-201;BMG-202;BMG-203,no,felix.hansen30@example.com,2003-05-24
BMG24031,Kavya Wang,BMG,BMG-201;BMG-202;BMG-203,no,kavya.wang31@example.com,2003-11-05
BMG24032,Leon Garcia,BMG,BMG-201;BMG-202;BMG-204,no,leon.garcia32@example.com,2004-01-08
BMG24033,Isaac Mehta,BMG,BMG-201;BMG-202;BMG-203,no,isaac.mehta33@example.com,2004-11-04
BMG24034,Sakura Abara,BMG,BMG-201;BMG-202;BMG-204,no,sakura.abara34@example.com,2004-09-03
BMG24035,Kofi Dubois,BMG,BMG-201;BMG-202;BMG-203,no,kofi.dubois35@example.com,2005-12-04
BMG24036,Hannah Quinn,BMG,BMG-201;BMG-202;BMG-204,no,hannah.quinn36@example.com,2003-05-19
BMG24037,Kavya Andersen,BMG,BMG-201;BMG-202;BMG-203,no,kavya.andersen37@example.com,2005-01-24
BMG24038,Nora Pereira,BMG,BMG-201;BMG-202;BMG-203,no,nora.pereira38@example.com,2004-12-17
BMG24039,Abena Banerjee,BMG,BMG-201;BMG-202;BMG-204,no,abena.banerjee39@example.com,2004-08-15
BMG24040,Noah Oliveira,BMG,BMG-201;BMG-202;BMG-204,no,noah.oliveira40@example.com,2004-04-07
BMG24041,Lina Marino,BMG,BMG-201;BMG-202;BMG-204,no,lina.marino41@example.com,2003-11-16
BMG24042,Tessa Torres,BMG,BMG-201;BMG-202;BMG-204,no,tessa.torres42@example.com,2003-07-17
BMG24043,Zoe Lambert,BMG,BMG-201;BMG-202;BMG-204,no,zoe.lambert43@example.com,2004-08-31
BMG24044,Hannah Dubois,BMG,BMG-201;BMG-202;BMG-203,no,hannah.dubois44@example.com,2005-12-27
BMG24045,Elena Sokolov,BMG,BMG-201;BMG-202;BMG-204,no,elena.sokolov45@example.com,2004-06-26
BMG24046,Diego Kumar,BMG,BMG-201;BMG-202;BMG-203,no,diego.kumar46@example.com,2004-11-20
BMG24047,Dara Mensah,BMG,BMG-201;BMG-202;BMG-204,no,dara.mensah47@example.com,2004-09-29
BMG24048,Caleb Ibrahim,BMG,BMG-201;BMG-202;BMG-204,no,caleb.ibrahim48@example.com,2005-07-20
BMG24049,Tessa Mahmoud,BMG,BMG-201;BMG-202;BMG-204,no,tessa.mahmoud49@example.com,2005-03-25
BMG24050,Divya Schmidt,BMG,BMG-201;BMG-202;BMG-203,no,divya.schmidt50@example.com,2005-12-11
BMG24051,Alejandro Costa,BMG,BMG-201;BMG-202;BMG-204,no,alejandro.costa51@example.com,2003-11-24
BMG24052,Mateo Castillo,BMG,BMG-201;BMG-202;BMG-203,no,mateo.castillo52@example.com,2005-01-10
BMG24053,Astrid Adeyemi,BMG,BMG-201;BMG-202;BMG-204,no,astrid.adeyemi53@example.com,2005-10-04
BMG24055,Kofi Andersen,BMG,BMG-201;BMG-202;BMG-203,no,kofi.andersen55@example.com,2005-10-29
BMG24056,Noah Marino,BMG,BMG-201;BMG-202;BMG-203,no,noah.marino56@example.com,2004-09-20
BMG24057,Elena Bauer,BMG,BMG-201;BMG-202;BMG-203,no,elena.bauer57@example.com,2003-01-16
BMG24058,Rahul Chandra,BMG,BMG-201;BMG-202;BMG-204,no,rahul.chandra58@example.com,2004-02-11
BMG24059,Uma Farouk,BMG,BMG-201;BMG-202;BMG-203,no,uma.farouk59@example.com,2005-11-29
BMG24060,Ahmed Zhou,BMG,BMG-201;BMG-202;BMG-203,no,ahmed.zhou60@example.com,2003-10-23
BMG24061,Nadia Sen,BMG,BMG-201;BMG-202;BMG-203,no,nadia.sen61@example.com,2004-05-17
BMG24062,Mei Tanaka,BMG,BMG-201;BMG-202;BMG-203,no,mei.tanaka62@example.com,2004-03-24
BMG24063,Jasmine Chowdhury,BMG,BMG-201;BMG-202;BMG-204,no,jasmine.chowdhury63@example.com,2004-11-12
BMG24064,Zoe Alvarez,BMG,BMG-201;BMG-202;BMG-203,yes,zoe.alvarez64@example.com,2003-09-24
BMG24065,Hiro Adeyemi,BMG,BMG-201;BMG-202;BMG-204,no,hiro.adeyemi65@example.com,2004-06-03
BMG24066,Lina Wagner,BMG,BMG-201;BMG-202;BMG-203,no,lina.wagner66@example.com,2003-04-19
BMG24067,Mei Pereira,BMG,BMG-201;BMG-202;BMG-203,no,mei.pereira67@example.com,2003-08-26
BMG24068,Tessa Ibrahim,BMG,BMG-201;BMG-202;BMG-204,no,tessa.ibrahim68@example.com,2005-03-13
BMG24069,Paulo Banerjee,BMG,BMG-201;BMG-202;BMG-203,no,paulo.banerjee69@example.com,2003-12-24
BMG24070,Leila Rossi,BMG,BMG-201;BMG-202;BMG-203,no,leila.rossi70@example.com,2004-02-21
BMG24071,Zoe Banerjee,BMG,BMG-201;BMG-202;BMG-203,no,zoe.banerjee71@example.com,2003-10-16
BMG24072,Gabriel Kumar,BMG,BMG-201;BMG-202;BMG-203,no,gabriel.kumar72@example.com,2004-05-24
BMG24073,Emeka Dimitrov,BMG,BMG-201;BMG-202;BMG-203,no,emeka.dimitrov73@example.com,2005-12-20
BMG24074,Diego Chandra,BMG,BMG-201;BMG-202;BMG-204,no,diego.chandra74@example.com,2005-07-27
BMG24075,Sakura Kumar,BMG,BMG-201;BMG-202;BMG-203,no,sakura.kumar75@example.com,2005-12-19
BMG24076,Joao Sen,BMG,BMG-201;BMG-202;BMG-203,no,joao.sen76@example.com,2003-08-30
BMG24077,Alejandro Kamau,BMG,BMG-201;BMG-202;BMG-203,no,alejandro.kamau77@example.com,2004-04-16
BMG25001,Jasmine Hansen,BMG,BMG-101;BMG-102;BMG-103,no,jasmine.hansen1@example.com,2006-05-14
BMG25002,Sofia Costa,BMG,BMG-101;BMG-102;BMG-103,no,sofia.costa2@example.com,2006-06-17
BMG25003,Paulo Reyes,BMG,BMG-101;BMG-102;BMG-103,no,paulo.reyes3@example.com,2004-08-14
BMG25004,Adele Verma,BMG,BMG-101;BMG-102;BMG-103,no,adele.verma4@example.com,2004-03-31
BMG25005,Julia Iyer,BMG,BMG-101;BMG-102;BMG-103,no,julia.iyer5@example.com,2005-09-29
BMG25006,Fatima Wagner,BMG,BMG-101;BMG-102;BMG-103,no,fatima.wagner6@example.com,2005-04-01
BMG25007,Victor Mahmoud,BMG,BMG-101;BMG-102;BMG-103,no,victor.mahmoud7@example.com,2006-01-26
BMG25008,Dara Mehta,BMG,BMG-101;BMG-102;BMG-103,no,dara.mehta8@example.com,2004-04-26
BMG25009,Naveen Petrov,BMG,BMG-101;BMG-102;BMG-103,no,naveen.petrov9@example.com,2004-05-25
BMG25010,Rosa Walsh,BMG,BMG-101;BMG-102;BMG-103,no,rosa.walsh10@example.com,2004-01-25
BMG25012,Ishaan Nair,BMG,BMG-101;BMG-102;BMG-103,no,ishaan.nair12@example.com,2006-06-26
BMG25013,Hana Mensah,BMG,BMG-101;BMG-102;BMG-103,no,hana.mensah13@example.com,2004-01-19
BMG25014,Amara Kaur,BMG,BMG-101;BMG-102;BMG-103,no,amara.kaur14@example.com,2004-09-30
BMG25015,Imani Bauer,BMG,BMG-101;BMG-102;BMG-103,no,imani.bauer15@example.com,2005-07-11
BMG25016,Imani Sen,BMG,BMG-101;BMG-102;BMG-103,no,imani.sen16@example.com,2005-12-14
BMG25017,Zoe Singh,BMG,BMG-101;BMG-102;BMG-103,no,zoe.singh17@example.com,2004-08-21
BMG25018,Mira Costa,BMG,BMG-101;BMG-102;BMG-103,no,mira.costa18@example.com,2005-10-05
BMG25019,Omar Fischer,BMG,BMG-101;BMG-102;BMG-103,no,omar.fischer19@example.com,2006-07-14
BMG25020,Dara Tanaka,BMG,BMG-101;BMG-102;BMG-103,no,dara.tanaka20@example.com,2006-12-10
BMG25021,Tessa Bauer,BMG,BMG-101;BMG-102;BMG-103,no,tessa.bauer21@example.com,2004-06-28
BMG25022,Joao Zhang,BMG,BMG-101;BMG-102;BMG-103,no,joao.zhang22@example.com,2004-08-16
BMG25023,Paulo Patel,BMG,BMG-101;BMG-102;BMG-103,no,paulo.patel23@example.com,2005-03-25
BMG25024,Rania Kowalski,BMG,BMG-101;BMG-102;BMG-103,no,rania.kowalski24@example.com,2004-01-06
BMG25025,Farah Wagner,BMG,BMG-101;BMG-102;BMG-103,no,farah.wagner25@example.com,2005-04-10
BMG25026,Abena Wang,BMG,BMG-101;BMG-102;BMG-103,no,abena.wang26@example.com,2005-05-29
BMG25027,Andrei Alvarez,BMG,BMG-101;BMG-102;BMG-103,no,andrei.alvarez27@example.com,2006-01-14
BMG25028,Tariq Haddad,BMG,BMG-101;BMG-102;BMG-103,no,tariq.haddad28@example.com,2006-11-06
BMG25029,Gabriel Dimitrov,BMG,BMG-101;BMG-102;BMG-103,no,gabriel.dimitrov29@example.com,2004-09-06
BMG25030,Imani Farouk,BMG,BMG-101;BMG-102;BMG-103,no,imani.farouk30@example.com,2006-01-22
BMG25031,Aarav Adeyemi,BMG,BMG-101;BMG-102;BMG-103,no,aarav.adeyemi31@example.com,2005-03-04
BMG25032,Yusuf Dimitrov,BMG,BMG-101;BMG-102;BMG-103,no,yusuf.dimitrov32@example.com,2006-03-21
BMG25033,Adele Farouk,BMG,BMG-101;BMG-102;BMG-103,no,adele.farouk33@example.com,2004-02-12
BMG25034,Amara Hoang,BMG,BMG-101;BMG-102;BMG-103,no,amara.hoang34@example.com,2005-12-11
BMG25035,Abena Mehta,BMG,BMG-101;BMG-102;BMG-103,no,abena.mehta35@example.com,2006-10-12
BMG25036,Anika Chowdhury,BMG,BMG-101;BMG-102;BMG-103,no,anika.chowdhury36@example.com,2006-09-09
BMG25037,Camila Kim,BMG,BMG-101;BMG-102;BMG-103,no,camila.kim37@example.com,2006-09-28
BMG25038,Uma Dimitrov,BMG,BMG-101;BMG-102;BMG-103,no,uma.dimitrov38@example.com,2005-10-31
BMG25039,Zara Alvarez,BMG,BMG-101;BMG-102;BMG-103,no,zara.alvarez39@example.com,2006-07-28
BMG25040,Nadia Nakamura,BMG,BMG-101;BMG-102;BMG-103,no,nadia.nakamura40@example.com,2005-06-20
BMG25041,Chloe Yilmaz,BMG,BMG-101;BMG-102;BMG-103,no,chloe.yilmaz41@example.com,2006-08-29
BMG25042,Arjun Petrov,BMG,BMG-101;BMG-102;BMG-103,no,arjun.petrov42@example.com,2005-03-16
BMG25043,Wei Mensah,BMG,BMG-101;BMG-102;BMG-103,no,wei.mensah43@example.com,2006-07-17
BMG25044,Caleb Reyes,BMG,BMG-101;BMG-102;BMG-103,no,caleb.reyes44@example.com,2005-04-25
BMG25045,Nia Larsen,BMG,BMG-101;BMG-102;BMG-103,no,nia.larsen45@example.com,2006-05-30
BMG25046,Chloe Sokolov,BMG,BMG-101;BMG-102;BMG-103,no,chloe.sokolov46@example.com,2006-03-23
BMG25047,Kavya Kowalski,BMG,BMG-101;BMG-102;BMG-103,no,kavya.kowalski47@example.com,2006-08-22
BMG25048,Omar Tanaka,BMG,BMG-101;BMG-102;BMG-103,no,omar.tanaka48@example.com,2004-01-08
BMG25049,Sakura Mwangi,BMG,BMG-101;BMG-102;BMG-103,no,sakura.mwangi49@example.com,2005-01-30
BMG25050,Astrid Alvarez,BMG,BMG-101;BMG-102;BMG-103,no,astrid.alvarez50@example.com,2006-07-07
BMG25051,Oscar Yilmaz,BMG,BMG-101;BMG-102;BMG-103,no,oscar.yilmaz51@example.com,2005-08-01
BMG25052,Abena Novak,BMG,BMG-101;BMG-102;BMG-103,no,abena.novak52@example.com,2005-05-22
BMG25053,Victor Eriksen,BMG,BMG-101;BMG-102;BMG-103,no,victor.eriksen53@example.com,2005-08-27
BMG25054,Sara Zhou,BMG,BMG-101;BMG-102;BMG-103,no,sara.zhou54@example.com,2004-10-16
BMG25055,Lina Dimitrov,BMG,BMG-101;BMG-102;BMG-103,no,lina.dimitrov55@example.com,2005-10-13
BMG25056,Farah Kaur,BMG,BMG-101;BMG-102;BMG-103,no,farah.kaur56@example.com,2005-08-01
BMG25057,Ibrahim Rossi,BMG,BMG-101;BMG-102;BMG-103,no,ibrahim.rossi57@example.com,2005-06-24
HCA24001,Yusuf Wagner,HCA,HCA-201;HCA-202;HCA-204,no,yusuf.wagner1@example.com,2003-07-29
HCA24002,Dara Adeyemi,HCA,HCA-201;HCA-202;HCA-204,no,dara.adeyemi2@example.com,2003-01-20
HCA24003,Ishaan Gallagher,HCA,HCA-201;HCA-202;HCA-204,no,ishaan.gallagher3@example.com,2004-03-10
HCA24004,Ahmed Lambert,HCA,HCA-201;HCA-202;HCA-203,no,ahmed.lambert4@example.com,2004-05-24
HCA24005,Divya Petrov,HCA,HCA-201;HCA-202;HCA-203,no,divya.petrov5@example.com,2005-03-02
HCA24006,Felix Rossi,HCA,HCA-201;HCA-202;HCA-204,no,felix.rossi6@example.com,2005-10-18
HCA24007,Divya Bauer,HCA,HCA-201;HCA-202;HCA-204,no,divya.bauer7@example.com,2004-09-26
HCA24008,Imani Rossi,HCA,HCA-201;HCA-202;HCA-203,no,imani.rossi8@example.com,2003-03-27
HCA24009,Liam Chandra,HCA,HCA-201;HCA-202;HCA-204,no,liam.chandra9@example.com,2003-08-29
HCA24010,Astrid Lambert,HCA,HCA-201;HCA-202;HCA-203,no,astrid.lambert10@example.com,2005-05-19
HCA24011,Aiko Moreau,HCA,HCA-201;HCA-202;HCA-204,no,aiko.moreau11@example.com,2005-07-28
HCA24013,Gabriel Moreau,HCA,HCA-201;HCA-202;HCA-204,no,gabriel.moreau13@example.com,2003-12-09
HCA24014,Jasmine Fonseca,HCA,HCA-201;HCA-202;HCA-203,no,jasmine.fonseca14@example.com,2005-10-21
HCA24015,Aarav Hansen,HCA,HCA-201;HCA-202;HCA-204,no,aarav.hansen15@example.com,2004-05-02
HCA24016,Amara Lambert,HCA,HCA-201;HCA-202;HCA-204,no,amara.lambert16@example.com,2004-11-27
HCA24017,Irene Eriksen,HCA,HCA-201;HCA-202;HCA-203,no,irene.eriksen17@example.com,2005-03-03
HCA24018,Paulo Gallagher,HCA,HCA-201;HCA-202;HCA-204,no,paulo.gallagher18@example.com,2003-12-17
HCA24019,Elena Mensah,HCA,HCA-201;HCA-202;HCA-203,no,elena.mensah19@example.com,2005-10-16
HCA24020,Julia Oliveira,HCA,HCA-201;HCA-202;HCA-203,no,julia.oliveira20@example.com,2004-09-06
HCA24021,Leila Lopez,HCA,HCA-201;HCA-202;HCA-203,no,leila.lopez21@example.com,2004-05-13
HCA24022,Sebastian Singh,HCA,HCA-201;HCA-202;HCA-204,no,sebastian.singh22@example.com,2003-11-15
HCA24023,Andrei Adeyemi,HCA,HCA-201;HCA-202;HCA-203,no,andrei.adeyemi23@example.com,2005-03-29
HCA24024,Paulo Rossi,HCA,HCA-201;HCA-202;HCA-204,no,paulo.rossi24@example.com,2005-06-26
HCA24025,Hana Hansen,HCA,HCA-201;HCA-202;HCA-203,no,hana.hansen25@example.com,2005-11-15
HCA24026,Zara Adeyemi,HCA,HCA-201;HCA-202;HCA-203,no,zara.adeyemi26@example.com,2004-03-16
HCA24027,Wei Fonseca,HCA,HCA-201;HCA-202;HCA-203,no,wei.fonseca27@example.com,2003-03-17
HCA24028,Uma Sato,HCA,HCA-201;HCA-202;HCA-204,no,uma.sato28@example.com,2004-04-14
HCA24029,Irene Chandra,HCA,HCA-201;HCA-202;HCA-204,no,irene.chandra29@example.com,2003-09-18
HCA24030,Felix Schmidt,HCA,HCA-201;HCA-202;HCA-204,no,felix.schmidt30@example.com,2004-12-30
HCA24031,Rania Reyes,HCA,HCA-201;HCA-202;HCA-203,no,rania.reyes31@example.com,2005-01-12
HCA24032,Leila Mensah,HCA,HCA-201;HCA-202;HCA-203,no,leila.mensah32@example.com,2005-11-29
HCA24033,Emeka Iyer,HCA,HCA-201;HCA-202;HCA-204,no,emeka.iyer33@example.com,2004-11-12
HCA24034,Gabriel Eriksen,HCA,HCA-201;HCA-202;HCA-203,no,gabriel.eriksen34@example.com,2005-05-06
HCA24035,Sipho Okafor,HCA,HCA-201;HCA-202;HCA-203,no,sipho.okafor35@example.com,2003-01-26
HCA24036,Diego Jansen,HCA,HCA-201;HCA-202;HCA-203,no,diego.jansen36@example.com,2004-01-05
HCA24037,Mateo Marino,HCA,HCA-201;HCA-202;HCA-204,no,mateo.marino37@example.com,2005-08-07
HCA24038,Bianca Nakamura,HCA,HCA-201;HCA-202;HCA-203,no,bianca.nakamura38@example.com,2003-09-23
HCA24039,Yusuf Dubois,HCA,HCA-201;HCA-202;HCA-203,no,yusuf.dubois39@example.com,2003-01-06
HCA24040,Leila Farouk,HCA,HCA-201;HCA-202;HCA-204,no,leila.farouk40@example.com,2004-09-26
HCA24041,Hannah Farouk,HCA,HCA-201;HCA-202;HCA-204,no,hannah.farouk41@example.com,2004-12-09
HCA24042,Aiko Patel,HCA,HCA-201;HCA-202;HCA-203,no,aiko.patel42@example.com,2005-03-18
HCA24043,Javier Silva,HCA,HCA-201;HCA-202;HCA-203,no,javier.silva43@example.com,2004-04-19
HCA24044,Irene Alvarez,HCA,HCA-201;HCA-202;HCA-203,no,irene.alvarez44@example.com,2004-01-04
HCA24045,Arjun Rao,HCA,HCA-201;HCA-202;HCA-203,no,arjun.rao45@example.com,2005-11-13
HCA24047,Rosa Tran,HCA,HCA-201;HCA-202;HCA-204,no,rosa.tran47@example.com,2003-11-08
HCA24048,Lucia Kowalski,HCA,HCA-201;HCA-202;HCA-203,no,lucia.kowalski48@example.com,2005-12-07
HCA24049,Hiro Mwangi,HCA,HCA-201;HCA-202;HCA-203,no,hiro.mwangi49@example.com,2005-01-12
HCA24050,Adele Walsh,HCA,HCA-201;HCA-202;HCA-204,no,adele.walsh50@example.com,2004-06-04
HCA24051,Emma Lambert,HCA,HCA-201;HCA-202;HCA-203,no,emma.lambert51@example.com,2004-10-16
HCA24052,Caleb Eriksen,HCA,HCA-201;HCA-202;HCA-203,no,caleb.eriksen52@example.com,2005-09-05
HCA24053,Lara Hoang,HCA,HCA-201;HCA-202;HCA-203,no,lara.hoang53@example.com,2005-12-27
HCA24054,Jae Lambert,HCA,HCA-201;HCA-202;HCA-203,no,jae.lambert54@example.com,2003-07-18
HCA24055,Farah Suzuki,HCA,HCA-201;HCA-202;HCA-204,no,farah.suzuki55@example.com,2004-08-27
HCA24056,Chen Verma,HCA,HCA-201;HCA-202;HCA-204,no,chen.verma56@example.com,2003-08-09
HCA24057,Astrid Reyes,HCA,HCA-201;HCA-202;HCA-203,no,astrid.reyes57@example.com,2004-11-13
HCA24058,Nadia Nair,HCA,HCA-201;HCA-202;HCA-204,no,nadia.nair58@example.com,2005-12-26
HCA24059,Sara Jansen,HCA,HCA-201;HCA-202;HCA-204,no,sara.jansen59@example.com,2004-09-14
HCA24060,Emeka Wang,HCA,HCA-201;HCA-202;HCA-203,no,emeka.wang60@example.com,2004-03-17
HCA24061,Abena Kaur,HCA,HCA-201;HCA-202;HCA-204,no,abena.kaur61@example.com,2004-07-26
HCA24062,Hannah Banerjee,HCA,HCA-201;HCA-202;HCA-203,no,hannah.banerjee62@example.com,2004-10-05
HCA24063,Lara Kumar,HCA,HCA-201;HCA-202;HCA-204,no,lara.kumar63@example.com,2005-07-27
HCA24064,Julia Petrov,HCA,HCA-201;HCA-202;HCA-204,no,julia.petrov64@example.com,2004-12-27
HCA24065,Rosa Yilmaz,HCA,HCA-201;HCA-202;HCA-203,no,rosa.yilmaz65@example.com,2003-05-09
HCA24066,Lucia Marino,HCA,HCA-201;HCA-202;HCA-203,no,lucia.marino66@example.com,2005-04-22
HCA24067,Bianca Mahmoud,HCA,HCA-201;HCA-202;HCA-203,no,bianca.mahmoud67@example.com,2003-02-05
HCA24068,Tessa Okafor,HCA,HCA-201;HCA-202;HCA-203,no,tessa.okafor68@example.com,2003-06-01
HCA24069,Oscar Schmidt,HCA,HCA-201;HCA-202;HCA-203,no,oscar.schmidt69@example.com,2003-08-04
HCA24070,Andrei Marino,HCA,HCA-201;HCA-202;HCA-203,no,andrei.marino70@example.com,2004-06-22
HCA24072,Diego Fonseca,HCA,HCA-201;HCA-202;HCA-203,no,diego.fonseca72@example.com,2004-01-20
HCA24073,Chloe Patel,HCA,HCA-201;HCA-202;HCA-203,no,chloe.patel73@example.com,2004-01-25
HCA24075,Hana Nair,HCA,HCA-201;HCA-202;HCA-203,no,hana.nair75@example.com,2003-04-08
HCA24076,Ahmed Iyer,HCA,HCA-201;HCA-202;HCA-204,no,ahmed.iyer76@example.com,2004-07-10
HCA24077,Noah Rossi,HCA,HCA-201;HCA-202;HCA-204,no,noah.rossi77@example.com,2003-07-18
HCA25001,Sipho Zhou,HCA,HCA-101;HCA-102;HCA-103,no,sipho.zhou1@example.com,2004-09-21
HCA25002,Aarav Torres,HCA,HCA-101;HCA-102;HCA-103,no,aarav.torres2@example.com,2005-07-05
HCA25003,Sipho Reyes,HCA,HCA-101;HCA-102;HCA-103,no,sipho.reyes3@example.com,2004-02-29
HCA25004,Jasmine Zhou,HCA,HCA-101;HCA-102;HCA-103,no,jasmine.zhou4@example.com,2006-02-06
HCA25005,Aarav Mehta,HCA,HCA-101;HCA-102;HCA-103,no,aarav.mehta5@example.com,2005-08-05
HCA25006,Rahul Kumar,HCA,HCA-101;HCA-102;HCA-103,no,rahul.kumar6@example.com,2005-04-27
HCA25007,Lina Sen,HCA,HCA-101;HCA-102;HCA-103,no,lina.sen7@example.com,2005-04-30
HCA25008,Nora Novak,HCA,HCA-101;HCA-102;HCA-103,no,nora.novak8@example.com,2005-06-22
HCA25009,Sakura Suzuki,HCA,HCA-101;HCA-102;HCA-103,no,sakura.suzuki9@example.com,2004-07-19
HCA25010,David Castillo,HCA,HCA-101;HCA-102;HCA-103,no,david.castillo10@example.com,2006-05-10
HCA25011,Yusuf Pereira,HCA,HCA-101;HCA-102;HCA-103,no,yusuf.pereira11@example.com,2005-01-14
HCA25012,Mira Alvarez,HCA,HCA-101;HCA-102;HCA-103,no,mira.alvarez12@example.com,2004-11-08
HCA25013,Mateo Adeyemi,HCA,HCA-101;HCA-102;HCA-103,no,mateo.adeyemi13@example.com,2006-10-11
HCA25014,Hannah Novak,HCA,HCA-101;HCA-102;HCA-103,no,hannah.novak14@example.com,2004-08-12
HCA25015,Lucia Singh,HCA,HCA-101;HCA-102;HCA-103,no,lucia.singh15@example.com,2006-11-24
HCA25016,Oscar Castillo,HCA,HCA-101;HCA-102;HCA-103,no,oscar.castillo16@example.com,2005-05-19
HCA25017,Bianca Pereira,HCA,HCA-101;HCA-102;HCA-103,no,bianca.pereira17@example.com,2004-07-16
HCA25018,Bianca Tanaka,HCA,HCA-101;HCA-102;HCA-103,no,bianca.tanaka18@example.com,2005-12-31
HCA25019,Nadia Zhang,HCA,HCA-101;HCA-102;HCA-103,no,nadia.zhang19@example.com,2004-04-04
HCA25020,Oscar Kaur,HCA,HCA-101;HCA-102;HCA-103,no,oscar.kaur20@example.com,2004-08-16
HCA25021,Omar Barros,HCA,HCA-101;HCA-102;HCA-103,no,omar.barros21@example.com,2005-01-09
HCA25022,Mohammed Hansen,HCA,HCA-101;HCA-102;HCA-103,no,mohammed.hansen22@example.com,2004-07-04
HCA25023,Chen Kaur,HCA,HCA-101;HCA-102;HCA-103,no,chen.kaur23@example.com,2004-07-16
HCA25024,Arjun Verma,HCA,HCA-101;HCA-102;HCA-103,no,arjun.verma24@example.com,2006-06-01
HCA25025,Liam Fischer,HCA,HCA-101;HCA-102;HCA-103,no,liam.fischer25@example.com,2004-02-12
HCA25026,Ananya Ibrahim,HCA,HCA-101;HCA-102;HCA-103,no,ananya.ibrahim26@example.com,2006-06-13
HCA25027,Yara Oliveira,HCA,HCA-101;HCA-102;HCA-103,no,yara.oliveira27@example.com,2004-10-05
HCA25028,Nora Quinn,HCA,HCA-101;HCA-102;HCA-103,no,nora.quinn28@example.com,2005-12-18
HCA25029,Astrid Sen,HCA,HCA-101;HCA-102;HCA-103,no,astrid.sen29@example.com,2004-06-14
HCA25030,Zara Nair,HCA,HCA-101;HCA-102;HCA-103,no,zara.nair30@example.com,2006-11-30
HCA25031,Zoe Lopez,HCA,HCA-101;HCA-102;HCA-103,no,zoe.lopez31@example.com,2006-11-28
HCA25032,Divya Castillo,HCA,HCA-101;HCA-102;HCA-103,no,divya.castillo32@example.com,2004-12-22
HCA25033,Divya Patel,HCA,HCA-101;HCA-102;HCA-103,no,divya.patel33@example.com,2004-08-20
HCA25034,Ahmed Wagner,HCA,HCA-101;HCA-102;HCA-103,no,ahmed.wagner34@example.com,2004-03-31
HCA25035,Mira Kaur,HCA,HCA-101;HCA-102;HCA-103,no,mira.kaur35@example.com,2006-04-19
HCA25036,Leila Suzuki,HCA,HCA-101;HCA-102;HCA-103,no,leila.suzuki36@example.com,2006-09-06
HCA25037,Sara Alvarez,HCA,HCA-101;HCA-102;HCA-103,no,sara.alvarez37@example.com,2005-07-21
HCA25038,Naveen Patel,HCA,HCA-101;HCA-102;HCA-103,no,naveen.patel38@example.com,2005-05-23
HCA25039,Yara Dubois,HCA,HCA-101;HCA-102;HCA-103,no,yara.dubois39@example.com,2006-04-03
HCA25040,Chen Kamau,HCA,HCA-101;HCA-102;HCA-103,no,chen.kamau40@example.com,2004-06-15
HCA25041,Rania Hansen,HCA,HCA-101;HCA-102;HCA-103,no,rania.hansen41@example.com,2004-01-27
HCA25042,Adele Wang,HCA,HCA-101;HCA-102;HCA-103,no,adele.wang42@example.com,2006-04-23
HCA25043,Ayesha Banerjee,HCA,HCA-101;HCA-102;HCA-103,no,ayesha.banerjee43@example.com,2004-09-21
HCA25044,Rhea Dimitrov,HCA,HCA-101;HCA-102;HCA-103,no,rhea.dimitrov44@example.com,2004-09-08
HCA25045,Sara Silva,HCA,HCA-101;HCA-102;HCA-103,no,sara.silva45@example.com,2006-07-13
HCA25047,Rania Sen,HCA,HCA-101;HCA-102;HCA-103,no,rania.sen47@example.com,2006-11-03
HCA25048,Rohan Marino,HCA,HCA-101;HCA-102;HCA-103,no,rohan.marino48@example.com,2006-03-20
HCA25049,Lucia Dubois,HCA,HCA-101;HCA-102;HCA-103,no,lucia.dubois49@example.com,2005-05-18
HCA25051,Wei Lambert,HCA,HCA-101;HCA-102;HCA-103,no,wei.lambert51@example.com,2004-06-26
HCA25052,Ahmed Marino,HCA,HCA-101;HCA-102;HCA-103,no,ahmed.marino52@example.com,2006-05-21
HCA25053,Elif Osei,HCA,HCA-101;HCA-102;HCA-103,no,elif.osei53@example.com,2006-06-20
HCA25054,Dara Silva,HCA,HCA-101;HCA-102;HCA-103,no,dara.silva54@example.com,2004-07-13
HCA25055,Dara Nakamura,HCA,HCA-101;HCA-102;HCA-103,no,dara.nakamura55@example.com,2006-12-08
HCA25056,Chloe Pereira,HCA,HCA-101;HCA-102;HCA-103,no,chloe.pereira56@example.com,2004-09-03
HCA25057,Hannah Varga,HCA,HCA-101;HCA-102;HCA-103,no,hannah.varga57@example.com,2006-04-30
HCA25059,Ahmed Dimitrov,HCA,HCA-101;HCA-102;HCA-103,no,ahmed.dimitrov59@example.com,2005-05-13
HCA25060,Yara Osei,HCA,HCA-101;HCA-102;HCA-103,no,yara.osei60@example.com,2006-02-14
HCA25061,Sakura Pereira,HCA,HCA-101;HCA-102;HCA-103,no,sakura.pereira61@example.com,2005-01-13
HCA25062,Farah Banerjee,HCA,HCA-101;HCA-102;HCA-103,no,farah.banerjee62@example.com,2006-09-15
HCA25063,Mateo Eriksen,HCA,HCA-101;HCA-102;HCA-103,no,mateo.eriksen63@example.com,2005-10-25
HCA25065,Camila Singh,HCA,HCA-101;HCA-102;HCA-103,no,camila.singh65@example.com,2006-07-24
